SMILES,SA,LogP,MW,NumHeavyAtoms,lowest_mode1_affinity,pareto_rank
C#CC(N)c1c(O)c2ccc(O[C@@H]3OC(C)(C)[C@H](OC)[C@@H](OC(=O)c4ccc(C)[nH]4)[C@H]3O)c(C)c2oc1=O,4.74713149953154,2.19174,526.5420000000003,38,-7.8,1
CCCNc1c(O)c2ccc(O[C@@H]3OC(C)(C)[C@H](OC)[C@@H](OC(=O)c4ccc(C)[nH]4)[C@H]3O)c(C)c2oc1=O,4.391832895967465,3.3806400000000014,530.5740000000003,38,-6.8,1
CO[C@@H]1[C@@H](OC(=O)c2ccc(C)[nH]2)[C@@H](O)[C@H](Oc2ccc3c(O)c(C(N)(C(N)=O)C(N)=O)c(=O)oc3c2C)OC1(C)C,4.779730571070688,-0.3166599999999977,588.5700000000003,42,-6.3,1
CO[C@@H]1[C@@H](OC(=O)c2ccc(C)[nH]2)[C@@H](O)[C@H](Oc2ccc3c(O)c(NC4CC4)c(=O)oc3c2C)OC1(C)C,4.404078753955631,3.133040000000001,528.5580000000003,38,-7.1,1
C=CCNc1c(O)c2ccc(O[C@@H]3OC(C)(C)[C@H](OC)[C@@H](OC(=O)c4ccc(C)[nH]4)[C@H]3O)c(C)c2oc1=O,4.507237925553263,3.156640000000001,528.5580000000002,38,-7.1,1
CO[C@@H]1[C@@H](OC(=O)c2ccc(C)[nH]2)[C@@H](O)[C@H](Oc2ccc3c(O)c(NC(=O)[C@@H](C)N)c(=O)oc3c2C)OC1(C)C,4.537831959689111,1.84444,559.5720000000002,40,-7.0,1
CO[C@@H]1[C@@H](OC(=O)c2ccc(C)[nH]2)[C@@H](O)[C@H](Oc2ccc3c(O)c(OC[C@H](O)CN)c(=O)oc3c2C)OC1(C)C,4.599122079660882,1.2571399999999997,562.5720000000002,40,-7.2,1
CO[C@@H]1[C@@H](OC(=O)c2ccc(C)[nH]2)[C@@H](O)[C@H](Oc2ccc3c(O)c(C(N)CO)c(=O)oc3c2C)OC1(C)C,4.593167645909434,1.5508399999999998,532.5460000000003,38,-7.0,1
CO[C@@H]1[C@@H](OC(=O)c2ccc(C)[nH]2)[C@@H](O)[C@H](Oc2ccc3c(O)c(OCCN)c(=O)oc3c2C)OC1(C)C,4.399392363423086,1.89624,532.5460000000004,38,-7.9,1
CO[C@@H]1[C@@H](OC(=O)c2ccc(C)[nH]2)[C@@H](O)[C@H](Oc2ccc3c(O)c(NCc4ccccc4)c(=O)oc3c2C)OC1(C)C,4.295980137850062,4.170840000000003,578.6180000000002,42,-8.2,1
CO[C@@H]1[C@@H](OC(=O)c2ccc(C)[nH]2)[C@@H](O)[C@H](Oc2ccc3c(O)c(C[C@@H](N)C(N)=O)c(=O)oc3c2C)OC1(C)C,4.613256318663469,0.9138400000000004,559.5720000000002,40,-6.8,1
CO[C@@H]1[C@@H](OC(=O)c2ccc(C)[nH]2)[C@@H](O)[C@H](Oc2ccc3c(O)c(CC(=O)NCCN)c(=O)oc3c2C)OC1(C)C,4.430401275546953,1.1761400000000004,573.5990000000003,41,-7.3,1
CO[C@@H]1[C@@H](OC(=O)c2ccc(C)[nH]2)[C@@H](O)[C@H](Oc2ccc3c(O)c(CNS(=O)(=O)NCCN)c(=O)oc3c2C)OC1(C)C,4.644134066183767,0.4414400000000016,624.6690000000001,43,-7.3,1
CO[C@@H]1[C@@H](OC(=O)c2ccc(C)[nH]2)[C@@H](O)[C@H](Oc2ccc3c(O)c(OCCCCN)c(=O)oc3c2C)OC1(C)C,4.382767017609182,2.6764400000000013,560.6000000000004,40,-7.3,1
CO[C@@H]1[C@@H](OC(=O)c2ccc(C)[nH]2)[C@@H](O)[C@H](Oc2ccc3c(O)c(C[C@@H](N)CO)c(=O)oc3c2C)OC1(C)C,4.623086857088086,1.4208399999999994,546.5730000000003,39,-7.3,1
CO[C@@H]1[C@@H](OC(=O)c2ccc(C)[nH]2)[C@@H](O)[C@H](Oc2ccc3c(O)c(C4(N)CC4)c(=O)oc3c2C)OC1(C)C,4.556306383644836,2.506540000000001,528.5580000000003,38,-6.7,1
CO[C@@H]1[C@@H](OC(=O)c2ccc(C)[nH]2)[C@@H](O)[C@H](Oc2ccc3c(O)c(NCC(=O)NCCO)c(=O)oc3c2C)OC1(C)C,4.481838794912065,1.0791399999999998,589.5980000000002,42,-7.6,1
CO[C@@H]1[C@@H](OC(=O)c2ccc(C)[nH]2)[C@@H](O)[C@H](Oc2ccc3c(O)c(CC(N)(CO)CO)c(=O)oc3c2C)OC1(C)C,4.679652326185504,0.7833399999999995,576.5990000000003,41,-7.3,1
CO[C@@H]1[C@@H](OC(=O)c2ccc(C)[nH]2)[C@@H](O)[C@H](Oc2ccc3c(O)c(Cc4ccc(CN)cc4)c(=O)oc3c2C)OC1(C)C,4.353445756303601,3.608240000000002,592.6450000000002,43,-8.4,1
CO[C@@H]1[C@@H](OC(=O)c2ccc(C)[nH]2)[C@@H](O)[C@H](Oc2ccc3c(O)c(NC(=O)c4ccc(CN)cc4)c(=O)oc3c2C)OC1(C)C,4.353715865940586,3.269740000000001,621.6430000000001,45,-7.8,1
CO[C@@H]1[C@@H](OC(=O)c2ccc(C)[nH]2)[C@@H](O)[C@H](Oc2ccc3c(O)c(Nc4ccccc4)c(=O)oc3c2C)OC1(C)C,4.289359351024107,4.302340000000003,564.5910000000001,41,-8.2,1
CO[C@@H]1[C@@H](OC(=O)c2ccc(C)[nH]2)[C@@H](O)[C@H](Oc2ccc3c(O)c(Cn4nnnc4N)c(=O)oc3c2C)OC1(C)C,4.5987787663084045,1.1757399999999996,570.5590000000002,41,-7.7,1
CO[C@@H]1[C@@H](OC(=O)c2ccc(C)[nH]2)[C@@H](O)[C@H](Oc2ccc3c(O)c(CC(C)N)c(=O)oc3c2C)OC1(C)C,4.545379595125266,2.4484400000000006,530.5740000000003,38,-7.4,1
CO[C@@H]1[C@@H](OC(=O)c2ccc(C)[nH]2)[C@@H](O)[C@H](Oc2ccc3c(O)c(OCC(O)CN)c(=O)oc3c2C)OC1(C)C,4.599122079660882,1.2571399999999997,562.5720000000002,40,-6.9,1
CO[C@@H]1[C@@H](OC(=O)c2ccc(C)[nH]2)[C@@H](O)[C@H](Oc2ccc3c(O)c(NCCO)c(=O)oc3c2C)OC1(C)C,4.434023724369832,1.96294,532.5460000000003,38,-6.5,1
CO[C@@H]1[C@@H](OC(=O)c2ccc(C)[nH]2)[C@@H](O)[C@H](Oc2ccc3c(O)c(-c4ccc(N)cc4)c(=O)oc3c2C)OC1(C)C,4.328081557322699,3.807940000000002,564.5910000000002,41,-7.5,1
C#CCNc1c(O)c2ccc(O[C@@H]3OC(C)(C)[C@H](OC)[C@@H](OC(=O)c4ccc(C)[nH]4)[C@H]3O)c(C)c2oc1=O,4.569644138571015,2.60384,526.5420000000003,38,-7.6,1
CO[C@@H]1[C@@H](OC(=O)c2ccc(C)[nH]2)[C@@H](O)[C@H](Oc2ccc3c(O)c(C#CCN)c(=O)oc3c2C)OC1(C)C,4.568039848630186,1.8689400000000005,526.5420000000004,38,-7.4,1
CO[C@@H]1[C@@H](OC(=O)c2ccc(C)[nH]2)[C@@H](O)[C@H](Oc2ccc3c(O)c(CC(=O)NCCCN)c(=O)oc3c2C)OC1(C)C,4.426690166149522,1.56624,587.6260000000003,42,-7.3,1
CO[C@@H]1[C@@H](OC(=O)c2ccc(C)[nH]2)[C@@H](O)[C@H](Oc2ccc3c(O)c(NC(=O)c4ccc(N)cc4)c(=O)oc3c2C)OC1(C)C,4.342455000373613,3.3932400000000014,607.6160000000001,44,-7.9,1
CO[C@@H]1[C@@H](OC(=O)c2ccc(C)[nH]2)[C@@H](O)[C@H](Oc2ccc3c(O)c(OCCNC(=O)CN)c(=O)oc3c2C)OC1(C)C,4.447526821667918,1.0124400000000002,589.5980000000003,42,-7.2,1
CO[C@@H]1[C@@H](OC(=O)c2ccc(C)[nH]2)[C@@H](O)[C@H](Oc2ccc3c(O)c(C[C@H](N)CO)c(=O)oc3c2C)OC1(C)C,4.623086857088086,1.4208399999999994,546.5730000000003,39,-7.5,1
CCCCCNc1c(O)c2ccc(O[C@@H]3OC(C)(C)[C@H](OC)[C@@H](OC(=O)c4ccc(C)[nH]4)[C@H]3O)c(C)c2oc1=O,4.386981283343448,4.160840000000002,558.6280000000003,40,-7.2,1
CO[C@@H]1[C@@H](OC(=O)c2ccc(C)[nH]2)[C@@H](O)[C@H](Oc2ccc3c(O)c(C(N)(CO)CO)c(=O)oc3c2C)OC1(C)C,4.7253463882385525,0.6973399999999994,562.5720000000002,40,-7.1,1
CO[C@@H]1[C@@H](OC(=O)c2ccc(C)[nH]2)[C@@H](O)[C@H](Oc2ccc3c(O)c(CCCN)c(=O)oc3c2C)OC1(C)C,4.408813073482257,2.4500400000000004,530.5740000000004,38,-6.9,1
CO[C@@H]1[C@@H](OC(=O)c2ccc(C)[nH]2)[C@@H](O)[C@H](Oc2ccc3c(O)c(OCCCN)c(=O)oc3c2C)OC1(C)C,4.391470259363503,2.28634,546.5730000000003,39,-7.1,1
CO[C@@H]1[C@@H](OC(=O)c2ccc(C)[nH]2)[C@@H](O)[C@H](Oc2ccc3c(O)c(C(O)(CN)CO)c(=O)oc3c2C)OC1(C)C,4.828752472509622,0.6973399999999993,562.5720000000002,40,-6.7,1
CO[C@@H]1[C@@H](OC(=O)c2ccc(C)[nH]2)[C@@H](O)[C@H](Oc2ccc3c(O)c(-c4cccc(CN)c4)c(=O)oc3c2C)OC1(C)C,4.363019956254469,3.684440000000001,578.6180000000003,42,-8.3,1
CO[C@@H]1[C@@H](OC(=O)c2ccc(C)[nH]2)[C@@H](O)[C@H](Oc2ccc3c(O)c(NC(CO)CO)c(=O)oc3c2C)OC1(C)C,4.543039366361347,1.3238399999999997,562.5720000000002,40,-6.9,1
CO[C@@H]1[C@@H](OC(=O)c2ccc(C)[nH]2)[C@@H](O)[C@H](Oc2ccc3c(O)c(C4(N)CN(C)NC4=O)c(=O)oc3c2C)OC1(C)C,5.017657503134317,0.6893400000000014,586.5980000000002,42,-7.4,1
CO[C@@H]1[C@@H](OC(=O)c2ccc(C)[nH]2)[C@@H](O)[C@H](Oc2ccc3c(O)c(Cc4cccc(CN)c4)c(=O)oc3c2C)OC1(C)C,4.382454030382464,3.608240000000001,592.6450000000002,43,-7.9,1
CO[C@@H]1[C@@H](OC(=O)c2ccc(C)[nH]2)[C@@H](O)[C@H](Oc2ccc3c(O)c(NC(C(N)=O)C(N)=O)c(=O)oc3c2C)OC1(C)C,4.661767193408527,0.3098400000000001,588.5700000000002,42,-6.7,1
CO[C@@H]1[C@@H](OC(=O)c2ccc(C)[nH]2)[C@@H](O)[C@H](Oc2ccc3c(O)c(CNC(=O)c4ccc(N)cc4)c(=O)oc3c2C)OC1(C)C,4.369689191002622,3.070940000000001,621.6430000000001,45,-8.6,1
CO[C@@H]1[C@@H](OC(=O)c2ccc(C)[nH]2)[C@@H](O)[C@H](Oc2ccc3c(O)c(-c4ccc(CN)cc4)c(=O)oc3c2C)OC1(C)C,4.335099664477282,3.684440000000002,578.6180000000003,42,-7.6,1
CO[C@@H]1[C@@H](OC(=O)c2ccc(C)[nH]2)[C@@H](O)[C@H](Oc2ccc3c(O)c(CC(N)CO)c(=O)oc3c2C)OC1(C)C,4.623086857088086,1.4208399999999994,546.5730000000003,39,-7.4,1
CO[C@@H]1[C@@H](OC(=O)c2ccc(C)[nH]2)[C@@H](O)[C@H](Oc2ccc3c(O)c(CNC(=O)C(N)CO)c(=O)oc3c2C)OC1(C)C,4.593167219733507,0.4945400000000011,589.5980000000002,42,-7.8,1
CCCCNc1c(O)c2ccc(O[C@@H]3OC(C)(C)[C@H](OC)[C@@H](OC(=O)c4ccc(C)[nH]4)[C@H]3O)c(C)c2oc1=O,4.389060769787658,3.7707400000000018,544.6010000000002,39,-7.2,1
CO[C@@H]1[C@@H](OC(=O)c2ccc(C)[nH]2)[C@@H](O)[C@H](Oc2ccc3c(O)c(NC(=O)CCl)c(=O)oc3c2C)OC1(C)C,4.4157653640119845,2.73604,564.9750000000003,39,-7.7,2
CO[C@@H]1[C@@H](OC(=O)c2ccc(C)[nH]2)[C@@H](O)[C@H](Oc2ccc3c(O)c(Cc4ccc(N)cc4)c(=O)oc3c2C)OC1(C)C,4.345199001347309,3.731740000000002,578.6180000000003,42,-7.7,2
CO[C@@H]1[C@@H](OC(=O)c2ccc(C)[nH]2)[C@@H](O)[C@H](Oc2ccc3c(O)c(C[C@@H](O)CN)c(=O)oc3c2C)OC1(C)C,4.625101080600422,1.4208399999999994,546.5730000000003,39,-7.2,2
CO[C@@H]1[C@@H](OC(=O)c2ccc(C)[nH]2)[C@@H](O)[C@H](Oc2ccc3c(O)c(COC(=O)C(N)CO)c(=O)oc3c2C)OC1(C)C,4.646761551717313,0.9215399999999996,590.5820000000002,42,-7.2,2
CO[C@@H]1[C@@H](OC(=O)c2ccc(C)[nH]2)[C@@H](O)[C@H](Oc2ccc3c(O)c(Nc4ccc(C)cc4)c(=O)oc3c2C)OC1(C)C,4.319151521241206,4.610760000000004,578.6180000000002,42,-7.8,2
CO[C@@H]1[C@@H](OC(=O)c2ccc(C)[nH]2)[C@@H](O)[C@H](Oc2ccc3c(O)c(C4CC4N)c(=O)oc3c2C)OC1(C)C,4.717053342679528,2.37334,528.5580000000003,38,-7.5,2
CO[C@@H]1[C@@H](OC(=O)c2ccc(C)[nH]2)[C@@H](O)[C@H](Oc2ccc3c(O)c(NC(=O)COc4ccc(CN)cc4)c(=O)oc3c2C)OC1(C)C,4.396960574795712,3.034940000000001,651.6690000000002,47,-8.0,2
CO[C@@H]1[C@@H](OC(=O)c2ccc(C)[nH]2)[C@@H](O)[C@H](Oc2ccc3c(O)c(C(O)C(N)(CO)CO)c(=O)oc3c2C)OC1(C)C,4.89027260828999,0.27424,592.5980000000002,42,-7.0,2
CO[C@@H]1[C@@H](OC(=O)c2ccc(C)[nH]2)[C@@H](O)[C@H](Oc2ccc3c(O)c(C(O)C(N)CO)c(=O)oc3c2C)OC1(C)C,4.808144181228934,0.91174,562.5720000000002,40,-7.200000000000001,2
CO[C@@H]1[C@@H](OC(=O)c2ccc(C)[nH]2)[C@@H](O)[C@H](Oc2ccc3c(O)c(C(O)CN)c(=O)oc3c2C)OC1(C)C,4.609754800502413,1.55084,532.5460000000003,38,-6.8,2
CO[C@@H]1[C@@H](OC(=O)c2ccc(C)[nH]2)[C@@H](O)[C@H](Oc2ccc3c(O)c(NC(=O)COc4ccc(N)cc4)c(=O)oc3c2C)OC1(C)C,4.383757178827108,3.158440000000001,637.6420000000002,46,-8.2,2
CO[C@@H]1[C@@H](OC(=O)c2ccc(C)[nH]2)[C@@H](O)[C@H](Oc2ccc3c(O)c(NCC(C)O)c(=O)oc3c2C)OC1(C)C,4.595220819352237,2.35144,546.5730000000002,39,-7.2,2
CO[C@@H]1[C@@H](OC(=O)c2ccc(C)[nH]2)[C@@H](O)[C@H](Oc2ccc3c(O)c(C(N)(C#N)C(N)=O)c(=O)oc3c2C)OC1(C)C,4.920699736607901,0.7216200000000002,570.5550000000003,41,-7.0,2
CO[C@@H]1[C@@H](OC(=O)c2ccc(C)[nH]2)[C@@H](O)[C@H](Oc2ccc3c(O)c(CCNC(=O)CN)c(=O)oc3c2C)OC1(C)C,4.452380808513986,1.1761400000000004,573.5990000000003,41,-7.4,2
CO[C@@H]1[C@@H](OC(=O)c2ccc(C)[nH]2)[C@@H](O)[C@H](Oc2ccc3c(O)c(OCC(N)(CO)CO)c(=O)oc3c2C)OC1(C)C,4.668366870955014,0.6196400000000004,592.5980000000003,42,-7.7,2
CO[C@@H]1[C@@H](OC(=O)c2ccc(C)[nH]2)[C@@H](O)[C@H](Oc2ccc3c(O)c(Cn4cc(N)c(=O)[nH]c4=O)c(=O)oc3c2C)OC1(C)C,4.63002871620324,1.03924,612.5920000000001,44,-6.7,2
CO[C@@H]1[C@@H](OC(=O)c2ccc(C)[nH]2)[C@@H](O)[C@H](Oc2ccc3c(O)c(NC(=O)c4cccc(CN)c4)c(=O)oc3c2C)OC1(C)C,4.376745146337609,3.269740000000001,621.6430000000001,45,-8.0,2
CO[C@@H]1[C@@H](OC(=O)c2ccc(C)[nH]2)[C@@H](O)[C@H](Oc2ccc3c(O)c(NC(=O)c4ccccc4N)c(=O)oc3c2C)OC1(C)C,4.365123786133308,3.3932400000000014,607.6160000000001,44,-7.7,2
CO[C@@H]1[C@@H](OC(=O)c2ccc(C)[nH]2)[C@@H](O)[C@H](Oc2ccc3c(O)c(N(CCO)C(=O)CN)c(=O)oc3c2C)OC1(C)C,4.652222741400359,0.8427399999999995,589.5980000000003,42,-6.3,2
CO[C@@H]1[C@@H](OC(=O)c2ccc(C)[nH]2)[C@@H](O)[C@H](Oc2ccc3c(O)c(NC(=O)CNC(=O)c4ccc(N)cc4)c(=O)oc3c2C)OC1(C)C,4.41785304769475,2.50944,664.6680000000001,48,-8.1,2
CO[C@@H]1[C@@H](OC(=O)c2ccc(C)[nH]2)[C@@H](O)[C@H](Oc2ccc3c(O)c(COCCN)c(=O)oc3c2C)OC1(C)C,4.469610446279392,2.03404,546.5730000000003,39,-7.4,2
CO[C@@H]1[C@@H](OC(=O)c2ccc(C)[nH]2)[C@@H](O)[C@H](Oc2ccc3c(O)c(OCc4ccc(CN)cc4)c(=O)oc3c2C)OC1(C)C,4.351635960843844,3.596440000000002,608.6440000000002,44,-7.9,2
CO[C@@H]1[C@@H](OC(=O)c2ccc(C)[nH]2)[C@@H](O)[C@H](Oc2ccc3c(O)c(CC(=O)NCc4ccc(N)cc4)c(=O)oc3c2C)OC1(C)C,4.399397881431589,2.9998400000000016,635.6700000000002,46,-9.0,2
CO[C@@H]1[C@@H](OC(=O)c2ccc(C)[nH]2)[C@@H](O)[C@H](Oc2ccc3c(O)c(C(CN)(CO)CO)c(=O)oc3c2C)OC1(C)C,4.781352949886127,0.7398399999999998,576.5990000000003,41,-7.4,2
CO[C@@H]1[C@@H](OC(=O)c2ccc(C)[nH]2)[C@@H](O)[C@H](Oc2ccc3c(O)c(OCC(N)CO)c(=O)oc3c2C)OC1(C)C,4.630026949103366,1.25714,562.5720000000002,40,-7.5,2
CO[C@@H]1[C@@H](OC(=O)c2ccc(C)[nH]2)[C@@H](O)[C@H](Oc2ccc3c(O)c(-c4c(N)n(CCO)c(=O)[nH]c4=O)c(=O)oc3c2C)OC1(C)C,4.668012341516388,0.6502400000000002,642.6180000000002,46,-6.5,2
CO[C@@H]1[C@@H](OC(=O)c2ccc(C)[nH]2)[C@@H](O)[C@H](Oc2ccc3c(O)c(CNC(=O)Cn4cnc(N)n4)c(=O)oc3c2C)OC1(C)C,4.6072958907544805,1.0488399999999998,626.6230000000002,45,-7.9,2
CO[C@@H]1[C@@H](OC(=O)c2ccc(C)[nH]2)[C@@H](O)[C@H](Oc2ccc3c(O)c(Nc4ccc(-c5ccccc5)cc4)c(=O)oc3c2C)OC1(C)C,4.309264732945254,5.969340000000005,640.6890000000001,47,-8.4,2
CO[C@@H]1[C@@H](OC(=O)c2ccc(C)[nH]2)[C@@H](O)[C@H](Oc2ccc3c(O)c(CC(=O)Nc4ccc(CN)cc4)c(=O)oc3c2C)OC1(C)C,4.380658693060905,3.198640000000002,635.6700000000002,46,-8.3,2
C=C(CN)c1c(O)c2ccc(O[C@@H]3OC(C)(C)[C@H](OC)[C@@H](OC(=O)c4ccc(C)[nH]4)[C@H]3O)c(C)c2oc1=O,4.572448579313246,2.53064,528.5580000000002,38,-7.3,2
CO[C@@H]1[C@@H](OC(=O)c2ccc(C)[nH]2)[C@@H](O)[C@H](Oc2ccc3c(O)c(CS(=O)(=O)N4CCN(CCN)CC4)c(=O)oc3c2C)OC1(C)C,4.605931434848003,0.9648400000000013,678.7610000000001,47,-6.7,2
CO[C@@H]1[C@@H](OC(=O)c2ccc(C)[nH]2)[C@@H](O)[C@H](Oc2ccc3c(O)c(NC4COC4)c(=O)oc3c2C)OC1(C)C,4.530554227731583,2.36944,544.5570000000002,39,-7.2,2
CO[C@@H]1[C@@H](OC(=O)c2ccc(C)[nH]2)[C@@H](O)[C@H](Oc2ccc3c(O)c(Cn4nnc(N)n4)c(=O)oc3c2C)OC1(C)C,4.644403681216504,1.1757399999999996,570.5590000000002,41,-7.3,2
CO[C@@H]1[C@@H](OC(=O)c2ccc(C)[nH]2)[C@@H](O)[C@H](Oc2ccc3c(O)c(OCc4ccc(N)cc4)c(=O)oc3c2C)OC1(C)C,4.341705614092871,3.719940000000002,594.6170000000002,43,-8.7,2
CO[C@@H]1[C@@H](OC(=O)c2ccc(C)[nH]2)[C@@H](O)[C@H](Oc2ccc3c(O)c(CN4CC(O)(CN)C4)c(=O)oc3c2C)OC1(C)C,4.660091972169589,1.06414,587.6260000000003,42,-6.7,2
CO[C@@H]1[C@@H](OC(=O)c2ccc(C)[nH]2)[C@@H](O)[C@H](Oc2ccc3c(O)c(NC4CCC4)c(=O)oc3c2C)OC1(C)C,4.408374213353437,3.5231400000000024,542.5850000000003,39,-7.0,2
CO[C@@H]1[C@@H](OC(=O)c2ccc(C)[nH]2)[C@@H](O)[C@H](Oc2ccc3c(O)c(NCCF)c(=O)oc3c2C)OC1(C)C,4.524086298334329,2.9401400000000013,534.5370000000003,38,-7.0,2
CO[C@@H]1[C@@H](OC(=O)c2ccc(C)[nH]2)[C@@H](O)[C@H](Oc2ccc3c(O)c(Cn4nc(N)c(=O)n(C)c4=O)c(=O)oc3c2C)OC1(C)C,4.68291688697138,0.4446400000000006,627.6070000000002,45,-8.8,2
CO[C@@H]1[C@@H](OC(=O)c2ccc(C)[nH]2)[C@@H](O)[C@H](Oc2ccc3c(O)c(C(O)CNC(=O)CN)c(=O)oc3c2C)OC1(C)C,4.659639689369134,0.6670400000000001,589.5980000000002,42,-7.3,2
CO[C@@H]1[C@@H](OC(=O)c2ccc(C)[nH]2)[C@@H](O)[C@H](Oc2ccc3c(O)c(C[C@H](O)CN)c(=O)oc3c2C)OC1(C)C,4.625101080600422,1.4208399999999994,546.5730000000003,39,-7.2,2
CO[C@@H]1[C@@H](OC(=O)c2ccc(C)[nH]2)[C@@H](O)[C@H](Oc2ccc3c(O)c(NC4CCCC4)c(=O)oc3c2C)OC1(C)C,4.400153352895517,3.9132400000000014,556.6120000000003,40,-8.3,2
CO[C@@H]1[C@@H](OC(=O)c2ccc(C)[nH]2)[C@@H](O)[C@H](Oc2ccc3c(O)c(CN(C)CCN)c(=O)oc3c2C)OC1(C)C,4.495373029028954,1.9492399999999992,559.6160000000003,40,-6.0,2
CO[C@@H]1[C@@H](OC(=O)c2ccc(C)[nH]2)[C@@H](O)[C@H](Oc2ccc3c(O)c(CN4CCN(C(=O)CN)CC4)c(=O)oc3c2C)OC1(C)C,4.490391920531158,1.161640000000001,628.6790000000003,45,-7.6,2
CO[C@@H]1[C@@H](OC(=O)c2ccc(C)[nH]2)[C@@H](O)[C@H](Oc2ccc3c(O)c(NCCCO)c(=O)oc3c2C)OC1(C)C,4.439098440528133,2.35304,546.5730000000003,39,-7.1,2
CO[C@@H]1[C@@H](OC(=O)c2ccc(C)[nH]2)[C@@H](O)[C@H](Oc2ccc3c(O)c(CC(=O)Nc4ccc(N)cc4)c(=O)oc3c2C)OC1(C)C,4.368535717057211,3.322140000000002,621.6430000000001,45,-8.2,2
CO[C@@H]1[C@@H](OC(=O)c2ccc(C)[nH]2)[C@@H](O)[C@H](Oc2ccc3c(O)c(CC(O)CN)c(=O)oc3c2C)OC1(C)C,4.625101080600422,1.4208399999999994,546.5730000000003,39,-7.1,2
CO[C@@H]1[C@@H](OC(=O)c2ccc(C)[nH]2)[C@@H](O)[C@H](Oc2ccc3c(O)c(Cn4cnc(N)n4)c(=O)oc3c2C)OC1(C)C,4.567482782646049,1.780739999999999,569.5710000000003,41,-7.0,2
CO[C@@H]1[C@@H](OC(=O)c2ccc(C)[nH]2)[C@@H](O)[C@H](Oc2ccc3c(O)c(-c4cccc(N)c4)c(=O)oc3c2C)OC1(C)C,4.357320223081719,3.807940000000002,564.5910000000002,41,-7.6,2
CO[C@@H]1[C@@H](OC(=O)c2ccc(C)[nH]2)[C@@H](O)[C@H](Oc2ccc3c(O)c(Nc4ccc(F)cc4)c(=O)oc3c2C)OC1(C)C,4.330654571639085,4.441440000000003,582.5810000000001,42,-7.6,2
CNC(=O)C(N)COc1c(O)c2ccc(O[C@@H]3OC(C)(C)[C@H](OC)[C@@H](OC(=O)c4ccc(C)[nH]4)[C@H]3O)c(C)c2oc1=O,4.659548596251726,1.0108400000000006,589.5980000000002,42,-7.6,2
CO[C@@H]1[C@@H](OC(=O)c2ccc(C)[nH]2)[C@@H](O)[C@H](Oc2ccc3c(O)c(NC(C)C)c(=O)oc3c2C)OC1(C)C,4.43319256736403,3.3790400000000016,530.5740000000003,38,-7.0,2
COc1ccccc1Nc1c(O)c2ccc(O[C@@H]3OC(C)(C)[C@H](OC)[C@@H](OC(=O)c4ccc(C)[nH]4)[C@H]3O)c(C)c2oc1=O,4.338333668391512,4.310940000000002,594.6170000000002,43,-7.2,2
CO[C@@H]1[C@@H](OC(=O)c2ccc(C)[nH]2)[C@@H](O)[C@H](Oc2ccc3c(O)c(NCCC#N)c(=O)oc3c2C)OC1(C)C,4.514099303216845,2.8843200000000007,541.5570000000004,39,-7.3,2
COCCNc1c(O)c2ccc(O[C@@H]3OC(C)(C)[C@H](OC)[C@@H](OC(=O)c4ccc(C)[nH]4)[C@H]3O)c(C)c2oc1=O,4.416929065977449,2.6170400000000003,546.5730000000002,39,-7.0,2
CO[C@@H]1[C@@H](OC(=O)c2ccc(C)[nH]2)[C@@H](O)[C@H](Oc2ccc3c(O)c(Cn4c(N)n[nH]c4=O)c(=O)oc3c2C)OC1(C)C,4.642770835045843,1.0740399999999997,585.5700000000002,42,-6.9,2
CO[C@@H]1[C@@H](OC(=O)c2ccc(C)[nH]2)[C@@H](O)[C@H](Oc2ccc3c(O)c(C=CCN)c(=O)oc3c2C)OC1(C)C,4.558113221411252,2.530640000000001,528.5580000000003,38,-6.8,2
CO[C@@H]1[C@@H](OC(=O)c2ccc(C)[nH]2)[C@@H](O)[C@H](Oc2ccc3c(O)c(CC(=O)NCCCCN)c(=O)oc3c2C)OC1(C)C,4.427926694806773,1.9563399999999995,601.6530000000002,43,-7.7,2
CO[C@@H]1[C@@H](OC(=O)c2ccc(C)[nH]2)[C@@H](O)[C@H](Oc2ccc3c(O)c(Cn4nnc(C(N)=O)c4N)c(=O)oc3c2C)OC1(C)C,4.630151023895546,0.8796399999999994,612.5960000000001,44,-6.7,2
CO[C@@H]1[C@@H](OC(=O)c2ccc(C)[nH]2)[C@@H](O)[C@H](Oc2ccc3c(O)c(NC(=O)C(N)C(N)=O)c(=O)oc3c2C)OC1(C)C,4.735297387051052,0.3098400000000001,588.5700000000002,42,-7.3,2
CO[C@@H]1[C@@H](OC(=O)c2ccc(C)[nH]2)[C@@H](O)[C@H](Oc2ccc3c(O)c(CCCCN)c(=O)oc3c2C)OC1(C)C,4.40174617597026,2.8401400000000008,544.6010000000003,39,-7.0,2
CO[C@@H]1[C@@H](OC(=O)c2ccc(C)[nH]2)[C@@H](O)[C@H](Oc2ccc3c(O)c(NC[C@@H](C)O)c(=O)oc3c2C)OC1(C)C,4.595220819352237,2.35144,546.5730000000002,39,-7.0,2
CO[C@@H]1[C@@H](OC(=O)c2ccc(C)[nH]2)[C@@H](O)[C@H](Oc2ccc3c(O)c(CNS(=O)(=O)NCCCN)c(=O)oc3c2C)OC1(C)C,4.635699870049392,0.8315400000000012,638.6960000000001,44,-7.3,2
COc1ccc(CNc2c(O)c3ccc(O[C@@H]4OC(C)(C)[C@H](OC)[C@@H](OC(=O)c5ccc(C)[nH]5)[C@H]4O)c(C)c3oc2=O)cc1,4.3340297817770095,4.179440000000003,608.6440000000002,44,-8.7,2
CO[C@@H]1[C@@H](OC(=O)c2ccc(C)[nH]2)[C@@H](O)[C@H](Oc2ccc3c(O)c(Cc4ccc(CCN)cc4)c(=O)oc3c2C)OC1(C)C,4.368653110906896,3.6507400000000017,606.6720000000003,44,-8.4,2
CO[C@@H]1[C@@H](OC(=O)c2ccc(C)[nH]2)[C@@H](O)[C@H](Oc2ccc3c(O)c(N4CCN(CCN)CC4=O)c(=O)oc3c2C)OC1(C)C,4.623400327773488,1.1660400000000013,614.6520000000003,44,-5.9,2
CO[C@@H]1[C@@H](OC(=O)c2ccc(C)[nH]2)[C@@H](O)[C@H](Oc2ccc3c(O)c(-c4ccccc4CN)c(=O)oc3c2C)OC1(C)C,4.383728311692135,3.684440000000001,578.6180000000003,42,-6.2,2
CO[C@@H]1[C@@H](OC(=O)c2ccc(C)[nH]2)[C@@H](O)[C@H](Oc2ccc3c(O)c(C4CC(N)C4)c(=O)oc3c2C)OC1(C)C,4.533910937306613,2.763440000000001,542.5850000000003,39,-8.2,2
COc1ccc(Nc2c(O)c3ccc(O[C@@H]4OC(C)(C)[C@H](OC)[C@@H](OC(=O)c5ccc(C)[nH]5)[C@H]4O)c(C)c3oc2=O)cc1,4.31731311247684,4.310940000000002,594.6170000000003,43,-7.7,2
CCNC(=O)CNc1c(O)c2ccc(O[C@@H]3OC(C)(C)[C@H](OC)[C@@H](OC(=O)c4ccc(C)[nH]4)[C@H]3O)c(C)c2oc1=O,4.45196913268981,2.1067399999999994,573.5990000000003,41,-7.8,2
CO[C@@H]1[C@@H](OC(=O)c2ccc(C)[nH]2)[C@@H](O)[C@H](Oc2ccc3c(O)c(C(C)(C)N)c(=O)oc3c2C)OC1(C)C,4.556917058863393,2.7525400000000007,530.5740000000003,38,-6.2,2
CO[C@@H]1[C@@H](OC(=O)c2ccc(C)[nH]2)[C@@H](O)[C@H](Oc2ccc3c(O)c(NC[C@H](C)O)c(=O)oc3c2C)OC1(C)C,4.595220819352237,2.35144,546.5730000000002,39,-7.2,2
CO[C@@H]1[C@@H](OC(=O)c2ccc(C)[nH]2)[C@@H](O)[C@H](Oc2ccc3c(O)c(CC(C)(C)N)c(=O)oc3c2C)OC1(C)C,4.517153122668423,2.838540000000001,544.6010000000003,39,-7.3,2
CO[C@@H]1[C@@H](OC(=O)c2ccc(C)[nH]2)[C@@H](O)[C@H](Oc2ccc3c(O)c(OCCCCCN)c(=O)oc3c2C)OC1(C)C,4.387831999800576,3.0665400000000016,574.6270000000004,41,-6.8,2
CO[C@@H]1[C@@H](OC(=O)c2ccc(C)[nH]2)[C@@H](O)[C@H](Oc2ccc3c(O)c(COCCl)c(=O)oc3c2C)OC1(C)C,4.53946351726924,3.271640000000001,551.9760000000002,38,-6.6,3
CO[C@@H]1[C@@H](OC(=O)c2ccc(C)[nH]2)[C@@H](O)[C@H](Oc2ccc3c(O)c(CC(=O)NNC(=O)CCl)c(=O)oc3c2C)OC1(C)C,4.521824007012169,1.4874399999999997,622.027,43,-7.2,3
CO[C@@H]1[C@@H](OC(=O)c2ccc(C)[nH]2)[C@@H](O)[C@H](Oc2ccc3c(O)c(CNC(=O)CCl)c(=O)oc3c2C)OC1(C)C,4.442710643707853,2.41374,579.0020000000003,40,-7.6,3
CC[C@@H](N)Cc1c(O)c2ccc(O[C@@H]3OC(C)(C)[C@H](OC)[C@@H](OC(=O)c4ccc(C)[nH]4)[C@H]3O)c(C)c2oc1=O,4.575785260571395,2.838540000000001,544.6010000000002,39,-7.3,3
CO[C@@H]1[C@@H](OC(=O)c2ccc(C)[nH]2)[C@@H](O)[C@H](Oc2ccc3c(O)c(NC[C@@H](O)CO)c(=O)oc3c2C)OC1(C)C,4.630799285024326,1.3238399999999997,562.5720000000002,40,-7.0,3
CO[C@@H]1[C@@H](OC(=O)c2ccc(C)[nH]2)[C@@H](O)[C@H](Oc2ccc3c(O)c(CCCCCN)c(=O)oc3c2C)OC1(C)C,4.404463940686105,3.230240000000002,558.6280000000004,40,-7.1,3
CO[C@@H]1[C@@H](OC(=O)c2ccc(C)[nH]2)[C@@H](O)[C@H](Oc2ccc3c(O)c(OC(CN)CO)c(=O)oc3c2C)OC1(C)C,4.699365692928348,1.25714,562.5720000000002,40,-7.2,3
CO[C@@H]1[C@@H](OC(=O)c2ccc(C)[nH]2)[C@@H](O)[C@H](Oc2ccc3c(O)c(CC(=O)Nc4ccccc4N)c(=O)oc3c2C)OC1(C)C,4.3821105309529935,3.322140000000002,621.6430000000001,45,-8.2,3
CO[C@@H]1[C@@H](OC(=O)c2ccc(C)[nH]2)[C@@H](O)[C@H](Oc2ccc3c(O)c(CNC(=O)COc4ccc(N)cc4)c(=O)oc3c2C)OC1(C)C,4.418281521541273,2.836140000000001,651.6690000000002,47,-8.8,3
CO[C@@H]1[C@@H](OC(=O)c2ccc(C)[nH]2)[C@@H](O)[C@H](Oc2ccc3c(O)c(N[C@H](C)CO)c(=O)oc3c2C)OC1(C)C,4.5985478149981,2.35144,546.5730000000002,39,-7.3,3
CO[C@@H]1[C@@H](OC(=O)c2ccc(C)[nH]2)[C@@H](O)[C@H](Oc2ccc3c(O)c(NCC4COC4)c(=O)oc3c2C)OC1(C)C,4.55577974488191,2.6170400000000003,558.5840000000003,40,-7.8,3
CO[C@@H]1[C@@H](OC(=O)c2ccc(C)[nH]2)[C@@H](O)[C@H](Oc2ccc3c(O)c(Cn4c(=O)c(N)nn(C)c4=O)c(=O)oc3c2C)OC1(C)C,4.689498349770876,0.4446400000000006,627.6070000000002,45,-6.6,3
CNC(=O)C(N)C(O)c1c(O)c2ccc(O[C@@H]3OC(C)(C)[C@H](OC)[C@@H](OC(=O)c4ccc(C)[nH]4)[C@H]3O)c(C)c2oc1=O,4.8613793272203285,0.6654400000000009,589.5980000000002,42,-6.7,3
CO[C@@H]1[C@@H](OC(=O)c2ccc(C)[nH]2)[C@@H](O)[C@H](Oc2ccc3c(O)c(CCC(C)(C)N)c(=O)oc3c2C)OC1(C)C,4.530681003623169,3.228640000000002,558.6280000000003,40,-7.2,3
CO[C@@H]1[C@@H](OC(=O)c2ccc(C)[nH]2)[C@@H](O)[C@H](Oc2ccc3c(O)c(C(C)CN)c(=O)oc3c2C)OC1(C)C,4.5899104390386345,2.620940000000001,530.5740000000003,38,-6.9,3
CO[C@@H]1[C@@H](OC(=O)c2ccc(C)[nH]2)[C@@H](O)[C@H](Oc2ccc3c(O)c(N[C@H](C)C(N)=O)c(=O)oc3c2C)OC1(C)C,4.610160164817315,1.84444,559.5720000000002,40,-7.0,3
CO[C@@H]1[C@@H](OC(=O)c2ccc(C)[nH]2)[C@@H](O)[C@H](Oc2ccc3c(O)c(NCCNC(C)=O)c(=O)oc3c2C)OC1(C)C,4.454235204118382,2.1067399999999994,573.5990000000003,41,-7.5,3
CO[C@@H]1[C@@H](OC(=O)c2ccc(C)[nH]2)[C@@H](O)[C@H](Oc2ccc3c(O)c(C(N)C(CO)CO)c(=O)oc3c2C)OC1(C)C,4.785807648155812,1.1593399999999998,576.5990000000003,41,-6.6,3
CO[C@@H]1[C@@H](OC(=O)c2ccc(C)[nH]2)[C@@H](O)[C@H](Oc2ccc3c(O)c(C[C@@H](O)[C@H](N)CO)c(=O)oc3c2C)OC1(C)C,4.822837922363688,0.7817399999999995,576.5990000000003,41,-6.6,3
CO[C@@H]1[C@@H](OC(=O)c2ccc(C)[nH]2)[C@@H](O)[C@H](Oc2ccc3c(O)c(-c4ncnc(N)n4)c(=O)oc3c2C)OC1(C)C,4.560685914027943,1.99294,567.5550000000002,41,-8.2,3
CO[C@@H]1[C@@H](OC(=O)c2ccc(C)[nH]2)[C@@H](O)[C@H](Oc2ccc3c(O)c(NCc4ccc(F)cc4)c(=O)oc3c2C)OC1(C)C,4.345610462185953,4.309940000000003,596.6080000000002,43,-8.1,3
CO[C@@H]1[C@@H](OC(=O)c2ccc(C)[nH]2)[C@@H](O)[C@H](Oc2ccc3c(O)c(OC[C@H](C)N)c(=O)oc3c2C)OC1(C)C,4.574381051572846,2.28474,546.5730000000003,39,-7.1,3
CO[C@@H]1[C@@H](OC(=O)c2ccc(C)[nH]2)[C@@H](O)[C@H](Oc2ccc3c(O)c(C(N)CC#N)c(=O)oc3c2C)OC1(C)C,4.691520819352236,2.47222,541.5570000000004,39,-6.6,3
CO[C@@H]1[C@@H](OC(=O)c2ccc(C)[nH]2)[C@@H](O)[C@H](Oc2ccc3c(O)c(C(N)C(=O)NCCO)c(=O)oc3c2C)OC1(C)C,4.666007705563466,0.6670400000000001,589.5980000000002,42,-7.1,3
CO[C@@H]1[C@@H](OC(=O)c2ccc(C)[nH]2)[C@@H](O)[C@H](Oc2ccc3c(O)c(C4[C@@H](N)[C@@H]4CO)c(=O)oc3c2C)OC1(C)C,4.983832031125585,1.59174,558.5840000000002,40,-7.4,3
CO[C@@H]1[C@@H](OC(=O)c2ccc(C)[nH]2)[C@@H](O)[C@H](Oc2ccc3c(O)c(OCC(C)N)c(=O)oc3c2C)OC1(C)C,4.574381051572846,2.28474,546.5730000000003,39,-6.8,3
CO[C@@H]1[C@@H](OC(=O)c2ccc(C)[nH]2)[C@@H](O)[C@H](Oc2ccc3c(O)c(C(CN)CO)c(=O)oc3c2C)OC1(C)C,4.659924157523499,1.5933399999999998,546.5730000000003,39,-6.8,3
COc1cccc(Nc2c(O)c3ccc(O[C@@H]4OC(C)(C)[C@H](OC)[C@@H](OC(=O)c5ccc(C)[nH]5)[C@H]4O)c(C)c3oc2=O)c1,4.347526816419955,4.310940000000002,594.6170000000003,43,-6.9,3
CO[C@@H]1[C@@H](OC(=O)c2ccc(C)[nH]2)[C@@H](O)[C@H](Oc2ccc3c(O)c(CC(C)NC(=O)CN)c(=O)oc3c2C)OC1(C)C,4.617193940381281,1.5646400000000005,587.6260000000002,42,-7.8,3
CO[C@@H]1[C@@H](OC(=O)c2ccc(C)[nH]2)[C@@H](O)[C@H](Oc2ccc3c(O)c(OCc4ccc(CCN)cc4)c(=O)oc3c2C)OC1(C)C,4.368287183062175,3.6389400000000016,622.6710000000002,45,-7.8,3
CO[C@@H]1[C@@H](OC(=O)c2ccc(C)[nH]2)[C@@H](O)[C@H](Oc2ccc3c(O)c(NCCCCO)c(=O)oc3c2C)OC1(C)C,4.438969814811979,2.743140000000001,560.6000000000003,40,-7.3,3
CO[C@@H]1[C@@H](OC(=O)c2ccc(C)[nH]2)[C@@H](O)[C@H](Oc2ccc3c(O)c(Nc4ccc(Cl)cc4)c(=O)oc3c2C)OC1(C)C,4.327572608774363,4.955740000000004,599.0360000000001,42,-7.0,3
CO[C@@H]1[C@@H](OC(=O)c2ccc(C)[nH]2)[C@@H](O)[C@H](Oc2ccc3c(O)c(CN(CCN)CCO)c(=O)oc3c2C)OC1(C)C,4.562266888557549,1.31174,589.6420000000003,42,-7.0,3
CO[C@@H]1[C@@H](OC(=O)c2ccc(C)[nH]2)[C@@H](O)[C@H](Oc2ccc3c(O)c(CNC(=O)c4cccc(CN)c4)c(=O)oc3c2C)OC1(C)C,4.404270201237768,2.947440000000001,635.6700000000002,46,-8.2,3
CO[C@@H]1[C@@H](OC(=O)c2ccc(C)[nH]2)[C@@H](O)[C@H](Oc2ccc3c(O)c(NCC4(O)CC4)c(=O)oc3c2C)OC1(C)C,4.567554680405102,2.49554,558.5840000000003,40,-7.3,3
CO[C@@H]1[C@@H](OC(=O)c2ccc(C)[nH]2)[C@@H](O)[C@H](Oc2ccc3c(O)c(C(N)CF)c(=O)oc3c2C)OC1(C)C,4.681705061891511,2.5280400000000007,534.5370000000003,38,-7.1,3
CCN(Cc1c(O)c2ccc(O[C@@H]3OC(C)(C)[C@H](OC)[C@@H](OC(=O)c4ccc(C)[nH]4)[C@H]3O)c(C)c2oc1=O)C(=O)CN,4.53623205314125,1.86594,587.6260000000001,42,-5.2,3
CO[C@@H]1[C@@H](OC(=O)c2ccc(C)[nH]2)[C@@H](O)[C@H](Oc2ccc3c(O)c(C[C@@H](O)[C@@H](N)CO)c(=O)oc3c2C)OC1(C)C,4.822837922363688,0.7817399999999995,576.5990000000003,41,-6.9,3
COCCCNc1c(O)c2ccc(O[C@@H]3OC(C)(C)[C@H](OC)[C@@H](OC(=O)c4ccc(C)[nH]4)[C@H]3O)c(C)c2oc1=O,4.421971772853937,3.007140000000001,560.6000000000003,40,-7.2,3
CO[C@@H]1[C@@H](OC(=O)c2ccc(C)[nH]2)[C@@H](O)[C@H](Oc2ccc3c(O)c(C(C#N)NC(=O)CN)c(=O)oc3c2C)OC1(C)C,4.7553736974663,1.1983199999999992,584.5820000000002,42,-6.6,3
CO[C@@H]1[C@@H](OC(=O)c2ccc(C)[nH]2)[C@@H](O)[C@H](Oc2ccc3c(O)c(O[C@H](CN)CO)c(=O)oc3c2C)OC1(C)C,4.699365692928348,1.25714,562.5720000000002,40,-7.4,3
CO[C@@H]1[C@@H](OC(=O)c2ccc(C)[nH]2)[C@@H](O)[C@H](Oc2ccc3c(O)c(C(N)C(=O)NCC#N)c(=O)oc3c2C)OC1(C)C,4.753549405968323,1.19832,584.5820000000002,42,-5.8,3
CO[C@@H]1[C@@H](OC(=O)c2ccc(C)[nH]2)[C@@H](O)[C@H](Oc2ccc3c(O)c(C4CN(CCN)C4)c(=O)oc3c2C)OC1(C)C,4.573780671151349,1.91664,571.6270000000003,41,-7.7,3
CO[C@@H]1[C@@H](OC(=O)c2ccc(C)[nH]2)[C@@H](O)[C@H](Oc2ccc3c(O)c(OC[C@@H](C)N)c(=O)oc3c2C)OC1(C)C,4.574381051572846,2.28474,546.5730000000003,39,-6.9,3
CNS(=O)(=O)NCC(N)c1c(O)c2ccc(O[C@@H]3OC(C)(C)[C@H](OC)[C@@H](OC(=O)c4ccc(C)[nH]4)[C@H]3O)c(C)c2oc1=O,4.822682573769806,0.6123400000000023,624.6690000000003,43,-8.1,3
CO[C@@H]1[C@@H](OC(=O)c2ccc(C)[nH]2)[C@@H](O)[C@H](Oc2ccc3c(O)c(CC(=O)NCc4ccc(CN)cc4)c(=O)oc3c2C)OC1(C)C,4.412240338109321,2.876340000000001,649.6970000000002,47,-8.9,3
CO[C@@H]1[C@@H](OC(=O)c2ccc(C)[nH]2)[C@@H](O)[C@H](Oc2ccc3c(O)c(-c4n[nH]c(N)nc4=O)c(=O)oc3c2C)OC1(C)C,4.623763075848519,1.2862399999999994,583.5540000000002,42,-8.2,3
CO[C@@H]1[C@@H](OC(=O)c2ccc(C)[nH]2)[C@@H](O)[C@H](Oc2ccc3c(O)c(CC(O)C(N)CO)c(=O)oc3c2C)OC1(C)C,4.822837922363688,0.7817399999999995,576.5990000000003,41,-6.6,3
CO[C@@H]1[C@@H](OC(=O)c2ccc(C)[nH]2)[C@@H](O)[C@H](Oc2ccc3c(O)c(NCC(=O)NCC#N)c(=O)oc3c2C)OC1(C)C,4.56710822635019,1.6104199999999995,584.5820000000002,42,-6.9,3
CO[C@@H]1[C@@H](OC(=O)c2ccc(C)[nH]2)[C@@H](O)[C@H](Oc2ccc3c(O)c(COCCCN)c(=O)oc3c2C)OC1(C)C,4.468944220406386,2.4241400000000004,560.6000000000004,40,-7.4,3
CO[C@@H]1[C@@H](OC(=O)c2ccc(C)[nH]2)[C@@H](O)[C@H](Oc2ccc3c(O)c(Cn4c(N)cc(=O)[nH]c4=O)c(=O)oc3c2C)OC1(C)C,4.646842562357085,1.03924,612.5920000000001,44,-6.0,3
CO[C@@H]1[C@@H](OC(=O)c2ccc(C)[nH]2)[C@@H](O)[C@H](Oc2ccc3c(O)c(CNC(=O)c4ccccc4N)c(=O)oc3c2C)OC1(C)C,4.391302590506343,3.070940000000002,621.6430000000001,45,-8.3,3
CO[C@@H]1[C@@H](OC(=O)c2ccc(C)[nH]2)[C@@H](O)[C@H](Oc2ccc3c(O)c(Nc4ccccc4C)c(=O)oc3c2C)OC1(C)C,4.333983616731922,4.610760000000004,578.6180000000002,42,-7.0,3
CO[C@@H]1[C@@H](OC(=O)c2ccc(C)[nH]2)[C@@H](O)[C@H](Oc2ccc3c(O)c(C4(N)COC4)c(=O)oc3c2C)OC1(C)C,4.638522548337093,1.74294,544.5570000000004,39,-7.6,3
CO[C@@H]1[C@@H](OC(=O)c2ccc(C)[nH]2)[C@@H](O)[C@H](Oc2ccc3c(O)c(NCC(O)CO)c(=O)oc3c2C)OC1(C)C,4.630799285024326,1.3238399999999997,562.5720000000002,40,-7.1,3
CO[C@@H]1[C@@H](OC(=O)c2ccc(C)[nH]2)[C@@H](O)[C@H](Oc2ccc3c(O)c(C4(N)CCC4)c(=O)oc3c2C)OC1(C)C,4.556920371268879,2.8966400000000005,542.5850000000004,39,-6.4,3
CO[C@@H]1[C@@H](OC(=O)c2ccc(C)[nH]2)[C@@H](O)[C@H](Oc2ccc3c(O)c(CCN(C)C(=O)CN)c(=O)oc3c2C)OC1(C)C,4.548285494436795,1.5183399999999994,587.6260000000003,42,-7.7,3
CO[C@@H]1[C@@H](OC(=O)c2ccc(C)[nH]2)[C@@H](O)[C@H](Oc2ccc3c(O)c(Nc4nnnn4C)c(=O)oc3c2C)OC1(C)C,4.60651668325871,1.82584,570.5590000000002,41,-8.3,3
CO[C@@H]1[C@@H](OC(=O)c2ccc(C)[nH]2)[C@@H](O)[C@H](Oc2ccc3c(O)c(OCCOCCN)c(=O)oc3c2C)OC1(C)C,4.457404634245777,1.912839999999999,576.5990000000004,41,-6.8,3
CO[C@@H]1[C@@H](OC(=O)c2ccc(C)[nH]2)[C@@H](O)[C@H](Oc2ccc3c(O)c(CNC(=O)N4CC(N)C4)c(=O)oc3c2C)OC1(C)C,4.545782586893825,1.41124,600.6250000000002,43,-8.2,3
CO[C@@H]1[C@@H](OC(=O)c2ccc(C)[nH]2)[C@@H](O)[C@H](Oc2ccc3c(O)c(Cc4cccc(N)c4)c(=O)oc3c2C)OC1(C)C,4.373662396572772,3.731740000000002,578.6180000000003,42,-7.7,3
CCCNC(=O)CNc1c(O)c2ccc(O[C@@H]3OC(C)(C)[C@H](OC)[C@@H](OC(=O)c4ccc(C)[nH]4)[C@H]3O)c(C)c2oc1=O,4.440641069159556,2.49684,587.6260000000002,42,-7.6,3
CO[C@@H]1[C@@H](OC(=O)c2ccc(C)[nH]2)[C@@H](O)[C@H](Oc2ccc3c(O)c(CC(=O)N4CC(CN)C4)c(=O)oc3c2C)OC1(C)C,4.533001521805067,1.5183400000000002,599.6370000000003,43,-6.9,3
CO[C@@H]1[C@@H](OC(=O)c2ccc(C)[nH]2)[C@@H](O)[C@H](Oc2ccc3c(O)c(C4(N)CONC4=O)c(=O)oc3c2C)OC1(C)C,5.020647973371137,0.77414,573.5550000000003,41,-7.8,3
CO[C@@H]1[C@@H](OC(=O)c2ccc(C)[nH]2)[C@@H](O)[C@H](Oc2ccc3c(O)c(C(N)C(CO)(CO)CO)c(=O)oc3c2C)OC1(C)C,4.911225146714103,0.5218399999999999,606.6250000000002,43,-7.2,3
CO[C@@H]1[C@@H](OC(=O)c2ccc(C)[nH]2)[C@@H](O)[C@H](Oc2ccc3c(O)c(CN4CC(N)C(=O)N4)c(=O)oc3c2C)OC1(C)C,4.9639888814127895,0.7328400000000013,586.5980000000002,42,-8.4,3
CO[C@@H]1[C@@H](OC(=O)c2ccc(C)[nH]2)[C@@H](O)[C@H](Oc2ccc3c(O)c(-c4ccccc4N)c(=O)oc3c2C)OC1(C)C,4.357556710488119,3.807940000000002,564.5910000000002,41,-8.5,3
CO[C@@H]1[C@@H](OC(=O)c2ccc(C)[nH]2)[C@@H](O)[C@H](Oc2ccc3c(O)c(NCCOCCO)c(=O)oc3c2C)OC1(C)C,4.497304838466335,1.9795399999999992,576.5990000000003,41,-6.9,3
CO[C@@H]1[C@@H](OC(=O)c2ccc(C)[nH]2)[C@@H](O)[C@H](Oc2ccc3c(O)c(CCOCCN)c(=O)oc3c2C)OC1(C)C,4.490052052574217,2.07654,560.6000000000004,40,-7.3,3
CO[C@@H]1[C@@H](OC(=O)c2ccc(C)[nH]2)[C@@H](O)[C@H](Oc2ccc3c(O)c(C(C#N)CN)c(=O)oc3c2C)OC1(C)C,4.750054781616387,2.12462,541.5570000000004,39,-7.0,3
CO[C@@H]1[C@@H](OC(=O)c2ccc(C)[nH]2)[C@@H](O)[C@H](Oc2ccc3c(O)c(C(N)[C@@H](O)CO)c(=O)oc3c2C)OC1(C)C,4.8144762325109856,0.91174,562.5720000000002,40,-7.3,3
CO[C@@H]1[C@@H](OC(=O)c2ccc(C)[nH]2)[C@@H](O)[C@H](Oc2ccc3c(O)c(NC(C)CO)c(=O)oc3c2C)OC1(C)C,4.5985478149981,2.35144,546.5730000000002,39,-7.2,3
C=C(CN)Cc1c(O)c2ccc(O[C@@H]3OC(C)(C)[C@H](OC)[C@@H](OC(=O)c4ccc(C)[nH]4)[C@H]3O)c(C)c2oc1=O,4.627527918438689,2.616140000000001,542.5850000000003,39,-7.2,3
CO[C@@H]1[C@@H](OC(=O)c2ccc(C)[nH]2)[C@@H](O)[C@H](Oc2ccc3c(O)c(Nc4ccccc4F)c(=O)oc3c2C)OC1(C)C,4.352714120710703,4.441440000000003,582.5810000000001,42,-7.5,3
CO[C@@H]1[C@@H](OC(=O)c2ccc(C)[nH]2)[C@@H](O)[C@H](Oc2ccc3c(O)c(NCC4CC4)c(=O)oc3c2C)OC1(C)C,4.434530503791972,3.3806400000000014,542.5850000000003,39,-7.8,3
CNS(=O)(=O)NCCNc1c(O)c2ccc(O[C@@H]3OC(C)(C)[C@H](OC)[C@@H](OC(=O)c4ccc(C)[nH]4)[C@H]3O)c(C)c2oc1=O,4.641573119438204,1.0244400000000016,624.6690000000003,43,-7.9,3
C=CC(N)c1c(O)c2ccc(O[C@@H]3OC(C)(C)[C@H](OC)[C@@H](OC(=O)c4ccc(C)[nH]4)[C@H]3O)c(C)c2oc1=O,4.685951663833256,2.7445400000000006,528.5580000000002,38,-6.9,3
CO[C@@H]1[C@@H](OC(=O)c2ccc(C)[nH]2)[C@@H](O)[C@H](Oc2ccc3c(O)c(C(N)C(O)CO)c(=O)oc3c2C)OC1(C)C,4.8144762325109856,0.91174,562.5720000000002,40,-7.4,3
CNC(=O)C(N)(CO)c1c(O)c2ccc(O[C@@H]3OC(C)(C)[C@H](OC)[C@@H](OC(=O)c4ccc(C)[nH]4)[C@H]3O)c(C)c2oc1=O,4.9135390480449255,0.451040000000002,589.5980000000002,42,-7.0,3
CO[C@@H]1[C@@H](OC(=O)c2ccc(C)[nH]2)[C@@H](O)[C@H](Oc2ccc3c(O)c(C4OCC4N)c(=O)oc3c2C)OC1(C)C,4.850742003947461,1.95734,544.5570000000002,39,-7.2,3
CO[C@@H]1[C@@H](OC(=O)c2ccc(C)[nH]2)[C@@H](O)[C@H](Oc2ccc3c(O)c(CN4CCN(CCN)CC4=O)c(=O)oc3c2C)OC1(C)C,4.614103955270611,1.161640000000001,628.6790000000003,45,-6.9,3
CO[C@@H]1[C@@H](OC(=O)c2ccc(C)[nH]2)[C@@H](O)[C@H](Oc2ccc3c(O)c(CC(N)C(O)CO)c(=O)oc3c2C)OC1(C)C,4.818423369349135,0.7817399999999997,576.5990000000003,41,-7.6,3
CCC(N)Cc1c(O)c2ccc(O[C@@H]3OC(C)(C)[C@H](OC)[C@@H](OC(=O)c4ccc(C)[nH]4)[C@H]3O)c(C)c2oc1=O,4.575785260571395,2.838540000000001,544.6010000000002,39,-7.3,3
CO[C@@H]1[C@@H](OC(=O)c2ccc(C)[nH]2)[C@@H](O)[C@H](Oc2ccc3c(O)c(CC(O)C(O)CN)c(=O)oc3c2C)OC1(C)C,4.835580126105892,0.7817399999999994,576.5990000000003,41,-6.3,3
CO[C@@H]1[C@@H](OC(=O)c2ccc(C)[nH]2)[C@@H](O)[C@H](Oc2ccc3c(O)c(N[C@@H](C)CO)c(=O)oc3c2C)OC1(C)C,4.5985478149981,2.35144,546.5730000000002,39,-6.6,3
CO[C@@H]1[C@@H](OC(=O)c2ccc(C)[nH]2)[C@@H](O)[C@H](Oc2ccc3c(O)c(NC(=O)c4cccc(N)c4)c(=O)oc3c2C)OC1(C)C,4.368359895478509,3.3932400000000014,607.6160000000001,44,-8.0,3
CO[C@@H]1[C@@H](OC(=O)c2ccc(C)[nH]2)[C@@H](O)[C@H](Oc2ccc3c(O)c(C(O)CCN)c(=O)oc3c2C)OC1(C)C,4.613773359265153,1.94094,546.5730000000003,39,-7.4,3
CCC(N)c1c(O)c2ccc(O[C@@H]3OC(C)(C)[C@H](OC)[C@@H](OC(=O)c4ccc(C)[nH]4)[C@H]3O)c(C)c2oc1=O,4.573036951361264,2.968540000000001,530.5740000000003,38,-6.8,3
COCC(N)c1c(O)c2ccc(O[C@@H]3OC(C)(C)[C@H](OC)[C@@H](OC(=O)c4ccc(C)[nH]4)[C@H]3O)c(C)c2oc1=O,4.616050137204196,2.204940000000001,546.5730000000002,39,-7.1,3
CO[C@@H]1[C@@H](OC(=O)c2ccc(C)[nH]2)[C@@H](O)[C@H](Oc2ccc3c(O)c(COc4ccc(N)cc4)c(=O)oc3c2C)OC1(C)C,4.360077947641676,3.719940000000002,594.6170000000002,43,-8.3,3
CO[C@@H]1[C@@H](OC(=O)c2ccc(C)[nH]2)[C@@H](O)[C@H](Oc2ccc3c(O)c(NCCOc4ccccc4)c(=O)oc3c2C)OC1(C)C,4.349660507948079,4.049640000000003,608.6440000000001,44,-8.2,3
CO[C@@H]1[C@@H](OC(=O)c2ccc(C)[nH]2)[C@@H](O)[C@H](Oc2ccc3c(O)c(CCCNC(=O)CN)c(=O)oc3c2C)OC1(C)C,4.461934045748184,1.56624,587.6260000000003,42,-8.0,3
CO[C@@H]1[C@@H](OC(=O)c2ccc(C)[nH]2)[C@@H](O)[C@H](Oc2ccc3c(O)c(NCC(CO)CO)c(=O)oc3c2C)OC1(C)C,4.616488638184316,1.5714399999999993,576.5990000000003,41,-7.3,3
CO[C@@H]1[C@@H](OC(=O)c2ccc(C)[nH]2)[C@@H](O)[C@H](Oc2ccc3c(O)c(NCc4ccc(C)cc4)c(=O)oc3c2C)OC1(C)C,4.334397404655249,4.479260000000004,592.6450000000002,43,-8.2,3
CO[C@@H]1[C@@H](OC(=O)c2ccc(C)[nH]2)[C@@H](O)[C@H](Oc2ccc3c(O)c(OCCCCCCN)c(=O)oc3c2C)OC1(C)C,4.394510407182851,3.456640000000002,588.6540000000003,42,-7.2,3
CO[C@@H]1[C@@H](OC(=O)c2ccc(C)[nH]2)[C@@H](O)[C@H](Oc2ccc3c(O)c(-c4c(N)n(C)c(=O)[nH]c4=O)c(=O)oc3c2C)OC1(C)C,4.628267665783072,1.1949399999999992,612.5920000000001,44,-6.9,3
CO[C@@H]1[C@@H](OC(=O)c2ccc(C)[nH]2)[C@@H](O)[C@H](Oc2ccc3c(O)c(NCCN4CCC4)c(=O)oc3c2C)OC1(C)C,4.430029685300917,2.6763400000000006,571.6270000000003,41,-7.5,3
CO[C@@H]1[C@@H](OC(=O)c2ccc(C)[nH]2)[C@@H](O)[C@H](Oc2ccc3c(O)c(C(C)NC(=O)CN)c(=O)oc3c2C)OC1(C)C,4.594117003665167,1.694639999999999,573.5990000000003,41,-7.2,3
CO[C@@H]1[C@@H](OC(=O)c2ccc(C)[nH]2)[C@@H](O)[C@H](Oc2ccc3c(O)c(CC(=O)N4CCN(CCN)CC4)c(=O)oc3c2C)OC1(C)C,4.4986987899718685,1.2041400000000009,642.7060000000004,46,-7.7,3
CC[C@H](N)Cc1c(O)c2ccc(O[C@@H]3OC(C)(C)[C@H](OC)[C@@H](OC(=O)c4ccc(C)[nH]4)[C@H]3O)c(C)c2oc1=O,4.575785260571395,2.838540000000001,544.6010000000002,39,-7.1,3
CO[C@@H]1[C@@H](OC(=O)c2ccc(C)[nH]2)[C@@H](O)[C@H](Oc2ccc3c(O)c(NCCN(C)C)c(=O)oc3c2C)OC1(C)C,4.454646282381108,2.53224,559.6160000000002,40,-6.9,3
CO[C@@H]1[C@@H](OC(=O)c2ccc(C)[nH]2)[C@@H](O)[C@H](Oc2ccc3c(O)c(Cc4nc(N)n[nH]4)c(=O)oc3c2C)OC1(C)C,4.600017568214463,1.849839999999999,569.5710000000003,41,-7.9,3
CO[C@@H]1[C@@H](OC(=O)c2ccc(C)[nH]2)[C@@H](O)[C@H](Oc2ccc3c(O)c(-c4nc(N)no4)c(=O)oc3c2C)OC1(C)C,4.5687359686581335,2.1909399999999994,556.5280000000002,40,-8.4,3
CO[C@@H]1[C@@H](OC(=O)c2ccc(C)[nH]2)[C@@H](O)[C@H](Oc2ccc3c(O)c(C4(CN)CC4)c(=O)oc3c2C)OC1(C)C,4.589068266769605,2.5490400000000006,542.5850000000004,39,-7.5,3
CO[C@@H]1[C@@H](OC(=O)c2ccc(C)[nH]2)[C@@H](O)[C@H](Oc2ccc3c(O)c(NC(=O)CCCl)c(=O)oc3c2C)OC1(C)C,4.4245848850628295,3.1261400000000013,579.0020000000003,40,-8.0,4
CO[C@@H]1[C@@H](OC(=O)c2ccc(C)[nH]2)[C@@H](O)[C@H](Oc2ccc3c(O)c(OCCCCl)c(=O)oc3c2C)OC1(C)C,4.4191651551219495,3.566440000000002,566.0030000000003,39,-7.0,4
CO[C@@H]1[C@@H](OC(=O)c2ccc(C)[nH]2)[C@@H](O)[C@H](Oc2ccc3c(O)c(CC(=O)NCCCl)c(=O)oc3c2C)OC1(C)C,4.45790567115135,2.45624,593.0290000000002,41,-7.4,4
CO[C@@H]1[C@@H](OC(=O)c2ccc(C)[nH]2)[C@@H](O)[C@H](Oc2ccc3c(O)c(NC(=O)CCCCl)c(=O)oc3c2C)OC1(C)C,4.423965286535965,3.5162400000000016,593.0290000000002,41,-7.8,4
CO[C@@H]1[C@@H](OC(=O)c2ccc(C)[nH]2)[C@@H](O)[C@H](Oc2ccc3c(O)c(CNC(=O)CCCl)c(=O)oc3c2C)OC1(C)C,4.449816797524975,2.803840000000001,593.0290000000002,41,-7.4,4
CO[C@@H]1[C@@H](OC(=O)c2ccc(C)[nH]2)[C@@H](O)[C@H](Oc2ccc3c(O)c(CC(CN)CO)c(=O)oc3c2C)OC1(C)C,4.678145509442109,1.66844,560.6000000000003,40,-6.7,4
CO[C@@H]1[C@@H](OC(=O)c2ccc(C)[nH]2)[C@@H](O)[C@H](Oc2ccc3c(O)c(-c4cc(N)n[nH]4)c(=O)oc3c2C)OC1(C)C,4.590114430196595,2.53104,554.5560000000002,40,-7.1,4
CCOCCNc1c(O)c2ccc(O[C@@H]3OC(C)(C)[C@H](OC)[C@@H](OC(=O)c4ccc(C)[nH]4)[C@H]3O)c(C)c2oc1=O,4.447574570056735,3.007140000000001,560.6000000000003,40,-6.9,4
CO[C@@H]1[C@@H](OC(=O)c2ccc(C)[nH]2)[C@@H](O)[C@H](Oc2ccc3c(O)c(NCC(=O)N4CCCC4)c(=O)oc3c2C)OC1(C)C,4.453700054946136,2.59304,599.6370000000003,43,-8.5,4
CCCNC(=O)CCNc1c(O)c2ccc(O[C@@H]3OC(C)(C)[C@H](OC)[C@@H](OC(=O)c4ccc(C)[nH]4)[C@H]3O)c(C)c2oc1=O,4.444957464037541,2.886940000000001,601.6530000000002,43,-7.6,4
CO[C@@H]1[C@@H](OC(=O)c2ccc(C)[nH]2)[C@@H](O)[C@H](Oc2ccc3c(O)c(Cc4cccc(CCN)c4)c(=O)oc3c2C)OC1(C)C,4.404555506871587,3.6507400000000017,606.6720000000003,44,-8.2,4
CO[C@@H]1[C@@H](OC(=O)c2ccc(C)[nH]2)[C@@H](O)[C@H](Oc2ccc3c(O)c(CCn4c(N)n[nH]c4=O)c(=O)oc3c2C)OC1(C)C,4.666635560517335,1.2684399999999991,599.5970000000002,43,-8.2,4
CO[C@@H]1[C@@H](OC(=O)c2ccc(C)[nH]2)[C@@H](O)[C@H](Oc2ccc3c(O)c(CCOC(=O)C(N)CO)c(=O)oc3c2C)OC1(C)C,4.6812773299420165,0.96404,604.6090000000003,43,-7.2,4
CO[C@@H]1[C@@H](OC(=O)c2ccc(C)[nH]2)[C@@H](O)[C@H](Oc2ccc3c(O)c(CC[C@H](C)N)c(=O)oc3c2C)OC1(C)C,4.581946799032933,2.838540000000001,544.6010000000003,39,-7.1,4
CO[C@@H]1[C@@H](OC(=O)c2ccc(C)[nH]2)[C@@H](O)[C@H](Oc2ccc3c(O)c(Cc4cccc(C(=O)NCCN)c4)c(=O)oc3c2C)OC1(C)C,4.436396551127071,2.8380400000000003,649.6970000000002,47,-8.3,4
CO[C@@H]1[C@@H](OC(=O)c2ccc(C)[nH]2)[C@@H](O)[C@H](Oc2ccc3c(O)c(Nc4n[nH]c(=O)[nH]c4=O)c(=O)oc3c2C)OC1(C)C,4.670041949044061,1.0739399999999997,599.5530000000001,43,-8.7,4
CO[C@@H]1[C@@H](OC(=O)c2ccc(C)[nH]2)[C@@H](O)[C@H](Oc2ccc3c(O)c(Cn4ccc(N)n4)c(=O)oc3c2C)OC1(C)C,4.5267763156617065,2.38574,568.5830000000002,41,-7.7,4
CO[C@@H]1[C@@H](OC(=O)c2ccc(C)[nH]2)[C@@H](O)[C@H](Oc2ccc3c(O)c(NC(=O)C(N)C#N)c(=O)oc3c2C)OC1(C)C,4.788811390359554,1.3481199999999998,570.5550000000002,41,-7.4,4
CO[C@@H]1[C@@H](OC(=O)c2ccc(C)[nH]2)[C@@H](O)[C@H](Oc2ccc3c(O)c(CCOC(=O)CCN)c(=O)oc3c2C)OC1(C)C,4.517201871835142,1.99324,588.6100000000004,42,-7.5,4
CO[C@@H]1[C@@H](OC(=O)c2ccc(C)[nH]2)[C@@H](O)[C@H](Oc2ccc3c(O)c(CC[C@@H](C)N)c(=O)oc3c2C)OC1(C)C,4.581946799032933,2.838540000000001,544.6010000000003,39,-7.0,4
CO[C@@H]1[C@@H](OC(=O)c2ccc(C)[nH]2)[C@@H](O)[C@H](Oc2ccc3c(O)c(CCC(C)N)c(=O)oc3c2C)OC1(C)C,4.581946799032933,2.838540000000001,544.6010000000003,39,-7.0,4
CCOC(=O)CCNc1c(O)c2ccc(O[C@@H]3OC(C)(C)[C@H](OC)[C@@H](OC(=O)c4ccc(C)[nH]4)[C@H]3O)c(C)c2oc1=O,4.443671570831796,2.923840000000001,588.6100000000002,42,-7.3,4
CO[C@@H]1[C@@H](OC(=O)c2ccc(C)[nH]2)[C@@H](O)[C@H](Oc2ccc3c(O)c(C4CC(CN)C4)c(=O)oc3c2C)OC1(C)C,4.564586014208913,3.0110400000000013,556.6120000000003,40,-8.0,4
CO[C@@H]1[C@@H](OC(=O)c2ccc(C)[nH]2)[C@@H](O)[C@H](Oc2ccc3c(O)c(Cn4cc(CN)cn4)c(=O)oc3c2C)OC1(C)C,4.5474566936550005,2.26224,582.6100000000002,42,-7.3,4
CNS(=O)(=O)NC(CN)c1c(O)c2ccc(O[C@@H]3OC(C)(C)[C@H](OC)[C@@H](OC(=O)c4ccc(C)[nH]4)[C@H]3O)c(C)c2oc1=O,4.872041724963441,0.6123400000000023,624.6690000000003,43,-6.5,4
CO[C@@H]1[C@@H](OC(=O)c2ccc(C)[nH]2)[C@@H](O)[C@H](Oc2ccc3c(O)c(-c4cnc(N)nn4)c(=O)oc3c2C)OC1(C)C,4.594921448405069,1.99294,567.5550000000002,41,-6.7,4
CO[C@@H]1[C@@H](OC(=O)c2ccc(C)[nH]2)[C@@H](O)[C@H](Oc2ccc3c(O)c(CC4CC4N)c(=O)oc3c2C)OC1(C)C,4.752455126039618,2.4484400000000006,542.5850000000003,39,-6.5,4
CO[C@@H]1[C@@H](OC(=O)c2ccc(C)[nH]2)[C@@H](O)[C@H](Oc2ccc3c(O)c(-c4nnc(N)o4)c(=O)oc3c2C)OC1(C)C,4.575854150476316,2.1909399999999994,556.5280000000002,40,-7.2,4
CO[C@@H]1[C@@H](OC(=O)c2ccc(C)[nH]2)[C@@H](O)[C@H](Oc2ccc3c(O)c(NCCN4CCCC4)c(=O)oc3c2C)OC1(C)C,4.424466528382608,3.066440000000001,585.6540000000003,42,-7.8,4
CO[C@@H]1[C@@H](OC(=O)c2ccc(C)[nH]2)[C@@H](O)[C@H](Oc2ccc3c(O)c(CN4CCN(CCCN)CC4)c(=O)oc3c2C)OC1(C)C,4.462732352292944,2.0251400000000004,628.7230000000003,45,-7.2,4
CO[C@@H]1[C@@H](OC(=O)c2ccc(C)[nH]2)[C@@H](O)[C@H](Oc2ccc3c(O)c(NCCc4ccc(C)cc4)c(=O)oc3c2C)OC1(C)C,4.357403678372217,4.521760000000003,606.6720000000001,44,-8.2,4
CO[C@@H]1[C@@H](OC(=O)c2ccc(C)[nH]2)[C@@H](O)[C@H](Oc2ccc3c(O)c(CNC(=O)Cc4ccc(N)cc4)c(=O)oc3c2C)OC1(C)C,4.413716112806513,2.9998400000000016,635.6700000000002,46,-8.8,4
CO[C@@H]1[C@@H](OC(=O)c2ccc(C)[nH]2)[C@@H](O)[C@H](Oc2ccc3c(O)c(CN4C[C@@H](N)[C@H](O)C4)c(=O)oc3c2C)OC1(C)C,4.8158950048478175,1.0625400000000005,587.6260000000002,42,-7.1,4
CO[C@@H]1[C@@H](OC(=O)c2ccc(C)[nH]2)[C@@H](O)[C@H](Oc2ccc3c(O)c(CCCCCCN)c(=O)oc3c2C)OC1(C)C,4.408952898371032,3.6203400000000014,572.6550000000004,41,-7.0,4
CO[C@@H]1[C@@H](OC(=O)c2ccc(C)[nH]2)[C@@H](O)[C@H](Oc2ccc3c(O)c(N4CC[C@@H](N)C4=O)c(=O)oc3c2C)OC1(C)C,4.712809649195313,1.6227399999999992,571.5830000000003,41,-6.7,4
CO[C@@H]1[C@@H](OC(=O)c2ccc(C)[nH]2)[C@@H](O)[C@H](Oc2ccc3c(O)c(CN4CC(N)C(O)C4)c(=O)oc3c2C)OC1(C)C,4.8158950048478175,1.0625400000000005,587.6260000000002,42,-7.1,4
CO[C@@H]1[C@@H](OC(=O)c2ccc(C)[nH]2)[C@@H](O)[C@H](Oc2ccc3c(O)c(Cn4c(=O)c(N)cn(C)c4=O)c(=O)oc3c2C)OC1(C)C,4.646930506139098,1.04964,626.6190000000001,45,-6.7,4
CO[C@@H]1[C@@H](OC(=O)c2ccc(C)[nH]2)[C@@H](O)[C@H](Oc2ccc3c(O)c(-c4ccnc(N)n4)c(=O)oc3c2C)OC1(C)C,4.473984484484035,2.5979400000000004,566.5670000000002,41,-7.9,4
CO[C@@H]1[C@@H](OC(=O)c2ccc(C)[nH]2)[C@@H](O)[C@H](Oc2ccc3c(O)c(C4(N)CS(=O)(=O)CC4O)c(=O)oc3c2C)OC1(C)C,5.112636881958614,0.5020400000000009,622.6490000000001,43,-6.8,4
CO[C@@H]1[C@@H](OC(=O)c2ccc(C)[nH]2)[C@@H](O)[C@H](Oc2ccc3c(O)c(Cn4nc(N)ccc4=O)c(=O)oc3c2C)OC1(C)C,4.559642340178352,1.7459399999999992,596.5930000000002,43,-6.5,4
CO[C@@H]1[C@@H](OC(=O)c2ccc(C)[nH]2)[C@@H](O)[C@H](Oc2ccc3c(O)c(NCC(=O)NC4CC4)c(=O)oc3c2C)OC1(C)C,4.458645885213067,2.2492400000000004,585.6100000000002,42,-8.0,4
CO[C@@H]1[C@@H](OC(=O)c2ccc(C)[nH]2)[C@@H](O)[C@H](Oc2ccc3c(O)c(CC[C@@H](O)CN)c(=O)oc3c2C)OC1(C)C,4.642555812900119,1.81094,560.6000000000003,40,-6.8,4
CO[C@@H]1[C@@H](OC(=O)c2ccc(C)[nH]2)[C@@H](O)[C@H](Oc2ccc3c(O)c(-c4nc(N)nn4C)c(=O)oc3c2C)OC1(C)C,4.6211678964260745,1.9364399999999995,569.5710000000003,41,-6.7,4
CO[C@@H]1[C@@H](OC(=O)c2ccc(C)[nH]2)[C@@H](O)[C@H](Oc2ccc3c(O)c(CN4CCN(CCN)CC4)c(=O)oc3c2C)OC1(C)C,4.464226755295295,1.6350400000000007,614.6960000000003,44,-7.1,4
CO[C@@H]1[C@@H](OC(=O)c2ccc(C)[nH]2)[C@@H](O)[C@H](Oc2ccc3c(O)c(C(N)[C@H](C)O)c(=O)oc3c2C)OC1(C)C,4.722507985255873,1.93934,546.5730000000002,39,-6.5,4
CO[C@@H]1[C@@H](OC(=O)c2ccc(C)[nH]2)[C@@H](O)[C@H](Oc2ccc3c(O)c(-c4nnc(N)[nH]4)c(=O)oc3c2C)OC1(C)C,4.7132998847420495,1.92604,555.5440000000002,40,-6.8,4
CO[C@@H]1[C@@H](OC(=O)c2ccc(C)[nH]2)[C@@H](O)[C@H](Oc2ccc3c(O)c(COC[C@@H](O)CN)c(=O)oc3c2C)OC1(C)C,4.66607022611839,1.3949399999999996,576.5990000000003,41,-6.8,4
CO[C@@H]1[C@@H](OC(=O)c2ccc(C)[nH]2)[C@@H](O)[C@H](Oc2ccc3c(O)c(CC(C)CN)c(=O)oc3c2C)OC1(C)C,4.602657248960364,2.696040000000001,544.6010000000003,39,-7.5,4
CO[C@@H]1[C@@H](OC(=O)c2ccc(C)[nH]2)[C@@H](O)[C@H](Oc2ccc3c(O)c(C(F)CN)c(=O)oc3c2C)OC1(C)C,4.689797668314214,2.5280400000000007,534.5370000000003,38,-6.9,4
CO[C@@H]1[C@@H](OC(=O)c2ccc(C)[nH]2)[C@@H](O)[C@H](Oc2ccc3c(O)c(NC(=O)Cc4ccc(N)cc4)c(=O)oc3c2C)OC1(C)C,4.383064128967881,3.322140000000002,621.6430000000001,45,-8.4,4
CO[C@@H]1[C@@H](OC(=O)c2ccc(C)[nH]2)[C@@H](O)[C@H](Oc2ccc3c(O)c(C(O)C(CN)(CO)CO)c(=O)oc3c2C)OC1(C)C,4.941735624167685,0.5218399999999999,606.6250000000002,43,-7.3,4
CO[C@@H]1[C@@H](OC(=O)c2ccc(C)[nH]2)[C@@H](O)[C@H](Oc2ccc3c(O)c(CN4CCC(NC(=O)CN)CC4)c(=O)oc3c2C)OC1(C)C,4.52172265429652,1.5980400000000006,642.7060000000002,46,-7.1,4
CO[C@@H]1[C@@H](OC(=O)c2ccc(C)[nH]2)[C@@H](O)[C@H](Oc2ccc3c(O)c(OCc4cccc(N)c4)c(=O)oc3c2C)OC1(C)C,4.371434120880201,3.719940000000002,594.6170000000002,43,-8.5,4
CO[C@@H]1[C@@H](OC(=O)c2ccc(C)[nH]2)[C@@H](O)[C@H](Oc2ccc3c(O)c(OCC4(N)CC4)c(=O)oc3c2C)OC1(C)C,4.570565266149633,2.42884,558.5840000000003,40,-7.0,4
CO[C@@H]1[C@@H](OC(=O)c2ccc(C)[nH]2)[C@@H](O)[C@H](Oc2ccc3c(O)c(NCCCc4ccccc4)c(=O)oc3c2C)OC1(C)C,4.338890901944327,4.603440000000004,606.6720000000001,44,-8.3,4
CO[C@@H]1[C@@H](OC(=O)c2ccc(C)[nH]2)[C@@H](O)[C@H](Oc2ccc3c(O)c(CN4CCN(C(=O)CCN)CC4)c(=O)oc3c2C)OC1(C)C,4.500186978948246,1.5517400000000006,642.7060000000004,46,-8.1,4
CO[C@@H]1[C@@H](OC(=O)c2ccc(C)[nH]2)[C@@H](O)[C@H](Oc2ccc3c(O)c(C(N)[C@@H](C)O)c(=O)oc3c2C)OC1(C)C,4.722507985255873,1.93934,546.5730000000002,39,-6.7,4
CO[C@@H]1[C@@H](OC(=O)c2ccc(C)[nH]2)[C@@H](O)[C@H](Oc2ccc3c(O)c(-c4ccc(N)nc4)c(=O)oc3c2C)OC1(C)C,4.436612122332911,3.202940000000001,565.5790000000002,41,-8.6,4
CO[C@@H]1[C@@H](OC(=O)c2ccc(C)[nH]2)[C@@H](O)[C@H](Oc2ccc3c(O)c(C(CO)NC(=O)CN)c(=O)oc3c2C)OC1(C)C,4.687130377628245,0.6670400000000001,589.5980000000002,42,-6.8,4
COCCCCNc1c(O)c2ccc(O[C@@H]3OC(C)(C)[C@H](OC)[C@@H](OC(=O)c4ccc(C)[nH]4)[C@H]3O)c(C)c2oc1=O,4.426983531454762,3.397240000000002,574.6270000000003,41,-7.0,4
CO[C@@H]1[C@@H](OC(=O)c2ccc(C)[nH]2)[C@@H](O)[C@H](Oc2ccc3c(O)c(COCC(O)CN)c(=O)oc3c2C)OC1(C)C,4.66607022611839,1.3949399999999996,576.5990000000003,41,-7.1,4
CO[C@@H]1[C@@H](OC(=O)c2ccc(C)[nH]2)[C@@H](O)[C@H](Oc2ccc3c(O)c(CS(=O)(=O)CCN)c(=O)oc3c2C)OC1(C)C,4.579409914543091,1.4322399999999995,594.6390000000002,41,-6.5,4
CO[C@@H]1[C@@H](OC(=O)c2ccc(C)[nH]2)[C@@H](O)[C@H](Oc2ccc3c(O)c(OCCn4c(N)cc(=O)[nH]c4=O)c(=O)oc3c2C)OC1(C)C,4.644919400857047,1.0699400000000003,642.6180000000002,46,-8.0,4
COC(=O)C(N)COc1c(O)c2ccc(O[C@@H]3OC(C)(C)[C@H](OC)[C@@H](OC(=O)c4ccc(C)[nH]4)[C@H]3O)c(C)c2oc1=O,4.620526733903548,1.437839999999999,590.5820000000002,42,-7.2,4
CO[C@@H]1[C@@H](OC(=O)c2ccc(C)[nH]2)[C@@H](O)[C@H](Oc2ccc3c(O)c(C(O)C(O)CN)c(=O)oc3c2C)OC1(C)C,4.823113411998165,0.91174,562.5720000000002,40,-7.2,4
CO[C@@H]1[C@@H](OC(=O)c2ccc(C)[nH]2)[C@@H](O)[C@H](Oc2ccc3c(O)c(Cn4c(CN)cc(=O)n(C)c4=O)c(=O)oc3c2C)OC1(C)C,4.672572710747156,0.9261400000000012,640.6460000000002,46,-7.1,4
CCNC(=O)C(N)c1c(O)c2ccc(O[C@@H]3OC(C)(C)[C@H](OC)[C@@H](OC(=O)c4ccc(C)[nH]4)[C@H]3O)c(C)c2oc1=O,4.6364450701932345,1.6946399999999997,573.5990000000003,41,-6.6,4
CO[C@@H]1[C@@H](OC(=O)c2ccc(C)[nH]2)[C@@H](O)[C@H](Oc2ccc3c(O)c(COCOCCN)c(=O)oc3c2C)OC1(C)C,4.576468078765858,2.00814,576.5990000000004,41,-7.1,4
CO[C@@H]1[C@@H](OC(=O)c2ccc(C)[nH]2)[C@@H](O)[C@H](Oc2ccc3c(O)c(CN(C)CCCN)c(=O)oc3c2C)OC1(C)C,4.484940286535965,2.339339999999999,573.6430000000004,41,-6.7,4
CO[C@@H]1[C@@H](OC(=O)c2ccc(C)[nH]2)[C@@H](O)[C@H](Oc2ccc3c(O)c(OCCNC(=O)c4ccc(N)cc4)c(=O)oc3c2C)OC1(C)C,4.405903060002811,2.949740000000001,651.6690000000002,47,-8.4,4
CO[C@@H]1[C@@H](OC(=O)c2ccc(C)[nH]2)[C@@H](O)[C@H](Oc2ccc3c(O)c(CC[C@H](O)CN)c(=O)oc3c2C)OC1(C)C,4.642555812900119,1.81094,560.6000000000003,40,-7.0,4
CNC(=O)C(CO)Nc1c(O)c2ccc(O[C@@H]3OC(C)(C)[C@H](OC)[C@@H](OC(=O)c4ccc(C)[nH]4)[C@H]3O)c(C)c2oc1=O,4.684662361433912,1.0775399999999988,589.5980000000002,42,-7.0,4
CO[C@@H]1[C@@H](OC(=O)c2ccc(C)[nH]2)[C@@H](O)[C@H](Oc2ccc3c(O)c(Oc4c(N)c(=O)c4=O)c(=O)oc3c2C)OC1(C)C,4.639849866906431,1.5292399999999997,584.5340000000003,42,-7.0,4
CO[C@@H]1[C@@H](OC(=O)c2ccc(C)[nH]2)[C@@H](O)[C@H](Oc2ccc3c(O)c(Nc4ccccc4C(N)=O)c(=O)oc3c2C)OC1(C)C,4.402461484798279,3.4012400000000014,607.6160000000001,44,-6.5,4
CO[C@@H]1[C@@H](OC(=O)c2ccc(C)[nH]2)[C@@H](O)[C@H](Oc2ccc3c(O)c(Nc4cccc(C)c4)c(=O)oc3c2C)OC1(C)C,4.349278842196114,4.610760000000004,578.6180000000002,42,-8.5,4
CO[C@@H]1[C@@H](OC(=O)c2ccc(C)[nH]2)[C@@H](O)[C@H](Oc2ccc3c(O)c(NC(=O)c4cccnc4N)c(=O)oc3c2C)OC1(C)C,4.440180238771579,2.788240000000001,608.6040000000002,44,-9.1,4
CO[C@@H]1[C@@H](OC(=O)c2ccc(C)[nH]2)[C@@H](O)[C@H](Oc2ccc3c(O)c(-c4cc(N)no4)c(=O)oc3c2C)OC1(C)C,4.583967996630162,2.7959400000000008,555.5400000000002,40,-7.2,4
CO[C@@H]1[C@@H](OC(=O)c2ccc(C)[nH]2)[C@@H](O)[C@H](Oc2ccc3c(O)c(C(N)C(C)O)c(=O)oc3c2C)OC1(C)C,4.722507985255873,1.93934,546.5730000000002,39,-7.4,4
CO[C@@H]1[C@@H](OC(=O)c2ccc(C)[nH]2)[C@@H](O)[C@H](Oc2ccc3c(O)c(Nc4ccc(O)cc4)c(=O)oc3c2C)OC1(C)C,4.370116110100623,4.007940000000002,580.5900000000001,42,-7.5,4
CCc1ccc(Nc2c(O)c3ccc(O[C@@H]4OC(C)(C)[C@H](OC)[C@@H](OC(=O)c5ccc(C)[nH]5)[C@H]4O)c(C)c3oc2=O)cc1,4.342459589529199,4.864740000000005,592.6450000000003,43,-7.8,4
CO[C@@H]1[C@@H](OC(=O)c2ccc(C)[nH]2)[C@@H](O)[C@H](Oc2ccc3c(O)c(-c4c(N)n(C)c(=O)n(C)c4=O)c(=O)oc3c2C)OC1(C)C,4.631041758523077,1.2053399999999992,626.6190000000001,45,-7.5,4
CO[C@@H]1[C@@H](OC(=O)c2ccc(C)[nH]2)[C@@H](O)[C@H](Oc2ccc3c(O)c(Nc4c(O)c(=O)c4=O)c(=O)oc3c2C)OC1(C)C,4.636978611845702,1.6039399999999997,584.5340000000002,42,-8.4,4
CO[C@@H]1[C@@H](OC(=O)c2ccc(C)[nH]2)[C@@H](O)[C@H](Oc2ccc3c(O)c(Nc4ccc(C(N)=O)cc4)c(=O)oc3c2C)OC1(C)C,4.378789138962297,3.4012400000000023,607.6160000000001,44,-7.3,4
CO[C@@H]1[C@@H](OC(=O)c2ccc(C)[nH]2)[C@@H](O)[C@H](Oc2ccc3c(O)c(C4(N)CC(O)(CO)C4)c(=O)oc3c2C)OC1(C)C,4.800537513354067,1.2299399999999998,588.6100000000002,42,-5.5,4
CO[C@@H]1[C@@H](OC(=O)c2ccc(C)[nH]2)[C@@H](O)[C@H](Oc2ccc3c(O)c(NCc4cccnc4)c(=O)oc3c2C)OC1(C)C,4.405591972169589,3.5658400000000023,579.6060000000002,42,-7.4,4
CO[C@@H]1[C@@H](OC(=O)c2ccc(C)[nH]2)[C@@H](O)[C@H](Oc2ccc3c(O)c(COc4ccc(CN)cc4)c(=O)oc3c2C)OC1(C)C,4.369556515698825,3.596440000000002,608.6440000000002,44,-8.2,4
CO[C@@H]1[C@@H](OC(=O)c2ccc(C)[nH]2)[C@@H](O)[C@H](Oc2ccc3c(O)c(CNC(=O)c4cccc(N)c4)c(=O)oc3c2C)OC1(C)C,4.394967354774333,3.070940000000002,621.6430000000001,45,-8.2,4
CO[C@@H]1[C@@H](OC(=O)c2ccc(C)[nH]2)[C@@H](O)[C@H](Oc2ccc3c(O)c(CCC(O)CN)c(=O)oc3c2C)OC1(C)C,4.642555812900119,1.81094,560.6000000000003,40,-7.3,4
CO[C@@H]1[C@@H](OC(=O)c2ccc(C)[nH]2)[C@@H](O)[C@H](Oc2ccc3c(O)c(C(N)C4CC4)c(=O)oc3c2C)OC1(C)C,4.612379600194036,2.968540000000001,542.5850000000003,39,-7.2,4
CO[C@@H]1[C@@H](OC(=O)c2ccc(C)[nH]2)[C@@H](O)[C@H](Oc2ccc3c(O)c(C[C@@H](CN)CO)c(=O)oc3c2C)OC1(C)C,4.678145509442109,1.66844,560.6000000000003,40,-6.8,4
CO[C@@H]1[C@@H](OC(=O)c2ccc(C)[nH]2)[C@@H](O)[C@H](Oc2ccc3c(O)c(C(O)[C@H](O)CN)c(=O)oc3c2C)OC1(C)C,4.823113411998165,0.91174,562.5720000000002,40,-6.9,4
C=C(C)CNc1c(O)c2ccc(O[C@@H]3OC(C)(C)[C@H](OC)[C@@H](OC(=O)c4ccc(C)[nH]4)[C@H]3O)c(C)c2oc1=O,4.537004115826208,3.5467400000000016,542.5850000000003,39,-7.4,4
CNS(=O)(=O)NCC(CN)c1c(O)c2ccc(O[C@@H]3OC(C)(C)[C@H](OC)[C@@H](OC(=O)c4ccc(C)[nH]4)[C@H]3O)c(C)c2oc1=O,4.865063288946621,0.654840000000003,638.6960000000004,44,-6.2,4
CO[C@@H]1[C@@H](OC(=O)c2ccc(C)[nH]2)[C@@H](O)[C@H](Oc2ccc3c(O)c(NCCN4CCN(S(C)(=O)=O)CC4)c(=O)oc3c2C)OC1(C)C,4.562219449159273,1.5478400000000012,678.7610000000001,47,-8.7,4
CO[C@@H]1[C@@H](OC(=O)c2ccc(C)[nH]2)[C@@H](O)[C@H](Oc2ccc3c(O)c(CNC(=O)CN4CCC(N)CC4)c(=O)oc3c2C)OC1(C)C,4.508999456234739,1.5980400000000017,642.7060000000002,46,-7.6,4
CO[C@@H]1[C@@H](OC(=O)c2ccc(C)[nH]2)[C@@H](O)[C@H](Oc2ccc3c(O)c(CNC(=O)COc4ccc(CN)cc4)c(=O)oc3c2C)OC1(C)C,4.432088362380064,2.7126400000000013,665.6960000000003,48,-8.5,4
COc1cccc(CNc2c(O)c3ccc(O[C@@H]4OC(C)(C)[C@H](OC)[C@@H](OC(=O)c5ccc(C)[nH]5)[C@H]4O)c(C)c3oc2=O)c1,4.359494220616857,4.179440000000002,608.6440000000002,44,-8.3,4
CO[C@@H]1[C@@H](OC(=O)c2ccc(C)[nH]2)[C@@H](O)[C@H](Oc2ccc3c(O)c(NCC(C)C)c(=O)oc3c2C)OC1(C)C,4.43622370944014,3.626640000000002,544.6010000000002,39,-7.6,4
CO[C@@H]1[C@@H](OC(=O)c2ccc(C)[nH]2)[C@@H](O)[C@H](Oc2ccc3c(O)c(Cn4ncnc4CN)c(=O)oc3c2C)OC1(C)C,4.617519425750491,1.6572399999999996,583.5980000000003,42,-7.3,4
CO[C@@H]1[C@@H](OC(=O)c2ccc(C)[nH]2)[C@@H](O)[C@H](Oc2ccc3c(O)c(CCNC(=O)c4ccc(CN)cc4)c(=O)oc3c2C)OC1(C)C,4.413336314440681,2.9899400000000007,649.6970000000002,47,-8.6,4
CO[C@@H]1[C@@H](OC(=O)c2ccc(C)[nH]2)[C@@H](O)[C@H](Oc2ccc3c(O)c(NCCCOc4ccccc4)c(=O)oc3c2C)OC1(C)C,4.357339297347888,4.439740000000003,622.6710000000002,45,-8.5,4
CO[C@@H]1[C@@H](OC(=O)c2ccc(C)[nH]2)[C@@H](O)[C@H](Oc2ccc3c(O)c(C=C(C)CN)c(=O)oc3c2C)OC1(C)C,4.62274707663898,2.920740000000001,542.5850000000003,39,-7.7,4
CO[C@@H]1[C@@H](OC(=O)c2ccc(C)[nH]2)[C@@H](O)[C@H](Oc2ccc3c(O)c(CC(O)(CN)CO)c(=O)oc3c2C)OC1(C)C,4.846534883083047,0.7833399999999994,576.5990000000003,41,-6.1,4
CO[C@@H]1[C@@H](OC(=O)c2ccc(C)[nH]2)[C@@H](O)[C@H](Oc2ccc3c(O)c(C[C@H](CN)CO)c(=O)oc3c2C)OC1(C)C,4.678145509442109,1.66844,560.6000000000003,40,-6.7,4
CCCC(N)c1c(O)c2ccc(O[C@@H]3OC(C)(C)[C@H](OC)[C@@H](OC(=O)c4ccc(C)[nH]4)[C@H]3O)c(C)c2oc1=O,4.577448105273863,3.358640000000001,544.6010000000002,39,-6.9,4
CO[C@@H]1[C@@H](OC(=O)c2ccc(C)[nH]2)[C@@H](O)[C@H](Oc2ccc3c(O)c(-c4cccnc4N)c(=O)oc3c2C)OC1(C)C,4.430017432067424,3.2029400000000017,565.5790000000002,41,-6.6,4
CO[C@@H]1[C@@H](OC(=O)c2ccc(C)[nH]2)[C@@H](O)[C@H](Oc2ccc3c(O)c(COc4c(N)c(=O)c4=O)c(=O)oc3c2C)OC1(C)C,4.631842941923411,1.31594,598.5610000000003,43,-8.0,4
CO[C@@H]1[C@@H](OC(=O)c2ccc(C)[nH]2)[C@@H](O)[C@H](Oc2ccc3c(O)c(Nc4cccnc4)c(=O)oc3c2C)OC1(C)C,4.412049634424918,3.6973400000000014,565.5790000000002,41,-8.1,4
CO[C@@H]1[C@@H](OC(=O)c2ccc(C)[nH]2)[C@@H](O)[C@H](Oc2ccc3c(O)c(CCn4nnnc4N)c(=O)oc3c2C)OC1(C)C,4.629291043787625,1.370139999999999,584.5860000000002,42,-7.8,4
CO[C@@H]1[C@@H](OC(=O)c2ccc(C)[nH]2)[C@@H](O)[C@H](Oc2ccc3c(O)c(-c4nc(N)[nH]c(=O)n4)c(=O)oc3c2C)OC1(C)C,4.699984346751528,1.2862399999999994,583.5540000000002,42,-8.8,4
COC(CN)c1c(O)c2ccc(O[C@@H]3OC(C)(C)[C@H](OC)[C@@H](OC(=O)c4ccc(C)[nH]4)[C@H]3O)c(C)c2oc1=O,4.64724055810405,2.204940000000001,546.5730000000002,39,-7.3,4
CO[C@@H]1[C@@H](OC(=O)c2ccc(C)[nH]2)[C@@H](O)[C@H](Oc2ccc3c(O)c(Cc4nc(N)no4)c(=O)oc3c2C)OC1(C)C,4.593844389181107,2.11474,570.5550000000003,41,-7.3,4
CO[C@@H]1[C@@H](OC(=O)c2ccc(C)[nH]2)[C@@H](O)[C@H](Oc2ccc3c(O)c(-c4ccc(CC(=O)NCCN)cc4)c(=O)oc3c2C)OC1(C)C,4.430216906156658,2.843140000000001,649.6970000000002,47,-8.1,4
CCN(C(=O)CN)c1c(O)c2ccc(O[C@@H]3OC(C)(C)[C@H](OC)[C@@H](OC(=O)c4ccc(C)[nH]4)[C@H]3O)c(C)c2oc1=O,4.6024681266013046,1.87034,573.5990000000003,41,-6.4,4
CO[C@@H]1[C@@H](OC(=O)c2ccc(C)[nH]2)[C@@H](O)[C@H](Oc2ccc3c(O)c(C(N)CNC(C)=O)c(=O)oc3c2C)OC1(C)C,4.651453802001966,1.694639999999999,573.5990000000003,41,-7.8,4
CO[C@@H]1[C@@H](OC(=O)c2ccc(C)[nH]2)[C@@H](O)[C@H](Oc2ccc3c(O)c(C4(CN)COC4)c(=O)oc3c2C)OC1(C)C,4.671813678287954,1.78544,558.5840000000003,40,-6.4,4
CO[C@@H]1[C@@H](OC(=O)c2ccc(C)[nH]2)[C@@H](O)[C@H](Oc2ccc3c(O)c(Oc4ccc(N)cc4)c(=O)oc3c2C)OC1(C)C,4.359866375352613,3.9332400000000014,580.5900000000003,42,-7.9,4
CO[C@@H]1[C@@H](OC(=O)c2ccc(C)[nH]2)[C@@H](O)[C@H](Oc2ccc3c(O)c(N4CC[C@H](N)C4=O)c(=O)oc3c2C)OC1(C)C,4.712809649195313,1.6227399999999992,571.5830000000003,41,-5.5,4
CO[C@@H]1[C@@H](OC(=O)c2ccc(C)[nH]2)[C@@H](O)[C@H](Oc2ccc3c(O)c(CS(=O)(=O)NCCCN)c(=O)oc3c2C)OC1(C)C,4.572168385710393,1.3269400000000005,623.6810000000002,43,-6.4,4
CO[C@@H]1[C@@H](OC(=O)c2ccc(C)[nH]2)[C@@H](O)[C@H](Oc2ccc3c(O)c(NCC(F)F)c(=O)oc3c2C)OC1(C)C,4.560304841515613,3.2357400000000016,552.5270000000002,39,-7.5,4
CO[C@@H]1[C@@H](OC(=O)c2ccc(C)[nH]2)[C@@H](O)[C@H](Oc2ccc3c(O)c(C(N)CCO)c(=O)oc3c2C)OC1(C)C,4.618513707596068,1.94094,546.5730000000003,39,-7.1,4
CO[C@@H]1[C@@H](OC(=O)c2ccc(C)[nH]2)[C@@H](O)[C@H](Oc2ccc3c(O)c(COCCCCN)c(=O)oc3c2C)OC1(C)C,4.460330706403708,2.8142400000000007,574.6270000000004,41,-7.1,4
CO[C@@H]1[C@@H](OC(=O)c2ccc(C)[nH]2)[C@@H](O)[C@H](Oc2ccc3c(O)c(CN(C)C(=O)NCCN)c(=O)oc3c2C)OC1(C)C,4.543087912337612,1.65884,602.6410000000002,43,-7.0,4
CO[C@@H]1[C@@H](OC(=O)c2ccc(C)[nH]2)[C@@H](O)[C@H](Oc2ccc3c(O)c(NC4CCCCC4)c(=O)oc3c2C)OC1(C)C,4.401567853048399,4.303340000000003,570.6390000000004,41,-7.1,4
CO[C@@H]1[C@@H](OC(=O)c2ccc(C)[nH]2)[C@@H](O)[C@H](Oc2ccc3c(O)c(NC(=O)CNC(=O)c4cccc(N)c4)c(=O)oc3c2C)OC1(C)C,4.441599201540903,2.50944,664.6680000000001,48,-8.3,4
CO[C@@H]1[C@@H](OC(=O)c2ccc(C)[nH]2)[C@@H](O)[C@H](Oc2ccc3c(O)c(NCCCCCO)c(=O)oc3c2C)OC1(C)C,4.4425426873431215,3.1332400000000016,574.6270000000003,41,-7.4,4
CO[C@@H]1[C@@H](OC(=O)c2ccc(C)[nH]2)[C@@H](O)[C@H](Oc2ccc3c(O)c(/C(=C/CO)CN)c(=O)oc3c2C)OC1(C)C,4.67052306431477,1.89314,558.5840000000003,40,-7.2,4
CO[C@@H]1[C@@H](OC(=O)c2ccc(C)[nH]2)[C@@H](O)[C@H](Oc2ccc3c(O)c(NC(=O)CNC(=O)c4[nH]ncc4N)c(=O)oc3c2C)OC1(C)C,4.62949458332743,1.2325400000000002,654.633,47,-7.6,4
CO[C@@H]1[C@@H](OC(=O)c2ccc(C)[nH]2)[C@@H](O)[C@H](Oc2ccc3c(O)c(Nc4nnn[nH]4)c(=O)oc3c2C)OC1(C)C,4.701519257261422,1.81544,556.5320000000002,40,-7.8,4
CO[C@@H]1[C@@H](OC(=O)c2ccc(C)[nH]2)[C@@H](O)[C@H](Oc2ccc3c(O)c(CC(C)(C)CN)c(=O)oc3c2C)OC1(C)C,4.563446388238553,3.086140000000001,558.6280000000003,40,-7.4,4
CO[C@@H]1[C@@H](OC(=O)c2ccc(C)[nH]2)[C@@H](O)[C@H](Oc2ccc3c(O)c(Cn4cc(CC(N)C(N)=O)nn4)c(=O)oc3c2C)OC1(C)C,4.8200220052746365,0.553640000000001,640.6500000000002,46,-7.7,4
CO[C@@H]1[C@@H](OC(=O)c2ccc(C)[nH]2)[C@@H](O)[C@H](Oc2ccc3c(O)c(Cc4ccccc4N)c(=O)oc3c2C)OC1(C)C,4.37950642840301,3.731740000000002,578.6180000000003,42,-7.7,4
CO[C@@H]1[C@@H](OC(=O)c2ccc(C)[nH]2)[C@@H](O)[C@H](Oc2ccc3c(O)c(C4(O)CS(=O)(=O)CC4N)c(=O)oc3c2C)OC1(C)C,5.112912611401585,0.50204,622.6490000000001,43,-7.7,4
CO[C@@H]1[C@@H](OC(=O)c2ccc(C)[nH]2)[C@@H](O)[C@H](Oc2ccc3c(O)c(NCCCN(C)C)c(=O)oc3c2C)OC1(C)C,4.456957456865636,2.922340000000001,573.6430000000003,41,-7.1,4
CO[C@@H]1[C@@H](OC(=O)c2ccc(C)[nH]2)[C@@H](O)[C@H](Oc2ccc3c(O)c(C=CCCCN)c(=O)oc3c2C)OC1(C)C,4.55332897565114,3.3108400000000016,556.6120000000003,40,-7.9,4
CO[C@@H]1[C@@H](OC(=O)c2ccc(C)[nH]2)[C@@H](O)[C@H](Oc2ccc3c(O)c(C(C)(C)CN)c(=O)oc3c2C)OC1(C)C,4.602008946844246,2.795040000000001,544.6010000000003,39,-7.3,4
CO[C@@H]1[C@@H](OC(=O)c2ccc(C)[nH]2)[C@@H](O)[C@H](Oc2ccc3c(O)c(CNC(=O)C(C)CN)c(=O)oc3c2C)OC1(C)C,4.617380984915693,1.7697399999999996,587.6260000000002,42,-7.9,4
CO[C@@H]1[C@@H](OC(=O)c2ccc(C)[nH]2)[C@@H](O)[C@H](Oc2ccc3c(O)c(Nc4ccc(S(N)(=O)=O)cc4)c(=O)oc3c2C)OC1(C)C,4.430335008953357,2.949740000000001,643.671,45,-7.5,4
CO[C@@H]1[C@@H](OC(=O)c2ccc(C)[nH]2)[C@@H](O)[C@H](Oc2ccc3c(O)c(CCN(CCN)CCO)c(=O)oc3c2C)OC1(C)C,4.593593578770267,1.3542400000000003,603.6690000000003,43,-6.8,4
CO[C@@H]1[C@@H](OC(=O)c2ccc(C)[nH]2)[C@@H](O)[C@H](Oc2ccc3c(O)c(OCC(C)(C)N)c(=O)oc3c2C)OC1(C)C,4.515847670289835,2.674840000000001,560.6000000000003,40,-6.7,4
CO[C@@H]1[C@@H](OC(=O)c2ccc(C)[nH]2)[C@@H](O)[C@H](Oc2ccc3c(O)c(Oc4ccc(CN)cc4)c(=O)oc3c2C)OC1(C)C,4.367743364577679,3.8097400000000015,594.6170000000002,43,-7.7,4
CO[C@@H]1[C@@H](OC(=O)c2ccc(C)[nH]2)[C@@H](O)[C@H](Oc2ccc3c(O)c(OCC4(N)COC4)c(=O)oc3c2C)OC1(C)C,4.670193171151349,1.6652399999999992,574.5830000000003,41,-7.7,4
CO[C@@H]1[C@@H](OC(=O)c2ccc(C)[nH]2)[C@@H](O)[C@H](Oc2ccc3c(O)c(Cc4ncnc(N)n4)c(=O)oc3c2C)OC1(C)C,4.578029240074098,1.9167399999999992,581.5820000000002,42,-7.7,4
CO[C@@H]1[C@@H](OC(=O)c2ccc(C)[nH]2)[C@@H](O)[C@H](Oc2ccc3c(O)c(OCCN(C)CCN)c(=O)oc3c2C)OC1(C)C,4.512204012303368,1.82804,589.6420000000003,42,-6.9,4
CO[C@@H]1[C@@H](OC(=O)c2ccc(C)[nH]2)[C@@H](O)[C@H](Oc2ccc3c(O)c(CCN4CC(CN)C4)c(=O)oc3c2C)OC1(C)C,4.540994380196343,1.9917399999999992,585.6540000000003,42,-7.0,4
CO[C@@H]1[C@@H](OC(=O)c2ccc(C)[nH]2)[C@@H](O)[C@H](Oc2ccc3c(O)c(COC[C@H](O)CN)c(=O)oc3c2C)OC1(C)C,4.66607022611839,1.3949399999999996,576.5990000000003,41,-7.3,4
CO[C@@H]1[C@@H](OC(=O)c2ccc(C)[nH]2)[C@@H](O)[C@H](Oc2ccc3c(O)c(C(C)(N)CO)c(=O)oc3c2C)OC1(C)C,4.735699902910188,1.7249399999999997,546.5730000000003,39,-7.3,4
CO[C@@H]1[C@@H](OC(=O)c2ccc(C)[nH]2)[C@@H](O)[C@H](Oc2ccc3c(O)c(CCn4c(=O)nc(N)n(C)c4=O)c(=O)oc3c2C)OC1(C)C,4.736013572285618,0.6390400000000003,641.6340000000002,46,-8.8,4
CO[C@@H]1[C@@H](OC(=O)c2ccc(C)[nH]2)[C@@H](O)[C@H](Oc2ccc3c(O)c(Nc4cccc(-c5ccccc5)c4)c(=O)oc3c2C)OC1(C)C,4.335806341336861,5.969340000000005,640.6890000000001,47,-8.6,4
CO[C@@H]1[C@@H](OC(=O)c2ccc(C)[nH]2)[C@@H](O)[C@H](Oc2ccc3c(O)c(Cn4c(=O)cc(N)[nH]c4=O)c(=O)oc3c2C)OC1(C)C,4.661940639280163,1.03924,612.5920000000001,44,-7.8,4
COc1ccc(CCNc2c(O)c3ccc(O[C@@H]4OC(C)(C)[C@H](OC)[C@@H](OC(=O)c5ccc(C)[nH]5)[C@H]4O)c(C)c3oc2=O)cc1,4.358258136908328,4.221940000000003,622.6710000000003,45,-8.1,4
CO[C@@H]1[C@@H](OC(=O)c2ccc(C)[nH]2)[C@@H](O)[C@H](Oc2ccc3c(O)c(-c4nnc(CN)n4C)c(=O)oc3c2C)OC1(C)C,4.603865550764906,1.812939999999999,583.5980000000003,42,-7.5,4
CO[C@@H]1[C@@H](OC(=O)c2ccc(C)[nH]2)[C@@H](O)[C@H](Oc2ccc3c(O)c(-c4nc(C)nc(N)n4)c(=O)oc3c2C)OC1(C)C,4.560924413641161,2.30136,581.5820000000002,42,-7.6,4
CO[C@@H]1[C@@H](OC(=O)c2ccc(C)[nH]2)[C@@H](O)[C@H](Oc2ccc3c(O)c(OCC(O)CCN)c(=O)oc3c2C)OC1(C)C,4.625798934909599,1.6472399999999998,576.5990000000003,41,-6.9,4
CO[C@@H]1[C@@H](OC(=O)c2ccc(C)[nH]2)[C@@H](O)[C@H](Oc2ccc3c(O)c(NC(=O)Cc4ccc(CN)cc4)c(=O)oc3c2C)OC1(C)C,4.39484391413904,3.198640000000002,635.6700000000002,46,-8.0,4
CCCCCCNc1c(O)c2ccc(O[C@@H]3OC(C)(C)[C@H](OC)[C@@H](OC(=O)c4ccc(C)[nH]4)[C@H]3O)c(C)c2oc1=O,4.391934382373755,4.550940000000004,572.6550000000002,41,-7.2,4
CO[C@@H]1[C@@H](OC(=O)c2ccc(C)[nH]2)[C@@H](O)[C@H](Oc2ccc3c(O)c(CCCNC(=O)CCN)c(=O)oc3c2C)OC1(C)C,4.473153161560359,1.95634,601.6530000000002,43,-7.1,4
CO[C@@H]1[C@@H](OC(=O)c2ccc(C)[nH]2)[C@@H](O)[C@H](Oc2ccc3c(O)c(-c4ccc(OCCN)cc4)c(=O)oc3c2C)OC1(C)C,4.369600777993908,3.563240000000002,608.6440000000002,44,-6.8,4
CO[C@@H]1[C@@H](OC(=O)c2ccc(C)[nH]2)[C@@H](O)[C@H](Oc2ccc3c(O)c(Cn4cc(N)nn4)c(=O)oc3c2C)OC1(C)C,4.632329344933319,1.780739999999999,569.5710000000003,41,-8.0,4
CO[C@@H]1[C@@H](OC(=O)c2ccc(C)[nH]2)[C@@H](O)[C@H](Oc2ccc3c(O)c(CCN4CC(N)C4=O)c(=O)oc3c2C)OC1(C)C,4.732445068703758,1.2707400000000004,585.6100000000002,42,-7.8,4
CO[C@@H]1[C@@H](OC(=O)c2ccc(C)[nH]2)[C@@H](O)[C@H](Oc2ccc3c(O)c(CC(C)Cl)c(=O)oc3c2C)OC1(C)C,4.609286988702563,3.7285400000000015,550.0040000000002,38,-7.0,5
CO[C@@H]1[C@@H](OC(=O)c2ccc(C)[nH]2)[C@@H](O)[C@H](Oc2ccc3c(O)c(CC(=O)NC(=O)CCl)c(=O)oc3c2C)OC1(C)C,4.5110842798618975,1.98284,607.0120000000002,42,-7.2,5
CO[C@@H]1[C@@H](OC(=O)c2ccc(C)[nH]2)[C@@H](O)[C@H](Oc2ccc3c(O)c(CC(=O)NCCCCl)c(=O)oc3c2C)OC1(C)C,4.459477858457214,2.8463400000000005,607.0560000000003,42,-7.5,5
CO[C@@H]1[C@@H](OC(=O)c2ccc(C)[nH]2)[C@@H](O)[C@H](Oc2ccc3c(O)c(CCCCCl)c(=O)oc3c2C)OC1(C)C,4.437438196099663,4.120240000000004,564.0310000000003,39,-7.0,5
CO[C@@H]1[C@@H](OC(=O)c2ccc(C)[nH]2)[C@@H](O)[C@H](Oc2ccc3c(O)c(CC(=O)NCCNC(=O)CCl)c(=O)oc3c2C)OC1(C)C,4.511736885125964,1.5724399999999994,650.0810000000001,45,-8.0,5
CO[C@@H]1[C@@H](OC(=O)c2ccc(C)[nH]2)[C@@H](O)[C@H](Oc2ccc3c(O)c(Cc4ccccc4CN)c(=O)oc3c2C)OC1(C)C,4.406425329671411,3.608240000000001,592.6450000000002,43,-6.9,5
CO[C@@H]1[C@@H](OC(=O)c2ccc(C)[nH]2)[C@@H](O)[C@H](Oc2ccc3c(O)c(Cn4cc(S(N)(=O)=O)c(N)n4)c(=O)oc3c2C)OC1(C)C,4.682603646113878,1.0331400000000004,647.6630000000001,45,-7.3,5
CO[C@@H]1[C@@H](OC(=O)c2ccc(C)[nH]2)[C@@H](O)[C@H](Oc2ccc3c(O)c(-c4cc(=O)nc(N)[nH]4)c(=O)oc3c2C)OC1(C)C,4.61854849390872,1.89124,582.5660000000003,42,-7.3,5
C=C(c1c(O)c2ccc(O[C@@H]3OC(C)(C)[C@H](OC)[C@@H](OC(=O)c4ccc(C)[nH]4)[C@H]3O)c(C)c2oc1=O)[C@H](C)N,4.704006716097001,2.91914,542.5850000000002,39,-6.8,5
CO[C@@H]1[C@@H](OC(=O)c2ccc(C)[nH]2)[C@@H](O)[C@H](Oc2ccc3c(O)c(-c4ccc(CCCN)cc4)c(=O)oc3c2C)OC1(C)C,4.362350841045609,4.117040000000002,606.6720000000003,44,-6.6,5
COCC(N)Cc1c(O)c2ccc(O[C@@H]3OC(C)(C)[C@H](OC)[C@@H](OC(=O)c4ccc(C)[nH]4)[C@H]3O)c(C)c2oc1=O,4.624377972392003,2.07494,560.6000000000003,40,-6.9,5
CO[C@@H]1[C@@H](OC(=O)c2ccc(C)[nH]2)[C@@H](O)[C@H](Oc2ccc3c(O)c(CN4CCC(N)CC4)c(=O)oc3c2C)OC1(C)C,4.46625019498126,2.48184,585.6540000000003,42,-8.0,5
CO[C@@H]1[C@@H](OC(=O)c2ccc(C)[nH]2)[C@@H](O)[C@H](Oc2ccc3c(O)c(Nc4ccon4)c(=O)oc3c2C)OC1(C)C,4.585025702167867,3.2903400000000014,555.5400000000002,40,-7.0,5
CO[C@@H]1[C@@H](OC(=O)c2ccc(C)[nH]2)[C@@H](O)[C@H](Oc2ccc3c(O)c(CCN4CCN(CCN)CC4)c(=O)oc3c2C)OC1(C)C,4.499735921523714,1.6775400000000011,628.7230000000003,45,-7.5,5
C=C(c1c(O)c2ccc(O[C@@H]3OC(C)(C)[C@H](OC)[C@@H](OC(=O)c4ccc(C)[nH]4)[C@H]3O)c(C)c2oc1=O)C(C)N,4.704006716097001,2.91914,542.5850000000002,39,-6.2,5
CO[C@@H]1[C@@H](OC(=O)c2ccc(C)[nH]2)[C@@H](O)[C@H](Oc2ccc3c(O)c(C(N)C(=O)NC4CC4)c(=O)oc3c2C)OC1(C)C,4.624786248073587,1.83714,585.6100000000002,42,-7.7,5
CO[C@@H]1[C@@H](OC(=O)c2ccc(C)[nH]2)[C@@H](O)[C@H](Oc2ccc3c(O)c(Nc4ccccc4Cl)c(=O)oc3c2C)OC1(C)C,4.349718099490543,4.955740000000004,599.0360000000001,42,-6.9,5
CO[C@@H]1[C@@H](OC(=O)c2ccc(C)[nH]2)[C@@H](O)[C@H](Oc2ccc3c(O)c(Cn4cncc(N)c4=O)c(=O)oc3c2C)OC1(C)C,4.59903347446779,1.7459399999999992,596.5930000000002,43,-6.4,5
CO[C@@H]1[C@@H](OC(=O)c2ccc(C)[nH]2)[C@@H](O)[C@H](Oc2ccc3c(O)c(Cn4ncnc4N)c(=O)oc3c2C)OC1(C)C,4.648162973251903,1.78074,569.5710000000003,41,-7.4,5
CO[C@@H]1[C@@H](OC(=O)c2ccc(C)[nH]2)[C@@H](O)[C@H](Oc2ccc3c(O)c(Cn4nncc4N)c(=O)oc3c2C)OC1(C)C,4.706599869099419,1.780739999999999,569.5710000000003,41,-7.4,5
CC[C@H](C)Nc1c(O)c2ccc(O[C@@H]3OC(C)(C)[C@H](OC)[C@@H](OC(=O)c4ccc(C)[nH]4)[C@H]3O)c(C)c2oc1=O,4.559492517465444,3.769140000000002,544.6010000000002,39,-7.7,5
CO[C@@H]1[C@@H](OC(=O)c2ccc(C)[nH]2)[C@@H](O)[C@H](Oc2ccc3c(O)c(-c4cc(N)on4)c(=O)oc3c2C)OC1(C)C,4.586690653972818,2.7959400000000008,555.5400000000002,40,-7.6,5
CO[C@@H]1[C@@H](OC(=O)c2ccc(C)[nH]2)[C@@H](O)[C@H](Oc2ccc3c(O)c(Oc4ccccc4N)c(=O)oc3c2C)OC1(C)C,4.38113693238179,3.9332400000000014,580.5900000000003,42,-7.6,5
CO[C@@H]1[C@@H](OC(=O)c2ccc(C)[nH]2)[C@@H](O)[C@H](Oc2ccc3c(O)c(C[C@H](N)CCO)c(=O)oc3c2C)OC1(C)C,4.643490745857071,1.81094,560.6000000000003,40,-7.5,5
CO[C@@H]1[C@@H](OC(=O)c2ccc(C)[nH]2)[C@@H](O)[C@H](Oc2ccc3c(O)c(C4ONC(=O)[C@@H]4N)c(=O)oc3c2C)OC1(C)C,5.038847511760778,0.9885399999999992,573.5550000000002,41,-7.4,5
CO[C@@H]1[C@@H](OC(=O)c2ccc(C)[nH]2)[C@@H](O)[C@H](Oc2ccc3c(O)c(COc4ccccc4N)c(=O)oc3c2C)OC1(C)C,4.379847695540834,3.719940000000002,594.6170000000002,43,-8.4,5
C=CC(N)Cc1c(O)c2ccc(O[C@@H]3OC(C)(C)[C@H](OC)[C@@H](OC(=O)c4ccc(C)[nH]4)[C@H]3O)c(C)c2oc1=O,4.737533156072121,2.6145400000000008,542.5850000000003,39,-7.7,5
CO[C@@H]1[C@@H](OC(=O)c2ccc(C)[nH]2)[C@@H](O)[C@H](Oc2ccc3c(O)c(OCCOCCCN)c(=O)oc3c2C)OC1(C)C,4.460829903204072,2.3029400000000004,590.6260000000003,42,-6.9,5
CO[C@@H]1[C@@H](OC(=O)c2ccc(C)[nH]2)[C@@H](O)[C@H](Oc2ccc3c(O)c(OCC[C@H](O)CN)c(=O)oc3c2C)OC1(C)C,4.6288648689755325,1.6472399999999998,576.5990000000003,41,-7.3,5
CO[C@@H]1[C@@H](OC(=O)c2ccc(C)[nH]2)[C@@H](O)[C@H](Oc2ccc3c(O)c(-c4ccc(CN)cn4)c(=O)oc3c2C)OC1(C)C,4.45504794033935,3.0794400000000017,579.6060000000002,42,-8.8,5
CO[C@@H]1[C@@H](OC(=O)c2ccc(C)[nH]2)[C@@H](O)[C@H](Oc2ccc3c(O)c(CNC(=O)c4cccc(CCN)c4)c(=O)oc3c2C)OC1(C)C,4.429362704973226,2.9899400000000007,649.6970000000002,47,-8.4,5
CO[C@@H]1[C@@H](OC(=O)c2ccc(C)[nH]2)[C@@H](O)[C@H](Oc2ccc3c(O)c(CNC(=O)Cn4ccc(N)n4)c(=O)oc3c2C)OC1(C)C,4.57019601482396,1.653839999999999,625.6350000000001,45,-8.2,5
CO[C@@H]1[C@@H](OC(=O)c2ccc(C)[nH]2)[C@@H](O)[C@H](Oc2ccc3c(O)c(NCC(=O)NC(C)C)c(=O)oc3c2C)OC1(C)C,4.462569300104812,2.495240000000001,587.6260000000002,42,-7.7,5
CO[C@@H]1[C@@H](OC(=O)c2ccc(C)[nH]2)[C@@H](O)[C@H](Oc2ccc3c(O)c(CN(C)C[C@@H](O)CN)c(=O)oc3c2C)OC1(C)C,4.700121470745653,1.31014,589.6420000000003,42,-6.7,5
CO[C@@H]1[C@@H](OC(=O)c2ccc(C)[nH]2)[C@@H](O)[C@H](Oc2ccc3c(O)c(CN(C)CC(O)CN)c(=O)oc3c2C)OC1(C)C,4.700121470745653,1.31014,589.6420000000003,42,-6.9,5
CO[C@@H]1[C@@H](OC(=O)c2ccc(C)[nH]2)[C@@H](O)[C@H](Oc2ccc3c(O)c(-c4cccc(N)n4)c(=O)oc3c2C)OC1(C)C,4.444483599528281,3.2029400000000017,565.5790000000002,41,-8.7,5
CO[C@@H]1[C@@H](OC(=O)c2ccc(C)[nH]2)[C@@H](O)[C@H](Oc2ccc3c(O)c(NCc4ccccn4)c(=O)oc3c2C)OC1(C)C,4.4148475934713645,3.5658400000000023,579.6060000000002,42,-7.6,5
CO[C@@H]1[C@@H](OC(=O)c2ccc(C)[nH]2)[C@@H](O)[C@H](Oc2ccc3c(O)c(C(N)C4(O)COC4)c(=O)oc3c2C)OC1(C)C,4.855992679340844,1.3198399999999997,574.5830000000003,41,-6.6,5
CO[C@@H]1[C@@H](OC(=O)c2ccc(C)[nH]2)[C@@H](O)[C@H](Oc2ccc3c(O)c(CC(=O)NCc4cccc(N)c4)c(=O)oc3c2C)OC1(C)C,4.421774138245642,2.9998400000000016,635.6700000000002,46,-8.2,5
CO[C@@H]1[C@@H](OC(=O)c2ccc(C)[nH]2)[C@@H](O)[C@H](Oc2ccc3c(O)c(C4CN(CCCN)C4)c(=O)oc3c2C)OC1(C)C,4.563280667821762,2.30674,585.6540000000003,42,-7.1,5
CO[C@@H]1[C@@H](OC(=O)c2ccc(C)[nH]2)[C@@H](O)[C@H](Oc2ccc3c(O)c(NCc4ccc(C(N)=O)cc4)c(=O)oc3c2C)OC1(C)C,4.395257677354978,3.269740000000001,621.6430000000001,45,-8.3,5
CO[C@@H]1[C@@H](OC(=O)c2ccc(C)[nH]2)[C@@H](O)[C@H](Oc2ccc3c(O)c(OCc4ccccc4CN)c(=O)oc3c2C)OC1(C)C,4.4003505888388,3.596440000000001,608.6440000000002,44,-7.7,5
CO[C@@H]1[C@@H](OC(=O)c2ccc(C)[nH]2)[C@@H](O)[C@H](Oc2ccc3c(O)c(OCC(CN)CO)c(=O)oc3c2C)OC1(C)C,4.6890449513931145,1.5047399999999995,576.5990000000003,41,-6.9,5
COc1cc(-c2c(O)c3ccc(O[C@@H]4OC(C)(C)[C@H](OC)[C@@H](OC(=O)c5ccc(C)[nH]5)[C@H]4O)c(C)c3oc2=O)ccc1N,4.401513396240932,3.8165400000000007,594.6170000000001,43,-7.4,5
CO[C@@H]1[C@@H](OC(=O)c2ccc(C)[nH]2)[C@@H](O)[C@H](Oc2ccc3c(O)c(-c4c(N)[nH]c(=O)n(C)c4=O)c(=O)oc3c2C)OC1(C)C,4.67141879700479,1.1949399999999992,612.5920000000001,44,-6.2,5
CO[C@@H]1[C@@H](OC(=O)c2ccc(C)[nH]2)[C@@H](O)[C@H](Oc2ccc3c(O)c(CC(=O)N4CC(C)(N)C4)c(=O)oc3c2C)OC1(C)C,4.612921405502272,1.6608399999999992,599.6370000000003,43,-8.7,5
CO[C@@H]1[C@@H](OC(=O)c2ccc(C)[nH]2)[C@@H](O)[C@H](Oc2ccc3c(O)c(-c4ccc(NC(=O)CCN)cc4)c(=O)oc3c2C)OC1(C)C,4.389429740910693,3.513040000000002,635.6700000000002,46,-7.3,5
CO[C@@H]1[C@@H](OC(=O)c2ccc(C)[nH]2)[C@@H](O)[C@H](Oc2ccc3c(O)c(OC4(CN)COC4)c(=O)oc3c2C)OC1(C)C,4.740529160162339,1.6652399999999992,574.5830000000003,41,-7.3,5
CO[C@@H]1[C@@H](OC(=O)c2ccc(C)[nH]2)[C@@H](O)[C@H](Oc2ccc3c(O)c(CC(=O)N4CCC(N)CC4)c(=O)oc3c2C)OC1(C)C,4.499069876406672,2.05094,613.6640000000002,44,-7.2,5
CO[C@@H]1[C@@H](OC(=O)c2ccc(C)[nH]2)[C@@H](O)[C@H](Oc2ccc3c(O)c(C(CO)[C@H](O)CN)c(=O)oc3c2C)OC1(C)C,4.88771401383978,0.9542399999999988,576.5990000000003,41,-7.1,5
CO[C@@H]1[C@@H](OC(=O)c2ccc(C)[nH]2)[C@@H](O)[C@H](Oc2ccc3c(O)c(C4(NC(=O)CN)CC4)c(=O)oc3c2C)OC1(C)C,4.660908166501573,1.6227399999999987,585.6100000000002,42,-7.3,5
CO[C@@H]1[C@@H](OC(=O)c2ccc(C)[nH]2)[C@@H](O)[C@H](Oc2ccc3c(O)c(C4CNC(=O)[C@@H]4N)c(=O)oc3c2C)OC1(C)C,4.927123885387152,1.09944,571.5830000000002,41,-7.6,5
CC[C@@H](C)Nc1c(O)c2ccc(O[C@@H]3OC(C)(C)[C@H](OC)[C@@H](OC(=O)c4ccc(C)[nH]4)[C@H]3O)c(C)c2oc1=O,4.559492517465444,3.769140000000002,544.6010000000002,39,-7.7,5
CO[C@@H]1[C@@H](OC(=O)c2ccc(C)[nH]2)[C@@H](O)[C@H](Oc2ccc3c(O)c(NCCN4CCOCC4)c(=O)oc3c2C)OC1(C)C,4.466625012929329,2.30284,601.6530000000002,43,-8.4,5
CO[C@@H]1[C@@H](OC(=O)c2ccc(C)[nH]2)[C@@H](O)[C@H](Oc2ccc3c(O)c(C4(N)CCCC4)c(=O)oc3c2C)OC1(C)C,4.576713870756036,3.2867400000000018,556.6120000000003,40,-7.5,5
CO[C@@H]1[C@@H](OC(=O)c2ccc(C)[nH]2)[C@@H](O)[C@H](Oc2ccc3c(O)c(-c4ncc(C(N)=O)c(N)n4)c(=O)oc3c2C)OC1(C)C,4.599532562357084,1.69684,609.5920000000001,44,-9.4,5
CO[C@@H]1[C@@H](OC(=O)c2ccc(C)[nH]2)[C@@H](O)[C@H](Oc2ccc3c(O)c(Nc4ccc(CO)cc4)c(=O)oc3c2C)OC1(C)C,4.374808393666238,3.794640000000002,594.6170000000002,43,-7.6,5
CO[C@@H]1[C@@H](OC(=O)c2ccc(C)[nH]2)[C@@H](O)[C@H](Oc2ccc3c(O)c(Nc4ccc(C(=O)NCC(N)=O)cc4)c(=O)oc3c2C)OC1(C)C,4.458795705037407,2.51744,664.6680000000001,48,-7.4,5
CO[C@@H]1[C@@H](OC(=O)c2ccc(C)[nH]2)[C@@H](O)[C@H](Oc2ccc3c(O)c(-c4ccc(=O)n(CCN)n4)c(=O)oc3c2C)OC1(C)C,4.555835674245197,1.7411399999999992,610.6200000000001,44,-7.3,5
CO[C@@H]1[C@@H](OC(=O)c2ccc(C)[nH]2)[C@@H](O)[C@H](Oc2ccc3c(O)c(CN(CCN)CCCO)c(=O)oc3c2C)OC1(C)C,4.577110788679002,1.7018399999999996,603.6690000000003,43,-6.4,5
CO[C@@H]1[C@@H](OC(=O)c2ccc(C)[nH]2)[C@@H](O)[C@H](Oc2ccc3c(O)c(-c4[nH]ncc4N)c(=O)oc3c2C)OC1(C)C,4.601698626000791,2.53104,554.5560000000002,40,-6.5,5
CO[C@@H]1[C@@H](OC(=O)c2ccc(C)[nH]2)[C@@H](O)[C@H](Oc2ccc3c(O)c(O[C@@H](C)CN)c(=O)oc3c2C)OC1(C)C,4.620217045767331,2.28474,546.5730000000003,39,-7.6,5
CO[C@@H]1[C@@H](OC(=O)c2ccc(C)[nH]2)[C@@H](O)[C@H](Oc2ccc3c(O)c(Cn4ccc(N)nc4=O)c(=O)oc3c2C)OC1(C)C,4.581066329748104,1.74594,596.5930000000002,43,-7.2,5
CO[C@@H]1[C@@H](OC(=O)c2ccc(C)[nH]2)[C@@H](O)[C@H](Oc2ccc3c(O)c(Nc4cccc(F)c4)c(=O)oc3c2C)OC1(C)C,4.3638901154056615,4.441440000000003,582.5810000000001,42,-7.4,5
CO[C@@H]1[C@@H](OC(=O)c2ccc(C)[nH]2)[C@@H](O)[C@H](Oc2ccc3c(O)c(Cn4ccnc4CN)c(=O)oc3c2C)OC1(C)C,4.571811600816805,2.26224,582.6100000000002,42,-6.9,5
CO[C@@H]1[C@@H](OC(=O)c2ccc(C)[nH]2)[C@@H](O)[C@H](Oc2ccc3c(O)c(C(N)(Cc4cn(C)nn4)C(N)=O)c(=O)oc3c2C)OC1(C)C,5.054856774505407,0.5692400000000009,640.6500000000002,46,-7.2,5
CO[C@@H]1[C@@H](OC(=O)c2ccc(C)[nH]2)[C@@H](O)[C@H](Oc2ccc3c(O)c(CCC(=O)NCCCCCN)c(=O)oc3c2C)OC1(C)C,4.456098124005103,2.73654,629.7070000000003,45,-7.7,5
COC(=O)c1ccc(Nc2c(O)c3ccc(O[C@@H]4OC(C)(C)[C@H](OC)[C@@H](OC(=O)c5ccc(C)[nH]5)[C@H]4O)c(C)c3oc2=O)cc1,4.36234961283885,4.088940000000002,622.6270000000003,45,-7.3,5
CO[C@@H]1[C@@H](OC(=O)c2ccc(C)[nH]2)[C@@H](O)[C@H](Oc2ccc3c(O)c(C(O)[C@H](C)N)c(=O)oc3c2C)OC1(C)C,4.7440974358053225,1.93934,546.5730000000002,39,-6.5,5
CO[C@@H]1[C@@H](OC(=O)c2ccc(C)[nH]2)[C@@H](O)[C@H](Oc2ccc3c(O)c(CN(CCN)CCOCCO)c(=O)oc3c2C)OC1(C)C,4.637643533434384,1.3283400000000012,633.6950000000003,45,-6.2,5
CCN(CCN)CCc1c(O)c2ccc(O[C@@H]3OC(C)(C)[C@H](OC)[C@@H](OC(=O)c4ccc(C)[nH]4)[C@H]3O)c(C)c2oc1=O,4.547916253106044,2.3818399999999995,587.6700000000002,42,-6.7,5
CO[C@@H]1[C@@H](OC(=O)c2ccc(C)[nH]2)[C@@H](O)[C@H](Oc2ccc3c(O)c(Cn4cc(N)cn4)c(=O)oc3c2C)OC1(C)C,4.534804634245777,2.38574,568.5830000000002,41,-7.5,5
CCC(CN)c1c(O)c2ccc(O[C@@H]3OC(C)(C)[C@H](OC)[C@@H](OC(=O)c4ccc(C)[nH]4)[C@H]3O)c(C)c2oc1=O,4.6137890341563015,3.0110400000000013,544.6010000000002,39,-7.1,5
COC(=O)C(CO)Nc1c(O)c2ccc(O[C@@H]3OC(C)(C)[C@H](OC)[C@@H](OC(=O)c4ccc(C)[nH]4)[C@H]3O)c(C)c2oc1=O,4.644326329045248,1.5045399999999989,590.5820000000002,42,-6.2,5
CO[C@@H]1[C@@H](OC(=O)c2ccc(C)[nH]2)[C@@H](O)[C@H](Oc2ccc3c(O)c(NCCN4CCNC(=O)C4)c(=O)oc3c2C)OC1(C)C,4.599505948233503,1.4024400000000006,614.6520000000002,44,-8.3,5
CO[C@@H]1[C@@H](OC(=O)c2ccc(C)[nH]2)[C@@H](O)[C@H](Oc2ccc3c(O)c(NC(=O)Cn4ccc(N)n4)c(=O)oc3c2C)OC1(C)C,4.539102425675585,1.9761399999999991,611.6080000000001,44,-8.4,5
CO[C@@H]1[C@@H](OC(=O)c2ccc(C)[nH]2)[C@@H](O)[C@H](Oc2ccc3c(O)c(NC(=O)C4(CN)CC4)c(=O)oc3c2C)OC1(C)C,4.582836506582545,2.23614,585.6100000000002,42,-8.3,5
CO[C@@H]1[C@@H](OC(=O)c2ccc(C)[nH]2)[C@@H](O)[C@H](Oc2ccc3c(O)c(NCc4ccc(CO)cc4)c(=O)oc3c2C)OC1(C)C,4.390111244576504,3.663140000000002,608.6440000000001,44,-8.0,5
CO[C@@H]1[C@@H](OC(=O)c2ccc(C)[nH]2)[C@@H](O)[C@H](Oc2ccc3c(O)c(C(O)C(C)N)c(=O)oc3c2C)OC1(C)C,4.7440974358053225,1.93934,546.5730000000002,39,-7.0,5
CO[C@@H]1[C@@H](OC(=O)c2ccc(C)[nH]2)[C@@H](O)[C@H](Oc2ccc3c(O)c(C(N)C(C)C)c(=O)oc3c2C)OC1(C)C,4.612531111701397,3.2145400000000013,544.6010000000002,39,-7.7,5
CO[C@@H]1[C@@H](OC(=O)c2ccc(C)[nH]2)[C@@H](O)[C@H](Oc2ccc3c(O)c(C(O)CCCN)c(=O)oc3c2C)OC1(C)C,4.613558918051849,2.3310400000000007,560.6000000000003,40,-6.8,5
CCc1ccc(CNc2c(O)c3ccc(O[C@@H]4OC(C)(C)[C@H](OC)[C@@H](OC(=O)c5ccc(C)[nH]5)[C@H]4O)c(C)c3oc2=O)cc1,4.358557902836278,4.733240000000005,606.6720000000003,44,-8.4,5
CO[C@@H]1[C@@H](OC(=O)c2ccc(C)[nH]2)[C@@H](O)[C@H](Oc2ccc3c(O)c(-c4ccc(N)c(C)c4)c(=O)oc3c2C)OC1(C)C,4.4014913701629,4.116360000000002,578.6180000000003,42,-7.9,5
CO[C@@H]1[C@@H](OC(=O)c2ccc(C)[nH]2)[C@@H](O)[C@H](Oc2ccc3c(O)c(C4(C)CC4N)c(=O)oc3c2C)OC1(C)C,4.804506227014115,2.547440000000001,542.5850000000003,39,-7.2,5
CO[C@@H]1[C@@H](OC(=O)c2ccc(C)[nH]2)[C@@H](O)[C@H](Oc2ccc3c(O)c(COC(=O)Cn4c(N)n[nH]c4=O)c(=O)oc3c2C)OC1(C)C,4.709547972285618,0.7691400000000002,643.6060000000002,46,-7.8,5
CO[C@@H]1[C@@H](OC(=O)c2ccc(C)[nH]2)[C@@H](O)[C@H](Oc2ccc3c(O)c(CCn4c(N)cc(=O)[nH]c4=O)c(=O)oc3c2C)OC1(C)C,4.659719624337972,1.2336399999999996,626.6190000000001,45,-8.1,5
CO[C@@H]1[C@@H](OC(=O)c2ccc(C)[nH]2)[C@@H](O)[C@H](Oc2ccc3c(O)c(N(CCN)C(C)=O)c(=O)oc3c2C)OC1(C)C,4.624136733669912,1.87034,573.5990000000003,41,-5.6,5
CO[C@@H]1[C@@H](OC(=O)c2ccc(C)[nH]2)[C@@H](O)[C@H](Oc2ccc3c(O)c(-c4nc(N)n(C)n4)c(=O)oc3c2C)OC1(C)C,4.638505259063437,1.9364399999999995,569.5710000000003,41,-8.5,5
CO[C@@H]1[C@@H](OC(=O)c2ccc(C)[nH]2)[C@@H](O)[C@H](Oc2ccc3c(O)c(NC(=O)COc4cccc(CN)c4)c(=O)oc3c2C)OC1(C)C,4.4199814031980775,3.034940000000001,651.6690000000002,47,-8.2,5
CO[C@@H]1[C@@H](OC(=O)c2ccc(C)[nH]2)[C@@H](O)[C@H](Oc2ccc3c(O)c(Nc4cn[nH]c4)c(=O)oc3c2C)OC1(C)C,4.590448155390321,3.025440000000001,554.5560000000002,40,-7.1,5
CO[C@@H]1[C@@H](OC(=O)c2ccc(C)[nH]2)[C@@H](O)[C@H](Oc2ccc3c(O)c(C(CO)C(O)CN)c(=O)oc3c2C)OC1(C)C,4.88771401383978,0.9542399999999988,576.5990000000003,41,-6.6,5
CO[C@@H]1[C@@H](OC(=O)c2ccc(C)[nH]2)[C@@H](O)[C@H](Oc2ccc3c(O)c(C4(N)CN(C#N)C4)c(=O)oc3c2C)OC1(C)C,4.844578729511907,1.5094199999999995,568.5830000000003,41,-7.6,5
CO[C@@H]1[C@@H](OC(=O)c2ccc(C)[nH]2)[C@@H](O)[C@H](Oc2ccc3c(O)c(C4C(N)CN4C#N)c(=O)oc3c2C)OC1(C)C,5.059353418354184,1.72382,568.5830000000002,41,-5.6,5
CCOc1ccc(Nc2c(O)c3ccc(O[C@@H]4OC(C)(C)[C@H](OC)[C@@H](OC(=O)c5ccc(C)[nH]5)[C@H]4O)c(C)c3oc2=O)cc1,4.341479466518498,4.701040000000004,608.6440000000002,44,-8.0,5
CO[C@@H]1[C@@H](OC(=O)c2ccc(C)[nH]2)[C@@H](O)[C@H](Oc2ccc3c(O)c(NCc4cccc(F)c4)c(=O)oc3c2C)OC1(C)C,4.372969996769018,4.309940000000003,596.6080000000002,43,-8.0,5
CO[C@@H]1[C@@H](OC(=O)c2ccc(C)[nH]2)[C@@H](O)[C@H](Oc2ccc3c(O)c(Cc4ccc(N)nc4)c(=O)oc3c2C)OC1(C)C,4.451914651214681,3.1267400000000016,579.6060000000002,42,-8.4,5
CO[C@@H]1[C@@H](OC(=O)c2ccc(C)[nH]2)[C@@H](O)[C@H](Oc2ccc3c(O)c(OC/C=C\CN)c(=O)oc3c2C)OC1(C)C,4.577947437189602,2.452440000000001,558.5840000000003,40,-6.8,5
CCC(C)Nc1c(O)c2ccc(O[C@@H]3OC(C)(C)[C@H](OC)[C@@H](OC(=O)c4ccc(C)[nH]4)[C@H]3O)c(C)c2oc1=O,4.559492517465444,3.769140000000002,544.6010000000002,39,-7.7,5
CO[C@@H]1[C@@H](OC(=O)c2ccc(C)[nH]2)[C@@H](O)[C@H](Oc2ccc3c(O)c(COC(=O)Cn4nnc(N)n4)c(=O)oc3c2C)OC1(C)C,4.693548496213539,0.8708399999999997,628.5950000000001,45,-7.7,5
CO[C@@H]1[C@@H](OC(=O)c2ccc(C)[nH]2)[C@@H](O)[C@H](Oc2ccc3c(O)c(NCCCN4CCC4)c(=O)oc3c2C)OC1(C)C,4.432550327607255,3.066440000000002,585.6540000000003,42,-7.5,5
CO[C@@H]1[C@@H](OC(=O)c2ccc(C)[nH]2)[C@@H](O)[C@H](Oc2ccc3c(O)c(NCCC(=O)Nc4ccccc4)c(=O)oc3c2C)OC1(C)C,4.3610012174779245,3.9994400000000025,635.6700000000001,46,-8.5,5
CO[C@@H]1[C@@H](OC(=O)c2ccc(C)[nH]2)[C@@H](O)[C@H](Oc2ccc3c(O)c(NCC(C)(C)O)c(=O)oc3c2C)OC1(C)C,4.546365619007784,2.7415400000000005,560.6000000000003,40,-7.2,5
CCOc1ccc(CNc2c(O)c3ccc(O[C@@H]4OC(C)(C)[C@H](OC)[C@@H](OC(=O)c5ccc(C)[nH]5)[C@H]4O)c(C)c3oc2=O)cc1,4.358980352292943,4.569540000000004,622.6710000000003,45,-8.2,5
CO[C@@H]1[C@@H](OC(=O)c2ccc(C)[nH]2)[C@@H](O)[C@H](Oc2ccc3c(O)c(CN4CC(CCN)C4)c(=O)oc3c2C)OC1(C)C,4.549886018992332,2.339339999999999,585.6540000000003,42,-7.8,5
CO[C@@H]1[C@@H](OC(=O)c2ccc(C)[nH]2)[C@@H](O)[C@H](Oc2ccc3c(O)c(-c4ccc(N)c(C(N)=O)c4)c(=O)oc3c2C)OC1(C)C,4.458945639280163,2.9068400000000008,607.6160000000002,44,-7.7,5
CO[C@@H]1[C@@H](OC(=O)c2ccc(C)[nH]2)[C@@H](O)[C@H](Oc2ccc3c(O)c(C(c4cn(C)nn4)C(N)C(N)=O)c(=O)oc3c2C)OC1(C)C,5.099065313993947,0.6317400000000009,640.6500000000001,46,-7.2,5
CO[C@@H]1[C@@H](OC(=O)c2ccc(C)[nH]2)[C@@H](O)[C@H](Oc2ccc3c(O)c(C(CO)n4c(N)cc(=O)[nH]c4=O)c(=O)oc3c2C)OC1(C)C,4.91122895912079,0.57264,642.6180000000002,46,-8.2,5
CO[C@@H]1[C@@H](OC(=O)c2ccc(C)[nH]2)[C@@H](O)[C@H](Oc2ccc3c(O)c(C(O)C4(N)COC4)c(=O)oc3c2C)OC1(C)C,4.877233427781592,1.3198399999999992,574.5830000000003,41,-6.9,5
CO[C@@H]1[C@@H](OC(=O)c2ccc(C)[nH]2)[C@@H](O)[C@H](Oc2ccc3c(O)c(-c4cnnc(N)n4)c(=O)oc3c2C)OC1(C)C,4.59668836467464,1.99294,567.5550000000002,41,-6.5,5
CCCCC(N)c1c(O)c2ccc(O[C@@H]3OC(C)(C)[C@H](OC)[C@@H](OC(=O)c4ccc(C)[nH]4)[C@H]3O)c(C)c2oc1=O,4.57368326526427,3.7487400000000015,558.6280000000003,40,-7.3,5
CO[C@@H]1[C@@H](OC(=O)c2ccc(C)[nH]2)[C@@H](O)[C@H](Oc2ccc3c(O)c(Nc4ccccn4)c(=O)oc3c2C)OC1(C)C,4.414165423898602,3.6973400000000014,565.5790000000002,41,-7.1,5
CO[C@@H]1[C@@H](OC(=O)c2ccc(C)[nH]2)[C@@H](O)[C@H](Oc2ccc3c(O)c(C4CNC(=O)[C@H]4N)c(=O)oc3c2C)OC1(C)C,4.927123885387152,1.09944,571.5830000000002,41,-7.4,5
CO[C@@H]1[C@@H](OC(=O)c2ccc(C)[nH]2)[C@@H](O)[C@H](Oc2ccc3c(O)c(NCCCNS(C)(=O)=O)c(=O)oc3c2C)OC1(C)C,4.5358121726926415,1.909939999999999,623.6810000000002,43,-8.0,5
C=C[C@@H](N)Cc1c(O)c2ccc(O[C@@H]3OC(C)(C)[C@H](OC)[C@@H](OC(=O)c4ccc(C)[nH]4)[C@H]3O)c(C)c2oc1=O,4.737533156072121,2.6145400000000008,542.5850000000003,39,-7.2,5
CO[C@@H]1[C@@H](OC(=O)c2ccc(C)[nH]2)[C@@H](O)[C@H](Oc2ccc3c(O)c(C[C@@H](N)CCO)c(=O)oc3c2C)OC1(C)C,4.643490745857071,1.81094,560.6000000000003,40,-7.4,5
CO[C@@H]1[C@@H](OC(=O)c2ccc(C)[nH]2)[C@@H](O)[C@H](Oc2ccc3c(O)c(C(CN)C(O)CO)c(=O)oc3c2C)OC1(C)C,4.829343119868886,0.9542399999999998,576.5990000000003,41,-7.4,5
CO[C@@H]1[C@@H](OC(=O)c2ccc(C)[nH]2)[C@@H](O)[C@H](Oc2ccc3c(O)c(CCn4cnc(N)n4)c(=O)oc3c2C)OC1(C)C,4.616965579596646,1.97514,583.5980000000003,42,-7.5,5
CO[C@@H]1[C@@H](OC(=O)c2ccc(C)[nH]2)[C@@H](O)[C@H](Oc2ccc3c(O)c(-c4cc(N)ccc4O)c(=O)oc3c2C)OC1(C)C,4.437811637721428,3.5135400000000008,580.5900000000003,42,-8.1,5
CO[C@@H]1[C@@H](OC(=O)c2ccc(C)[nH]2)[C@@H](O)[C@H](Oc2ccc3c(O)c(OCCC(O)CN)c(=O)oc3c2C)OC1(C)C,4.6288648689755325,1.6472399999999998,576.5990000000003,41,-7.3,5
CO[C@@H]1[C@@H](OC(=O)c2ccc(C)[nH]2)[C@@H](O)[C@H](Oc2ccc3c(O)c(NC4CCN(C)CC4)c(=O)oc3c2C)OC1(C)C,4.473642370047573,3.064840000000001,585.6540000000002,42,-7.4,5
COC[C@@H](N)Cc1c(O)c2ccc(O[C@@H]3OC(C)(C)[C@H](OC)[C@@H](OC(=O)c4ccc(C)[nH]4)[C@H]3O)c(C)c2oc1=O,4.624377972392003,2.07494,560.6000000000003,40,-6.4,5
CO[C@@H]1[C@@H](OC(=O)c2ccc(C)[nH]2)[C@@H](O)[C@H](Oc2ccc3c(O)c(Cn4cc(CCN)nn4)c(=O)oc3c2C)OC1(C)C,4.59636547188214,1.6997399999999996,597.6250000000002,43,-7.0,5
CO[C@@H]1[C@@H](OC(=O)c2ccc(C)[nH]2)[C@@H](O)[C@H](Oc2ccc3c(O)c(COCCOCCN)c(=O)oc3c2C)OC1(C)C,4.527261600816804,2.05064,590.6260000000003,42,-7.5,5
CO[C@@H]1[C@@H](OC(=O)c2ccc(C)[nH]2)[C@@H](O)[C@H](Oc2ccc3c(O)c(OCc4cccc(CN)c4)c(=O)oc3c2C)OC1(C)C,4.3818648385235415,3.596440000000002,608.6440000000002,44,-8.3,5
CO[C@@H]1[C@@H](OC(=O)c2ccc(C)[nH]2)[C@@H](O)[C@H](Oc2ccc3c(O)c(NC(CO)(CO)CO)c(=O)oc3c2C)OC1(C)C,4.7215798264206015,0.6863399999999995,592.5980000000002,42,-7.2,5
CO[C@@H]1[C@@H](OC(=O)c2ccc(C)[nH]2)[C@@H](O)[C@H](Oc2ccc3c(O)c(C4ONC(=O)[C@H]4N)c(=O)oc3c2C)OC1(C)C,5.038847511760778,0.9885399999999992,573.5550000000002,41,-7.0,5
CO[C@@H]1[C@@H](OC(=O)c2ccc(C)[nH]2)[C@@H](O)[C@H](Oc2ccc3c(O)c(NCCCNC(C)=O)c(=O)oc3c2C)OC1(C)C,4.459883610965576,2.4968400000000006,587.6260000000002,42,-7.5,5
CO[C@@H]1[C@@H](OC(=O)c2ccc(C)[nH]2)[C@@H](O)[C@H](Oc2ccc3c(O)c(Nc4cccc(C(N)=O)c4)c(=O)oc3c2C)OC1(C)C,4.40308856680718,3.4012400000000014,607.6160000000001,44,-8.3,5
CO[C@@H]1[C@@H](OC(=O)c2ccc(C)[nH]2)[C@@H](O)[C@H](Oc2ccc3c(O)c(NC(=O)COc4ccc(CCN)cc4)c(=O)oc3c2C)OC1(C)C,4.416353718077,3.077440000000001,665.6960000000003,48,-8.3,5
CO[C@@H]1[C@@H](OC(=O)c2ccc(C)[nH]2)[C@@H](O)[C@H](Oc2ccc3c(O)c(C(O)[C@@H](C)N)c(=O)oc3c2C)OC1(C)C,4.7440974358053225,1.93934,546.5730000000002,39,-6.5,5
CO[C@@H]1[C@@H](OC(=O)c2ccc(C)[nH]2)[C@@H](O)[C@H](Oc2ccc3c(O)c(NC(=O)c4ccc(N)nc4)c(=O)oc3c2C)OC1(C)C,4.441778840170182,2.788240000000001,608.6040000000002,44,-7.7,5
CO[C@@H]1[C@@H](OC(=O)c2ccc(C)[nH]2)[C@@H](O)[C@H](Oc2ccc3c(O)c(/C(=C/CN)CO)c(=O)oc3c2C)OC1(C)C,4.705962866714207,1.89314,558.5840000000003,40,-7.3,5
CO[C@@H]1[C@@H](OC(=O)c2ccc(C)[nH]2)[C@@H](O)[C@H](Oc2ccc3c(O)c(CCS(=O)(=O)NCCCN)c(=O)oc3c2C)OC1(C)C,4.6004510238955465,1.3694400000000009,637.7080000000002,44,-6.9,5
CO[C@@H]1[C@@H](OC(=O)c2ccc(C)[nH]2)[C@@H](O)[C@H](Oc2ccc3c(O)c(CCc4ccc(N)cc4)c(=O)oc3c2C)OC1(C)C,4.386035413705022,3.926140000000002,592.6450000000002,43,-8.8,5
CO[C@@H]1[C@@H](OC(=O)c2ccc(C)[nH]2)[C@@H](O)[C@H](Oc2ccc3c(O)c(Cn4c(N)cc(=O)n(C)c4=O)c(=O)oc3c2C)OC1(C)C,4.663783091258897,1.04964,626.6190000000001,45,-8.7,5
CO[C@@H]1[C@@H](OC(=O)c2ccc(C)[nH]2)[C@@H](O)[C@H](Oc2ccc3c(O)c(NCC(=O)N4CCN(C)CC4)c(=O)oc3c2C)OC1(C)C,4.505880630208576,1.7446399999999995,628.6790000000002,45,-7.8,5
CO[C@@H]1[C@@H](OC(=O)c2ccc(C)[nH]2)[C@@H](O)[C@H](Oc2ccc3c(O)c(NC(C)(C)C)c(=O)oc3c2C)OC1(C)C,4.480632243547543,3.769140000000003,544.6010000000002,39,-7.2,5
CO[C@@H]1[C@@H](OC(=O)c2ccc(C)[nH]2)[C@@H](O)[C@H](Oc2ccc3c(O)c(C4ONC(=O)C4N)c(=O)oc3c2C)OC1(C)C,5.038847511760778,0.9885399999999992,573.5550000000002,41,-7.7,5
CO[C@@H]1[C@@H](OC(=O)c2ccc(C)[nH]2)[C@@H](O)[C@H](Oc2ccc3c(O)c(Nc4ccccc4O)c(=O)oc3c2C)OC1(C)C,4.3984517864931965,4.007940000000002,580.5900000000001,42,-7.7,5
CO[C@@H]1[C@@H](OC(=O)c2ccc(C)[nH]2)[C@@H](O)[C@H](Oc2ccc3c(O)c(NCCN4CCCCC4)c(=O)oc3c2C)OC1(C)C,4.428840012929328,3.456540000000002,599.6810000000003,43,-7.7,5
CO[C@@H]1[C@@H](OC(=O)c2ccc(C)[nH]2)[C@@H](O)[C@H](Oc2ccc3c(O)c(C(CN)NC(C)=O)c(=O)oc3c2C)OC1(C)C,4.651675839424003,1.694639999999999,573.5990000000003,41,-7.0,5
CO[C@@H]1[C@@H](OC(=O)c2ccc(C)[nH]2)[C@@H](O)[C@H](Oc2ccc3c(O)c(NC(=O)CN4CCC(N)CC4)c(=O)oc3c2C)OC1(C)C,4.475391176114284,1.92034,628.6790000000002,45,-7.6,5
CO[C@@H]1[C@@H](OC(=O)c2ccc(C)[nH]2)[C@@H](O)[C@H](Oc2ccc3c(O)c(C(O)C[C@H](O)CN)c(=O)oc3c2C)OC1(C)C,4.825754346480112,1.30184,576.5990000000003,41,-6.2,5
CO[C@@H]1[C@@H](OC(=O)c2ccc(C)[nH]2)[C@@H](O)[C@H](Oc2ccc3c(O)c(CS(=O)(=O)N4CC(CN)C4)c(=O)oc3c2C)OC1(C)C,4.638831466688048,1.2790400000000006,635.6920000000002,44,-7.0,5
CO[C@@H]1[C@@H](OC(=O)c2ccc(C)[nH]2)[C@@H](O)[C@H](Oc2ccc3c(O)c(NCc4cccc(C)c4)c(=O)oc3c2C)OC1(C)C,4.361042524241545,4.479260000000004,592.6450000000002,43,-8.0,5
CO[C@@H]1[C@@H](OC(=O)c2ccc(C)[nH]2)[C@@H](O)[C@H](Oc2ccc3c(O)c(OCCOCCOCCN)c(=O)oc3c2C)OC1(C)C,4.523845796909418,1.92944,620.6520000000003,44,-6.5,5
CO[C@@H]1[C@@H](OC(=O)c2ccc(C)[nH]2)[C@@H](O)[C@H](Oc2ccc3c(O)c(N(CC#N)C(=O)CN)c(=O)oc3c2C)OC1(C)C,4.742859178647322,1.3740199999999996,584.5820000000003,42,-6.3,5
CO[C@@H]1[C@@H](OC(=O)c2ccc(C)[nH]2)[C@@H](O)[C@H](Oc2ccc3c(O)c(O[C@H](C)CN)c(=O)oc3c2C)OC1(C)C,4.620217045767331,2.28474,546.5730000000003,39,-6.5,5
CO[C@@H]1[C@@H](OC(=O)c2ccc(C)[nH]2)[C@@H](O)[C@H](Oc2ccc3c(O)c(CCNC(=O)c4ccc(N)cc4)c(=O)oc3c2C)OC1(C)C,4.400519746967628,3.113440000000001,635.6700000000002,46,-8.8,5
CO[C@@H]1[C@@H](OC(=O)c2ccc(C)[nH]2)[C@@H](O)[C@H](Oc2ccc3c(O)c(CCOCCCN)c(=O)oc3c2C)OC1(C)C,4.490776315661706,2.46664,574.6270000000004,41,-7.1,5
CO[C@@H]1[C@@H](OC(=O)c2ccc(C)[nH]2)[C@@H](O)[C@H](Oc2ccc3c(O)c(-c4cnc(N)nc4)c(=O)oc3c2C)OC1(C)C,4.494062632884306,2.5979400000000004,566.5670000000002,41,-8.5,5
CO[C@@H]1[C@@H](OC(=O)c2ccc(C)[nH]2)[C@@H](O)[C@H](Oc2ccc3c(O)c(-c4ccc(OCCCN)cc4)c(=O)oc3c2C)OC1(C)C,4.374000659985251,3.9533400000000016,622.6710000000002,45,-7.6,5
CO[C@@H]1[C@@H](OC(=O)c2ccc(C)[nH]2)[C@@H](O)[C@H](Oc2ccc3c(O)c(CC(N)CCO)c(=O)oc3c2C)OC1(C)C,4.643490745857071,1.81094,560.6000000000003,40,-7.5,5
CO[C@@H]1[C@@H](OC(=O)c2ccc(C)[nH]2)[C@@H](O)[C@H](Oc2ccc3c(O)c(OCCCN(CCN)CCO)c(=O)oc3c2C)OC1(C)C,4.581676039637856,1.5806400000000007,633.6950000000003,45,-7.2,5
CO[C@@H]1[C@@H](OC(=O)c2ccc(C)[nH]2)[C@@H](O)[C@H](Oc2ccc3c(O)c(CCOc4c(N)c(=O)c4=O)c(=O)oc3c2C)OC1(C)C,4.666501793126316,1.35844,612.5880000000002,44,-7.6,5
CO[C@@H]1[C@@H](OC(=O)c2ccc(C)[nH]2)[C@@H](O)[C@H](Oc2ccc3c(O)c(C(O)CC(O)CN)c(=O)oc3c2C)OC1(C)C,4.825754346480112,1.30184,576.5990000000003,41,-6.2,5
CO[C@@H]1[C@@H](OC(=O)c2ccc(C)[nH]2)[C@@H](O)[C@H](Oc2ccc3c(O)c(NCC4CCC4)c(=O)oc3c2C)OC1(C)C,4.44091834628051,3.770740000000002,556.6120000000003,40,-7.4,5
CO[C@@H]1[C@@H](OC(=O)c2ccc(C)[nH]2)[C@@H](O)[C@H](Oc2ccc3c(O)c(C(N)c4nnn[nH]4)c(=O)oc3c2C)OC1(C)C,4.877658449399533,1.1199399999999993,570.5590000000002,41,-6.7,5
CO[C@@H]1[C@@H](OC(=O)c2ccc(C)[nH]2)[C@@H](O)[C@H](Oc2ccc3c(O)c(-c4cnn(CCN)c4)c(=O)oc3c2C)OC1(C)C,4.557587065007786,2.3809400000000007,582.6100000000002,42,-8.3,5
CO[C@@H]1[C@@H](OC(=O)c2ccc(C)[nH]2)[C@@H](O)[C@H](Oc2ccc3c(O)c(NC(C#N)C(N)=O)c(=O)oc3c2C)OC1(C)C,4.836454633602798,1.3481199999999998,570.5550000000002,41,-6.4,5
CO[C@@H]1[C@@H](OC(=O)c2ccc(C)[nH]2)[C@@H](O)[C@H](Oc2ccc3c(O)c(C(N)COCCO)c(=O)oc3c2C)OC1(C)C,4.682036572272236,1.5674399999999993,576.5990000000003,41,-7.4,5
CO[C@@H]1[C@@H](OC(=O)c2ccc(C)[nH]2)[C@@H](O)[C@H](Oc2ccc3c(O)c(CCn4nnc(N)n4)c(=O)oc3c2C)OC1(C)C,4.675518099490544,1.370139999999999,584.5860000000002,42,-7.4,5
CO[C@@H]1[C@@H](OC(=O)c2ccc(C)[nH]2)[C@@H](O)[C@H](Oc2ccc3c(O)c(NCCS(C)(=O)=O)c(=O)oc3c2C)OC1(C)C,4.514775818908997,2.0152399999999995,594.6390000000002,41,-7.4,5
CO[C@@H]1[C@@H](OC(=O)c2ccc(C)[nH]2)[C@@H](O)[C@H](Oc2ccc3c(O)c(OC(C)CN)c(=O)oc3c2C)OC1(C)C,4.620217045767331,2.28474,546.5730000000003,39,-7.4,5
CO[C@@H]1[C@@H](OC(=O)c2ccc(C)[nH]2)[C@@H](O)[C@H](Oc2ccc3c(O)c(CCCN(C)CCN)c(=O)oc3c2C)OC1(C)C,4.5360386611328,2.3818399999999995,587.6700000000003,42,-7.3,5
CO[C@@H]1[C@@H](OC(=O)c2ccc(C)[nH]2)[C@@H](O)[C@H](Oc2ccc3c(O)c(NCc4nnn[nH]4)c(=O)oc3c2C)OC1(C)C,4.697154087866213,1.683939999999999,570.5590000000002,41,-8.0,5
CO[C@@H]1[C@@H](OC(=O)c2ccc(C)[nH]2)[C@@H](O)[C@H](Oc2ccc3c(O)c(N(C)C(=O)C(N)CO)c(=O)oc3c2C)OC1(C)C,4.778275603524843,0.8411399999999998,589.5980000000002,42,-5.3,5
CO[C@@H]1[C@@H](OC(=O)c2ccc(C)[nH]2)[C@@H](O)[C@H](Oc2ccc3c(O)c(COC(=O)C(O)CN)c(=O)oc3c2C)OC1(C)C,4.719747786535127,0.9215399999999996,590.5820000000002,42,-7.1,5
CO[C@@H]1[C@@H](OC(=O)c2ccc(C)[nH]2)[C@@H](O)[C@H](Oc2ccc3c(O)c(-c4[nH]c(=O)[nH]c(=O)c4N)c(=O)oc3c2C)OC1(C)C,4.694528149024003,1.184539999999999,598.5650000000002,43,-8.2,5
CO[C@@H]1[C@@H](OC(=O)c2ccc(C)[nH]2)[C@@H](O)[C@H](Oc2ccc3c(O)c(C4(CN)CS(=O)(=O)CC4O)c(=O)oc3c2C)OC1(C)C,5.156312689973624,0.5445400000000014,636.6760000000002,44,-6.6,5
CO[C@@H]1[C@@H](OC(=O)c2ccc(C)[nH]2)[C@@H](O)[C@H](Oc2ccc3c(O)c(NCCN4CCN(C)CC4)c(=O)oc3c2C)OC1(C)C,4.47433558253363,2.21804,614.6960000000003,44,-8.2,5
CO[C@@H]1[C@@H](OC(=O)c2ccc(C)[nH]2)[C@@H](O)[C@H](Oc2ccc3c(O)c(C(CN)N(C)C)c(=O)oc3c2C)OC1(C)C,4.6508819596891104,2.12014,559.6160000000002,40,-5.2,5
CO[C@@H]1[C@@H](OC(=O)c2ccc(C)[nH]2)[C@@H](O)[C@H](Oc2ccc3c(O)c(Nc4ncccn4)c(=O)oc3c2C)OC1(C)C,4.468363399607103,3.092340000000001,566.5670000000001,41,-8.3,5
CO[C@@H]1[C@@H](OC(=O)c2ccc(C)[nH]2)[C@@H](O)[C@H](Oc2ccc3c(O)c(NCCN(C)CCO)c(=O)oc3c2C)OC1(C)C,4.545321604276612,1.89474,589.6420000000003,42,-6.7,5
CO[C@@H]1[C@@H](OC(=O)c2ccc(C)[nH]2)[C@@H](O)[C@H](Oc2ccc3c(O)c(C4C(N)C(=O)NN4C)c(=O)oc3c2C)OC1(C)C,5.048939292825287,0.9037400000000008,586.5980000000002,42,-7.8,5
CO[C@@H]1[C@@H](OC(=O)c2ccc(C)[nH]2)[C@@H](O)[C@H](Oc2ccc3c(O)c(CCS(=O)(=O)CCN)c(=O)oc3c2C)OC1(C)C,4.6205162636675645,1.47474,608.6660000000003,42,-6.9,5
CO[C@@H]1[C@@H](OC(=O)c2ccc(C)[nH]2)[C@@H](O)[C@H](Oc2ccc3c(O)c(OCCNC(=O)c4ccccc4N)c(=O)oc3c2C)OC1(C)C,4.426518917990977,2.949740000000001,651.6690000000002,47,-8.5,5
CO[C@@H]1[C@@H](OC(=O)c2ccc(C)[nH]2)[C@@H](O)[C@H](Oc2ccc3c(O)c(OCC(=O)Nc4cccc(N)c4)c(=O)oc3c2C)OC1(C)C,4.398483163079075,3.158440000000001,637.6420000000002,46,-7.9,5
CO[C@@H]1[C@@H](OC(=O)c2ccc(C)[nH]2)[C@@H](O)[C@H](Oc2ccc3c(O)c(OCc4nnc(N)o4)c(=O)oc3c2C)OC1(C)C,4.589570486758447,2.10294,586.5540000000002,42,-7.5,5
CO[C@@H]1[C@@H](OC(=O)c2ccc(C)[nH]2)[C@@H](O)[C@H](Oc2ccc3c(O)c(Cn4nc(N)n(C)c4=O)c(=O)oc3c2C)OC1(C)C,4.690621640148263,1.0844399999999996,599.5970000000002,43,-7.4,5
CO[C@@H]1[C@@H](OC(=O)c2ccc(C)[nH]2)[C@@H](O)[C@H](Oc2ccc3c(O)c(-c4ccc(N)cn4)c(=O)oc3c2C)OC1(C)C,4.451232680535769,3.202940000000001,565.5790000000002,41,-8.1,5
CO[C@@H]1[C@@H](OC(=O)c2ccc(C)[nH]2)[C@@H](O)[C@H](Oc2ccc3c(O)c(C(C)(O)CN)c(=O)oc3c2C)OC1(C)C,4.761245397415683,1.7249399999999997,546.5730000000003,39,-7.2,5
CO[C@@H]1[C@@H](OC(=O)c2ccc(C)[nH]2)[C@@H](O)[C@H](Oc2ccc3c(O)c(CCNC(=O)CCl)c(=O)oc3c2C)OC1(C)C,4.466433418404097,2.45624,593.0290000000002,41,-7.6,6
CO[C@@H]1[C@@H](OC(=O)c2ccc(C)[nH]2)[C@@H](O)[C@H](Oc2ccc3c(O)c(COCC(=O)NNC(=O)CCl)c(=O)oc3c2C)OC1(C)C,4.605241200322963,1.4615399999999996,652.0530000000001,45,-7.8,6
CO[C@@H]1[C@@H](OC(=O)c2ccc(C)[nH]2)[C@@H](O)[C@H](Oc2ccc3c(O)c(CNC(=O)NC(=O)CCl)c(=O)oc3c2C)OC1(C)C,4.508463060266607,2.1233400000000007,622.027,43,-7.8,6
CO[C@@H]1[C@@H](OC(=O)c2ccc(C)[nH]2)[C@@H](O)[C@H](Oc2ccc3c(O)c(NC(=O)CBr)c(=O)oc3c2C)OC1(C)C,4.446029660093261,2.8921400000000013,609.426,39,-7.0,6
CO[C@@H]1[C@@H](OC(=O)c2ccc(C)[nH]2)[C@@H](O)[C@H](Oc2ccc3c(O)c(OCCBr)c(=O)oc3c2C)OC1(C)C,4.447374611943796,3.332440000000002,596.4270000000001,38,-7.0,6
CO[C@@H]1[C@@H](OC(=O)c2ccc(C)[nH]2)[C@@H](O)[C@H](Oc2ccc3c(O)c(OCNC(=O)CCl)c(=O)oc3c2C)OC1(C)C,4.585426275546954,2.2500400000000003,595.0010000000002,41,-7.3,6
CO[C@@H]1[C@@H](OC(=O)c2ccc(C)[nH]2)[C@@H](O)[C@H](Oc2ccc3c(O)c(C(C)(C)Cl)c(=O)oc3c2C)OC1(C)C,4.591931538501402,4.032640000000002,550.0040000000002,38,-5.4,6
CO[C@@H]1[C@@H](OC(=O)c2ccc(C)[nH]2)[C@@H](O)[C@H](Oc2ccc3c(O)c(CN(C)CCOCCN)c(=O)oc3c2C)OC1(C)C,4.562931388418246,1.96584,603.6690000000003,43,-6.5,6
CO[C@@H]1[C@@H](OC(=O)c2ccc(C)[nH]2)[C@@H](O)[C@H](Oc2ccc3c(O)c(CNC(=O)Cn4cc(N)cn4)c(=O)oc3c2C)OC1(C)C,4.577830382069618,1.653839999999999,625.6350000000001,45,-8.2,6
CO[C@@H]1[C@@H](OC(=O)c2ccc(C)[nH]2)[C@@H](O)[C@H](Oc2ccc3c(O)c(C4[C@@H](O)[C@H](N)CS4(=O)=O)c(=O)oc3c2C)OC1(C)C,5.176814591036472,0.71644,622.6490000000001,43,-7.8,6
CO[C@@H]1[C@@H](OC(=O)c2ccc(C)[nH]2)[C@@H](O)[C@H](Oc2ccc3c(O)c(Nc4nnc[nH]4)c(=O)oc3c2C)OC1(C)C,4.762993685535851,2.42044,555.5440000000001,40,-6.9,6
CO[C@@H]1[C@@H](OC(=O)c2ccc(C)[nH]2)[C@@H](O)[C@H](Oc2ccc3c(O)c(OCC[C@H](C)N)c(=O)oc3c2C)OC1(C)C,4.593779242681348,2.674840000000001,560.6000000000003,40,-7.3,6
COC(=O)C(N)(CO)c1c(O)c2ccc(O[C@@H]3OC(C)(C)[C@H](OC)[C@@H](OC(=O)c4ccc(C)[nH]4)[C@H]3O)c(C)c2oc1=O,4.85312938160517,0.8780399999999997,590.5820000000002,42,-6.7,6
CO[C@@H]1[C@@H](OC(=O)c2ccc(C)[nH]2)[C@@H](O)[C@H](Oc2ccc3c(O)c(C(N)C4COC4)c(=O)oc3c2C)OC1(C)C,4.727846850303084,2.20494,558.5840000000003,40,-7.1,6
COc1ccccc1CNc1c(O)c2ccc(O[C@@H]3OC(C)(C)[C@H](OC)[C@@H](OC(=O)c4ccc(C)[nH]4)[C@H]3O)c(C)c2oc1=O,4.364104308889241,4.179440000000002,608.6440000000002,44,-8.6,6
CO[C@@H]1[C@@H](OC(=O)c2ccc(C)[nH]2)[C@@H](O)[C@H](Oc2ccc3c(O)c(-c4ccc(C)c(N)c4)c(=O)oc3c2C)OC1(C)C,4.403598393574271,4.116360000000002,578.6180000000003,42,-9.1,6
CO[C@@H]1[C@@H](OC(=O)c2ccc(C)[nH]2)[C@@H](O)[C@H](Oc2ccc3c(O)c(CC(CN)(CO)CO)c(=O)oc3c2C)OC1(C)C,4.735407761643272,1.0309400000000002,590.6260000000003,42,-6.2,6
CO[C@@H]1[C@@H](OC(=O)c2ccc(C)[nH]2)[C@@H](O)[C@H](Oc2ccc3c(O)c(C(O)Cn4c(N)cc(=O)[nH]c4=O)c(=O)oc3c2C)OC1(C)C,4.8628648975823285,0.7245400000000002,642.6180000000002,46,-7.4,6
CO[C@@H]1[C@@H](OC(=O)c2ccc(C)[nH]2)[C@@H](O)[C@H](Oc2ccc3c(O)c(CNC(=O)c4ccc(N)nn4)c(=O)oc3c2C)OC1(C)C,4.560531622764408,1.86094,623.6190000000001,45,-8.7,6
CO[C@@H]1[C@@H](OC(=O)c2ccc(C)[nH]2)[C@@H](O)[C@H](Oc2ccc3c(O)c(CC4(O)CN(CCN)C4)c(=O)oc3c2C)OC1(C)C,4.692725782160098,1.1066400000000003,601.6530000000002,43,-7.0,6
COC[C@H](O)C(N)c1c(O)c2ccc(O[C@@H]3OC(C)(C)[C@H](OC)[C@@H](OC(=O)c4ccc(C)[nH]4)[C@H]3O)c(C)c2oc1=O,4.831735635461401,1.565839999999999,576.5990000000003,41,-7.5,6
CO[C@@H]1[C@@H](OC(=O)c2ccc(C)[nH]2)[C@@H](O)[C@H](Oc2ccc3c(O)c(N4OC[C@@H](N)C4=O)c(=O)oc3c2C)OC1(C)C,4.930453879964544,1.1642399999999993,573.5550000000003,41,-6.3,6
CO[C@@H]1[C@@H](OC(=O)c2ccc(C)[nH]2)[C@@H](O)[C@H](Oc2ccc3c(O)c(C(O)(CO)Cn4ccc(N)nc4=O)c(=O)oc3c2C)OC1(C)C,5.0326140937314765,0.5777399999999993,656.6450000000001,47,-8.0,6
CO[C@@H]1[C@@H](OC(=O)c2ccc(C)[nH]2)[C@@H](O)[C@H](Oc2ccc3c(O)c(C(C)CCN)c(=O)oc3c2C)OC1(C)C,4.616206886115663,3.0110400000000013,544.6010000000003,39,-7.1,6
CO[C@@H]1[C@@H](OC(=O)c2ccc(C)[nH]2)[C@@H](O)[C@H](Oc2ccc3c(O)c(C=C[C@H](C)N)c(=O)oc3c2C)OC1(C)C,4.711998758394326,2.9191400000000014,542.5850000000003,39,-7.5,6
CO[C@@H]1[C@@H](OC(=O)c2ccc(C)[nH]2)[C@@H](O)[C@H](Oc2ccc3c(O)c(COC(=O)CCCCN)c(=O)oc3c2C)OC1(C)C,4.461001401456056,2.7309400000000004,602.6370000000003,43,-7.7,6
CO[C@@H]1[C@@H](OC(=O)c2ccc(C)[nH]2)[C@@H](O)[C@H](Oc2ccc3c(O)c(NCCC(CO)CO)c(=O)oc3c2C)OC1(C)C,4.618338995580961,1.9615399999999992,590.6260000000002,42,-6.8,6
CO[C@@H]1[C@@H](OC(=O)c2ccc(C)[nH]2)[C@@H](O)[C@H](Oc2ccc3c(O)c(-c4cc(N)cn(CC(N)=O)c4=O)c(=O)oc3c2C)OC1(C)C,4.643638679977924,1.45494,638.6300000000002,46,-6.9,6
CO[C@@H]1[C@@H](OC(=O)c2ccc(C)[nH]2)[C@@H](O)[C@H](Oc2ccc3c(O)c(OCC[C@@H](N)CO)c(=O)oc3c2C)OC1(C)C,4.638093577766742,1.6472399999999998,576.5990000000003,41,-7.1,6
CO[C@@H]1[C@@H](OC(=O)c2ccc(C)[nH]2)[C@@H](O)[C@H](Oc2ccc3c(O)c(NCCC(C)C)c(=O)oc3c2C)OC1(C)C,4.440983050200444,4.016740000000003,558.6280000000003,40,-7.4,6
CO[C@@H]1[C@@H](OC(=O)c2ccc(C)[nH]2)[C@@H](O)[C@H](Oc2ccc3c(O)c(COc4ccc(CCN)cc4)c(=O)oc3c2C)OC1(C)C,4.385777644600637,3.6389400000000025,622.6710000000002,45,-8.5,6
CO[C@@H]1[C@@H](OC(=O)c2ccc(C)[nH]2)[C@@H](O)[C@H](Oc2ccc3c(O)c(CCn4nnc(CN)n4)c(=O)oc3c2C)OC1(C)C,4.719542718165269,1.2466399999999989,598.6130000000002,43,-8.0,6
CO[C@@H]1[C@@H](OC(=O)c2ccc(C)[nH]2)[C@@H](O)[C@H](Oc2ccc3c(O)c(C4C(O)C(N)CS4(=O)=O)c(=O)oc3c2C)OC1(C)C,5.176814591036472,0.71644,622.6490000000001,43,-8.3,6
CO[C@@H]1[C@@H](OC(=O)c2ccc(C)[nH]2)[C@@H](O)[C@H](Oc2ccc3c(O)c(NC(CO)C(C)O)c(=O)oc3c2C)OC1(C)C,4.810751851677617,1.7123399999999995,576.5990000000002,41,-6.3,6
CO[C@@H]1[C@@H](OC(=O)c2ccc(C)[nH]2)[C@@H](O)[C@H](Oc2ccc3c(O)c(C[C@@H](N)[C@@H](C)O)c(=O)oc3c2C)OC1(C)C,4.767489053023805,1.8093399999999995,560.6000000000003,40,-6.8,6
CO[C@@H]1[C@@H](OC(=O)c2ccc(C)[nH]2)[C@@H](O)[C@H](Oc2ccc3c(O)c(NC4CONC4=O)c(=O)oc3c2C)OC1(C)C,4.878842111754878,1.4006399999999994,573.5550000000002,41,-7.9,6
CO[C@@H]1[C@@H](OC(=O)c2ccc(C)[nH]2)[C@@H](O)[C@H](Oc2ccc3c(O)c(-c4ccccc4OCCN)c(=O)oc3c2C)OC1(C)C,4.404540752773226,3.5632400000000013,608.6440000000002,44,-7.8,6
CO[C@@H]1[C@@H](OC(=O)c2ccc(C)[nH]2)[C@@H](O)[C@H](Oc2ccc3c(O)c(Nc4n[nH]c(=O)[nH]4)c(=O)oc3c2C)OC1(C)C,4.72597590722059,1.7137399999999998,571.5430000000001,41,-7.9,6
CO[C@@H]1[C@@H](OC(=O)c2ccc(C)[nH]2)[C@@H](O)[C@H](Oc2ccc3c(O)c(CN(CCN)C4CC4)c(=O)oc3c2C)OC1(C)C,4.560444012303368,2.48184,585.6540000000003,42,-6.9,6
CO[C@@H]1[C@@H](OC(=O)c2ccc(C)[nH]2)[C@@H](O)[C@H](Oc2ccc3c(O)c(CNC(=O)Cc4cccc(N)c4)c(=O)oc3c2C)OC1(C)C,4.4374922484818615,2.9998400000000016,635.6700000000002,46,-8.8,6
CO[C@@H]1[C@@H](OC(=O)c2ccc(C)[nH]2)[C@@H](O)[C@H](Oc2ccc3c(O)c(NCc4ccc(Cl)cc4)c(=O)oc3c2C)OC1(C)C,4.34260619586404,4.824240000000003,613.063,43,-8.0,6
CO[C@@H]1[C@@H](OC(=O)c2ccc(C)[nH]2)[C@@H](O)[C@H](Oc2ccc3c(O)c(Cn4nnnc4CCCN)c(=O)oc3c2C)OC1(C)C,4.626768117212067,1.4848399999999995,612.6400000000002,44,-6.4,6
CO[C@@H]1[C@@H](OC(=O)c2ccc(C)[nH]2)[C@@H](O)[C@H](Oc2ccc3c(O)c(C4CCC4N)c(=O)oc3c2C)OC1(C)C,4.753135677563565,2.763440000000001,542.5850000000003,39,-6.7,6
CO[C@@H]1[C@@H](OC(=O)c2ccc(C)[nH]2)[C@@H](O)[C@H](Oc2ccc3c(O)c(OCCc4ccc(CN)cc4)c(=O)oc3c2C)OC1(C)C,4.390781090754483,3.6389400000000016,622.6710000000002,45,-8.0,6
CO[C@@H]1[C@@H](OC(=O)c2ccc(C)[nH]2)[C@@H](O)[C@H](Oc2ccc3c(O)c(Oc4cccc(N)c4)c(=O)oc3c2C)OC1(C)C,4.392081362090013,3.9332400000000014,580.5900000000003,42,-7.6,6
CO[C@@H]1[C@@H](OC(=O)c2ccc(C)[nH]2)[C@@H](O)[C@H](Oc2ccc3c(O)c(NC(=O)C4CCN(CCN)CC4)c(=O)oc3c2C)OC1(C)C,4.481952575556363,2.16794,642.7060000000002,46,-7.8,6
CO[C@@H]1[C@@H](OC(=O)c2ccc(C)[nH]2)[C@@H](O)[C@H](Oc2ccc3c(O)c(Cc4cccnc4N)c(=O)oc3c2C)OC1(C)C,4.454910672434841,3.1267400000000016,579.6060000000002,42,-7.6,6
CO[C@@H]1[C@@H](OC(=O)c2ccc(C)[nH]2)[C@@H](O)[C@H](Oc2ccc3c(O)c(CC(=O)N4CCC(CN)CC4)c(=O)oc3c2C)OC1(C)C,4.506601970158949,2.29854,627.6910000000003,45,-8.5,6
CO[C@@H]1[C@@H](OC(=O)c2ccc(C)[nH]2)[C@@H](O)[C@H](Oc2ccc3c(O)c(-c4cnc(N)c(C(N)=O)n4)c(=O)oc3c2C)OC1(C)C,4.608516408510931,1.69684,609.5920000000001,44,-7.8,6
CO[C@@H]1[C@@H](OC(=O)c2ccc(C)[nH]2)[C@@H](O)[C@H](Oc2ccc3c(O)c(NC(=O)Cn4cc(N)cn4)c(=O)oc3c2C)OC1(C)C,4.546926074753779,1.9761399999999991,611.6080000000001,44,-8.1,6
CO[C@@H]1[C@@H](OC(=O)c2ccc(C)[nH]2)[C@@H](O)[C@H](Oc2ccc3c(O)c(N[C@@H]4CONC4=O)c(=O)oc3c2C)OC1(C)C,4.878842111754878,1.4006399999999994,573.5550000000002,41,-7.7,6
COCC(N)C(=O)OCc1c(O)c2ccc(O[C@@H]3OC(C)(C)[C@H](OC)[C@@H](OC(=O)c4ccc(C)[nH]4)[C@H]3O)c(C)c2oc1=O,4.67733650153965,1.5756399999999997,604.6090000000003,43,-7.1,6
CO[C@@H]1[C@@H](OC(=O)c2ccc(C)[nH]2)[C@@H](O)[C@H](Oc2ccc3c(O)c(COC(=O)Cn4cnc(N)n4)c(=O)oc3c2C)OC1(C)C,4.652367354774333,1.4758399999999996,627.6070000000002,45,-7.8,6
CCN(C)C(=O)CNc1c(O)c2ccc(O[C@@H]3OC(C)(C)[C@H](OC)[C@@H](OC(=O)c4ccc(C)[nH]4)[C@H]3O)c(C)c2oc1=O,4.536292781886188,2.4489400000000003,587.6260000000002,42,-7.6,6
CO[C@@H]1[C@@H](OC(=O)c2ccc(C)[nH]2)[C@@H](O)[C@H](Oc2ccc3c(O)c(C(F)(F)CN)c(=O)oc3c2C)OC1(C)C,4.664004111679411,2.6092400000000007,552.5270000000003,39,-7.2,6
CO[C@@H]1[C@@H](OC(=O)c2ccc(C)[nH]2)[C@@H](O)[C@H](Oc2ccc3c(O)c(-c4cnc(N)o4)c(=O)oc3c2C)OC1(C)C,4.597500723902889,2.7959400000000008,555.5400000000002,40,-6.9,6
CO[C@@H]1[C@@H](OC(=O)c2ccc(C)[nH]2)[C@@H](O)[C@H](Oc2ccc3c(O)c(NCc4cccc(C(N)=O)c4)c(=O)oc3c2C)OC1(C)C,4.420876411846292,3.269740000000001,621.6430000000001,45,-8.2,6
CO[C@@H]1[C@@H](OC(=O)c2ccc(C)[nH]2)[C@@H](O)[C@H](Oc2ccc3c(O)c(-c4c(CC(N)C(N)=O)nnn4C)c(=O)oc3c2C)OC1(C)C,4.950206436043867,0.7093400000000014,640.6500000000002,46,-7.0,6
CO[C@@H]1[C@@H](OC(=O)c2ccc(C)[nH]2)[C@@H](O)[C@H](Oc2ccc3c(O)c(Cn4nc(N)c(O)n4)c(=O)oc3c2C)OC1(C)C,4.7898001327047055,1.486339999999999,585.5700000000002,42,-7.1,6
CCN(CCc1c(O)c2ccc(O[C@@H]3OC(C)(C)[C@H](OC)[C@@H](OC(=O)c4ccc(C)[nH]4)[C@H]3O)c(C)c2oc1=O)C(=O)CN,4.57041098926069,1.90844,601.653,43,-7.2,6
CNC(=O)c1ccc(Nc2c(O)c3ccc(O[C@@H]4OC(C)(C)[C@H](OC)[C@@H](OC(=O)c5ccc(C)[nH]5)[C@H]4O)c(C)c3oc2=O)cc1,4.385038322516269,3.661940000000002,621.6430000000003,45,-7.1,6
CO[C@@H]1[C@@H](OC(=O)c2ccc(C)[nH]2)[C@@H](O)[C@H](Oc2ccc3c(O)c(NC(=O)CC4(N)COC4)c(=O)oc3c2C)OC1(C)C,4.664354184526962,1.6150399999999998,601.6090000000003,43,-8.1,6
CO[C@@H]1[C@@H](OC(=O)c2ccc(C)[nH]2)[C@@H](O)[C@H](Oc2ccc3c(O)c(OCCNC(=O)Cn4cc(N)cn4)c(=O)oc3c2C)OC1(C)C,4.604882941659616,1.5326400000000002,655.6610000000002,47,-7.7,6
CO[C@@H]1[C@@H](OC(=O)c2ccc(C)[nH]2)[C@@H](O)[C@H](Oc2ccc3c(O)c(OCc4ccc(N)nc4)c(=O)oc3c2C)OC1(C)C,4.447592621203407,3.1149400000000016,595.6050000000002,43,-8.0,6
CO[C@@H]1[C@@H](OC(=O)c2ccc(C)[nH]2)[C@@H](O)[C@H](Oc2ccc3c(O)c(C[C@@H](O)CCN)c(=O)oc3c2C)OC1(C)C,4.643535205984099,1.81094,560.6000000000003,40,-6.9,6
CO[C@@H]1[C@@H](OC(=O)c2ccc(C)[nH]2)[C@@H](O)[C@H](Oc2ccc3c(O)c(-c4ncc(N)c(=O)[nH]4)c(=O)oc3c2C)OC1(C)C,4.61976213939367,1.89124,582.5660000000003,42,-8.6,6
CO[C@@H]1[C@@H](OC(=O)c2ccc(C)[nH]2)[C@@H](O)[C@H](Oc2ccc3c(O)c(NC4CCOCC4)c(=O)oc3c2C)OC1(C)C,4.489139917825726,3.149640000000001,572.6110000000003,41,-7.6,6
CO[C@@H]1[C@@H](OC(=O)c2ccc(C)[nH]2)[C@@H](O)[C@H](Oc2ccc3c(O)c(NCCNC(=O)N(C)C)c(=O)oc3c2C)OC1(C)C,4.546484362041754,2.24184,602.6410000000002,43,-7.6,6
CO[C@@H]1[C@@H](OC(=O)c2ccc(C)[nH]2)[C@@H](O)[C@H](Oc2ccc3c(O)c(Cc4nnc(CN)n4C)c(=O)oc3c2C)OC1(C)C,4.6137326921992114,1.7367399999999995,597.6250000000002,43,-7.4,6
CO[C@@H]1[C@@H](OC(=O)c2ccc(C)[nH]2)[C@@H](O)[C@H](Oc2ccc3c(O)c(NC(=O)c4cn[nH]c4N)c(=O)oc3c2C)OC1(C)C,4.559008702629459,2.116339999999999,597.5810000000001,43,-7.1,6
CO[C@@H]1[C@@H](OC(=O)c2ccc(C)[nH]2)[C@@H](O)[C@H](Oc2ccc3c(O)c(COC4CN(CCN)C4)c(=O)oc3c2C)OC1(C)C,4.601074022055795,1.7182400000000004,601.6530000000002,43,-7.4,6
CO[C@@H]1[C@@H](OC(=O)c2ccc(C)[nH]2)[C@@H](O)[C@H](Oc2ccc3c(O)c(CN(C)C[C@@H](N)CO)c(=O)oc3c2C)OC1(C)C,4.724858717709216,1.31014,589.6420000000003,42,-6.6,6
CO[C@@H]1[C@@H](OC(=O)c2ccc(C)[nH]2)[C@@H](O)[C@H](Oc2ccc3c(O)c(-c4nccc(CN)n4)c(=O)oc3c2C)OC1(C)C,4.563092104795583,2.4744400000000004,580.5940000000003,42,-8.3,6
CCN(CCN)CCOc1c(O)c2ccc(O[C@@H]3OC(C)(C)[C@H](OC)[C@@H](OC(=O)c4ccc(C)[nH]4)[C@H]3O)c(C)c2oc1=O,4.526808181117072,2.218139999999999,603.6690000000002,43,-7.3,6
CO[C@@H]1[C@@H](OC(=O)c2ccc(C)[nH]2)[C@@H](O)[C@H](Oc2ccc3c(O)c(COC(=O)C4(N)COC4)c(=O)oc3c2C)OC1(C)C,4.691550634231104,1.32964,602.5930000000003,43,-8.0,6
CO[C@@H]1[C@@H](OC(=O)c2ccc(C)[nH]2)[C@@H](O)[C@H](Oc2ccc3c(O)c(C(N)C(F)F)c(=O)oc3c2C)OC1(C)C,4.733574188624475,2.823640000000001,552.5270000000002,39,-7.1,6
CO[C@@H]1[C@@H](OC(=O)c2ccc(C)[nH]2)[C@@H](O)[C@H](Oc2ccc3c(O)c(N[C@@H](CO)[C@@H](C)O)c(=O)oc3c2C)OC1(C)C,4.810751851677617,1.7123399999999995,576.5990000000002,41,-6.1,6
CO[C@@H]1[C@@H](OC(=O)c2ccc(C)[nH]2)[C@@H](O)[C@H](Oc2ccc3c(O)c(NC(C)(C)CO)c(=O)oc3c2C)OC1(C)C,4.555365619007783,2.7415400000000005,560.6000000000003,40,-7.3,6
CO[C@@H]1[C@@H](OC(=O)c2ccc(C)[nH]2)[C@@H](O)[C@H](Oc2ccc3c(O)c(Cc4nnc(N)o4)c(=O)oc3c2C)OC1(C)C,4.599028732271644,2.11474,570.5550000000003,41,-7.8,6
CO[C@@H]1[C@@H](OC(=O)c2ccc(C)[nH]2)[C@@H](O)[C@H](Oc2ccc3c(O)c(N(C)S(=O)(=O)NCCN)c(=O)oc3c2C)OC1(C)C,4.744607877650814,0.7880400000000012,624.6690000000001,43,-5.5,6
CO[C@@H]1[C@@H](OC(=O)c2ccc(C)[nH]2)[C@@H](O)[C@H](Oc2ccc3c(O)c(CC(O)C#CCN)c(=O)oc3c2C)OC1(C)C,4.864606764579928,1.4242399999999995,570.5950000000003,41,-6.8,6
CO[C@@H]1[C@@H](OC(=O)c2ccc(C)[nH]2)[C@@H](O)[C@H](Oc2ccc3c(O)c(Cn4c(N)nn(C)c4=O)c(=O)oc3c2C)OC1(C)C,4.711303296952997,1.0844399999999996,599.5970000000002,43,-6.4,6
COCOCCNc1c(O)c2ccc(O[C@@H]3OC(C)(C)[C@H](OC)[C@@H](OC(=O)c4ccc(C)[nH]4)[C@H]3O)c(C)c2oc1=O,4.529441393946253,2.59114,576.5990000000003,41,-7.1,6
CO[C@@H]1[C@@H](OC(=O)c2ccc(C)[nH]2)[C@@H](O)[C@H](Oc2ccc3c(O)c(C4CC4(O)CN)c(=O)oc3c2C)OC1(C)C,4.934575009269395,1.7358399999999998,558.5840000000003,40,-7.3,6
COC(=O)C(N)C(O)Cc1c(O)c2ccc(O[C@@H]3OC(C)(C)[C@H](OC)[C@@H](OC(=O)c4ccc(C)[nH]4)[C@H]3O)c(C)c2oc1=O,4.831296165778243,0.9624400000000009,604.6090000000003,43,-7.7,6
CO[C@@H]1[C@@H](OC(=O)c2ccc(C)[nH]2)[C@@H](O)[C@H](Oc2ccc3c(O)c(N[C@H]4CONC4=O)c(=O)oc3c2C)OC1(C)C,4.878842111754878,1.4006399999999994,573.5550000000002,41,-7.7,6
CO[C@@H]1[C@@H](OC(=O)c2ccc(C)[nH]2)[C@@H](O)[C@H](Oc2ccc3c(O)c(N4OC[C@H](N)C4=O)c(=O)oc3c2C)OC1(C)C,4.930453879964544,1.1642399999999993,573.5550000000003,41,-7.2,6
CO[C@@H]1[C@@H](OC(=O)c2ccc(C)[nH]2)[C@@H](O)[C@H](Oc2ccc3c(O)c(NCC4(O)COC4)c(=O)oc3c2C)OC1(C)C,4.673167621700799,1.7319399999999994,574.5830000000003,41,-7.8,6
CO[C@@H]1[C@@H](OC(=O)c2ccc(C)[nH]2)[C@@H](O)[C@H](Oc2ccc3c(O)c(Cn4nccc(N)c4=O)c(=O)oc3c2C)OC1(C)C,4.583004791286565,1.74594,596.5930000000002,43,-6.6,6
CO[C@@H]1[C@@H](OC(=O)c2ccc(C)[nH]2)[C@@H](O)[C@H](Oc2ccc3c(O)c(NC(=O)COc4cccc(N)c4)c(=O)oc3c2C)OC1(C)C,4.413955967440069,3.158440000000001,637.6420000000002,46,-7.9,6
CO[C@@H]1[C@@H](OC(=O)c2ccc(C)[nH]2)[C@@H](O)[C@H](Oc2ccc3c(O)c(OCCN(CCN)CCCO)c(=O)oc3c2C)OC1(C)C,4.591088074377311,1.5806400000000007,633.6950000000003,45,-7.0,6
CO[C@@H]1[C@@H](OC(=O)c2ccc(C)[nH]2)[C@@H](O)[C@H](Oc2ccc3c(O)c(C(O)C(O)CCN)c(=O)oc3c2C)OC1(C)C,4.832354346480112,1.30184,576.5990000000003,41,-6.9,6
CO[C@@H]1[C@@H](OC(=O)c2ccc(C)[nH]2)[C@@H](O)[C@H](Oc2ccc3c(O)c(NCC=C(C)C)c(=O)oc3c2C)OC1(C)C,4.576635978923099,3.936840000000003,556.6120000000002,40,-7.7,6
CO[C@@H]1[C@@H](OC(=O)c2ccc(C)[nH]2)[C@@H](O)[C@H](Oc2ccc3c(O)c(Cn4nc(C(N)=O)cc4N)c(=O)oc3c2C)OC1(C)C,4.666181023895546,1.484639999999999,611.6080000000002,44,-8.1,6
CO[C@@H]1[C@@H](OC(=O)c2ccc(C)[nH]2)[C@@H](O)[C@H](Oc2ccc3c(O)c(-c4cccc(OCCN)c4)c(=O)oc3c2C)OC1(C)C,4.40367139590059,3.563240000000002,608.6440000000002,44,-7.5,6
COC[C@@H](O)CNc1c(O)c2ccc(O[C@@H]3OC(C)(C)[C@H](OC)[C@@H](OC(=O)c4ccc(C)[nH]4)[C@H]3O)c(C)c2oc1=O,4.632365967876632,1.97794,576.5990000000003,41,-7.3,6
CO[C@@H]1[C@@H](OC(=O)c2ccc(C)[nH]2)[C@@H](O)[C@H](Oc2ccc3c(O)c(CC(C#N)CN)c(=O)oc3c2C)OC1(C)C,4.798473667522561,2.1997199999999992,555.5840000000003,40,-7.7,6
CNC(=O)C(CN)Cc1c(O)c2ccc(O[C@@H]3OC(C)(C)[C@H](OC)[C@@H](OC(=O)c4ccc(C)[nH]4)[C@H]3O)c(C)c2oc1=O,4.698112563863061,1.4221400000000008,587.6260000000002,42,-7.2,6
CO[C@@H]1[C@@H](OC(=O)c2ccc(C)[nH]2)[C@@H](O)[C@H](Oc2ccc3c(O)c(C(CO)[C@@H](N)CO)c(=O)oc3c2C)OC1(C)C,4.8727950949208605,0.9542399999999998,576.5990000000003,41,-6.9,6
CO[C@@H]1[C@@H](OC(=O)c2ccc(C)[nH]2)[C@@H](O)[C@H](Oc2ccc3c(O)c(-c4ccc(O)c(N)c4)c(=O)oc3c2C)OC1(C)C,4.447470233039153,3.5135400000000008,580.5900000000003,42,-9.0,6
CO[C@@H]1[C@@H](OC(=O)c2ccc(C)[nH]2)[C@@H](O)[C@H](Oc2ccc3c(O)c(C(N)CN(C)C)c(=O)oc3c2C)OC1(C)C,4.680438369945521,2.12014,559.6160000000002,40,-6.5,6
CO[C@@H]1[C@@H](OC(=O)c2ccc(C)[nH]2)[C@@H](O)[C@H](Oc2ccc3c(O)c(NC4CCN(CC(N)=O)CC4)c(=O)oc3c2C)OC1(C)C,4.52480296271478,1.92034,628.6790000000002,45,-7.7,6
CO[C@@H]1[C@@H](OC(=O)c2ccc(C)[nH]2)[C@@H](O)[C@H](Oc2ccc3c(O)c(CC(N)C(C)O)c(=O)oc3c2C)OC1(C)C,4.767489053023805,1.8093399999999995,560.6000000000003,40,-7.0,6
CO[C@@H]1[C@@H](OC(=O)c2ccc(C)[nH]2)[C@@H](O)[C@H](Oc2ccc3c(O)c(C4(O)CS(=O)(=O)CC4CN)c(=O)oc3c2C)OC1(C)C,5.151787673813314,0.7496399999999999,636.6760000000002,44,-5.9,6
CO[C@@H]1[C@@H](OC(=O)c2ccc(C)[nH]2)[C@@H](O)[C@H](Oc2ccc3c(O)c(CN4CCCN(CCN)CC4)c(=O)oc3c2C)OC1(C)C,4.488817398446791,2.0251400000000004,628.7230000000003,45,-7.4,6
CO[C@@H]1[C@@H](OC(=O)c2ccc(C)[nH]2)[C@@H](O)[C@H](Oc2ccc3c(O)c(CNS(=O)(=O)c4ccc(N)cc4)c(=O)oc3c2C)OC1(C)C,4.46223588437353,2.619440000000001,657.6980000000001,46,-8.4,6
CO[C@@H]1[C@@H](OC(=O)c2ccc(C)[nH]2)[C@@H](O)[C@H](Oc2ccc3c(O)c(COCCn4nnnc4N)c(=O)oc3c2C)OC1(C)C,4.680368621625686,1.3442399999999997,614.6120000000002,44,-7.6,6
CO[C@@H]1[C@@H](OC(=O)c2ccc(C)[nH]2)[C@@H](O)[C@H](Oc2ccc3c(O)c(-c4cn(C[C@H](O)CO)c(=O)nc4N)c(=O)oc3c2C)OC1(C)C,4.876799430269937,0.7178399999999994,656.6450000000001,47,-7.9,6
CO[C@@H]1[C@@H](OC(=O)c2ccc(C)[nH]2)[C@@H](O)[C@H](Oc2ccc3c(O)c(OCC[C@@H](C)N)c(=O)oc3c2C)OC1(C)C,4.593779242681348,2.674840000000001,560.6000000000003,40,-7.2,6
COCC(O)C(N)c1c(O)c2ccc(O[C@@H]3OC(C)(C)[C@H](OC)[C@@H](OC(=O)c4ccc(C)[nH]4)[C@H]3O)c(C)c2oc1=O,4.831735635461401,1.565839999999999,576.5990000000003,41,-7.5,6
COC[C@H](O)CNc1c(O)c2ccc(O[C@@H]3OC(C)(C)[C@H](OC)[C@@H](OC(=O)c4ccc(C)[nH]4)[C@H]3O)c(C)c2oc1=O,4.632365967876632,1.97794,576.5990000000003,41,-7.2,6
CO[C@@H]1[C@@H](OC(=O)c2ccc(C)[nH]2)[C@@H](O)[C@H](Oc2ccc3c(O)c(OCCC(C)N)c(=O)oc3c2C)OC1(C)C,4.593779242681348,2.674840000000001,560.6000000000003,40,-7.4,6
CO[C@@H]1[C@@H](OC(=O)c2ccc(C)[nH]2)[C@@H](O)[C@H](Oc2ccc3c(O)c(Cn4c(N)c(C)c(=O)[nH]c4=O)c(=O)oc3c2C)OC1(C)C,4.661036559102527,1.3476599999999994,626.6190000000001,45,-5.8,6
CO[C@@H]1[C@@H](OC(=O)c2ccc(C)[nH]2)[C@@H](O)[C@H](Oc2ccc3c(O)c(C(N)C4(O)CC4)c(=O)oc3c2C)OC1(C)C,4.7830229853301365,2.0834399999999995,558.5840000000003,40,-6.6,6
C=CCCCNc1c(O)c2ccc(O[C@@H]3OC(C)(C)[C@H](OC)[C@@H](OC(=O)c4ccc(C)[nH]4)[C@H]3O)c(C)c2oc1=O,4.518150933693098,3.936840000000002,556.6120000000003,40,-6.6,6
CO[C@@H]1[C@@H](OC(=O)c2ccc(C)[nH]2)[C@@H](O)[C@H](Oc2ccc3c(O)c(NCc4ccccc4F)c(=O)oc3c2C)OC1(C)C,4.377930177764494,4.309940000000003,596.6080000000002,43,-7.7,6
CO[C@@H]1[C@@H](OC(=O)c2ccc(C)[nH]2)[C@@H](O)[C@H](Oc2ccc3c(O)c(Cn4c(N)c(C#N)c(=O)[nH]c4=O)c(=O)oc3c2C)OC1(C)C,4.698558064593311,0.9109199999999996,637.6020000000002,46,-7.6,6
COCC(O)CNc1c(O)c2ccc(O[C@@H]3OC(C)(C)[C@H](OC)[C@@H](OC(=O)c4ccc(C)[nH]4)[C@H]3O)c(C)c2oc1=O,4.632365967876632,1.97794,576.5990000000003,41,-7.4,6
CO[C@@H]1[C@@H](OC(=O)c2ccc(C)[nH]2)[C@@H](O)[C@H](Oc2ccc3c(O)c(NC4(CO)CC4)c(=O)oc3c2C)OC1(C)C,4.608703163115052,2.49554,558.5840000000003,40,-6.9,6
CO[C@@H]1[C@@H](OC(=O)c2ccc(C)[nH]2)[C@@H](O)[C@H](Oc2ccc3c(O)c(CCCC(C)N)c(=O)oc3c2C)OC1(C)C,4.582565128355306,3.228640000000002,558.6280000000003,40,-7.2,6
CO[C@@H]1[C@@H](OC(=O)c2ccc(C)[nH]2)[C@@H](O)[C@H](Oc2ccc3c(O)c(NC4CC4C)c(=O)oc3c2C)OC1(C)C,4.709044821250067,3.3790400000000016,542.5850000000003,39,-7.5,6
CO[C@@H]1[C@@H](OC(=O)c2ccc(C)[nH]2)[C@@H](O)[C@H](Oc2ccc3c(O)c(CCOCC(O)CN)c(=O)oc3c2C)OC1(C)C,4.693465135593391,1.4374399999999998,590.6260000000003,42,-6.9,6
CO[C@@H]1[C@@H](OC(=O)c2ccc(C)[nH]2)[C@@H](O)[C@H](Oc2ccc3c(O)c(-c4n[nH]c(C(=O)NCC(N)=O)c4N)c(=O)oc3c2C)OC1(C)C,4.772865661703994,0.7461400000000007,654.6330000000002,47,-9.0,6
CO[C@@H]1[C@@H](OC(=O)c2ccc(C)[nH]2)[C@@H](O)[C@H](Oc2ccc3c(O)c(CCOCCCCN)c(=O)oc3c2C)OC1(C)C,4.483696348827414,2.8567400000000003,588.6540000000003,42,-7.2,6
COCCOCCNc1c(O)c2ccc(O[C@@H]3OC(C)(C)[C@H](OC)[C@@H](OC(=O)c4ccc(C)[nH]4)[C@H]3O)c(C)c2oc1=O,4.483709478800888,2.6336400000000006,590.6260000000002,42,-7.0,6
CO[C@@H]1[C@@H](OC(=O)c2ccc(C)[nH]2)[C@@H](O)[C@H](Oc2ccc3c(O)c(CNC(=O)COc4cccc(N)c4)c(=O)oc3c2C)OC1(C)C,4.447783415032395,2.836140000000001,651.6690000000002,47,-8.7,6
CO[C@@H]1[C@@H](OC(=O)c2ccc(C)[nH]2)[C@@H](O)[C@H](Oc2ccc3c(O)c(NC(=O)c4nccnc4N)c(=O)oc3c2C)OC1(C)C,4.522674707938776,2.18324,609.5920000000001,44,-8.3,6
CO[C@@H]1[C@@H](OC(=O)c2ccc(C)[nH]2)[C@@H](O)[C@H](Oc2ccc3c(O)c(COC(=O)C(C)(C)N)c(=O)oc3c2C)OC1(C)C,4.572763381291442,2.33924,588.6100000000002,42,-7.5,6
CO[C@@H]1[C@@H](OC(=O)c2ccc(C)[nH]2)[C@@H](O)[C@H](Oc2ccc3c(O)c(-c4cn(CC(O)CO)c(=O)nc4N)c(=O)oc3c2C)OC1(C)C,4.876799430269937,0.7178399999999994,656.6450000000001,47,-8.1,6
COC(=O)C(N)C(O)c1c(O)c2ccc(O[C@@H]3OC(C)(C)[C@H](OC)[C@@H](OC(=O)c4ccc(C)[nH]4)[C@H]3O)c(C)c2oc1=O,4.805981233278871,1.0924399999999987,590.5820000000002,42,-6.3,6
CO[C@@H]1[C@@H](OC(=O)c2ccc(C)[nH]2)[C@@H](O)[C@H](Oc2ccc3c(O)c(Nc4ccncc4)c(=O)oc3c2C)OC1(C)C,4.419628581793339,3.6973400000000014,565.5790000000002,41,-7.2,6
CO[C@@H]1[C@@H](OC(=O)c2ccc(C)[nH]2)[C@@H](O)[C@H](Oc2ccc3c(O)c(NCC4(O)CN(C)C4)c(=O)oc3c2C)OC1(C)C,4.679717073384165,1.6471399999999996,587.6260000000002,42,-6.8,6
CO[C@@H]1[C@@H](OC(=O)c2ccc(C)[nH]2)[C@@H](O)[C@H](Oc2ccc3c(O)c(C4(CN)CCC4)c(=O)oc3c2C)OC1(C)C,4.596184461633047,2.939140000000001,556.6120000000003,40,-7.7,6
CO[C@@H]1[C@@H](OC(=O)c2ccc(C)[nH]2)[C@@H](O)[C@H](Oc2ccc3c(O)c(C4(O)COCC4N)c(=O)oc3c2C)OC1(C)C,4.985037896376162,1.103839999999999,574.5830000000003,41,-7.1,6
CO[C@@H]1[C@@H](OC(=O)c2ccc(C)[nH]2)[C@@H](O)[C@H](Oc2ccc3c(O)c(CCOC(=O)C(O)CN)c(=O)oc3c2C)OC1(C)C,4.7523921228414245,0.96404,604.6090000000003,43,-7.4,6
CO[C@@H]1[C@@H](OC(=O)c2ccc(C)[nH]2)[C@@H](O)[C@H](Oc2ccc3c(O)c(C(C)(CN)CO)c(=O)oc3c2C)OC1(C)C,4.801272985330137,1.7674399999999997,560.6000000000003,40,-6.8,6
CO[C@@H]1[C@@H](OC(=O)c2ccc(C)[nH]2)[C@@H](O)[C@H](Oc2ccc3c(O)c(C(C(N)=O)C4(N)COC4)c(=O)oc3c2C)OC1(C)C,4.930792388093414,0.8553400000000011,601.6090000000003,43,-7.6,6
CO[C@@H]1[C@@H](OC(=O)c2ccc(C)[nH]2)[C@@H](O)[C@H](Oc2ccc3c(O)c(Cn4ccc(CN)n4)c(=O)oc3c2C)OC1(C)C,4.573304836891074,2.26224,582.6100000000002,42,-7.5,6
CO[C@@H]1[C@@H](OC(=O)c2ccc(C)[nH]2)[C@@H](O)[C@H](Oc2ccc3c(O)c(-c4ccnc(N)c4)c(=O)oc3c2C)OC1(C)C,4.4526797874111965,3.2029400000000017,565.5790000000002,41,-8.6,6
CO[C@@H]1[C@@H](OC(=O)c2ccc(C)[nH]2)[C@@H](O)[C@H](Oc2ccc3c(O)c(CCC#CCN)c(=O)oc3c2C)OC1(C)C,4.626074150476315,2.4534400000000005,554.5960000000003,40,-7.4,6
C=C(CCCN)c1c(O)c2ccc(O[C@@H]3OC(C)(C)[C@H](OC)[C@@H](OC(=O)c4ccc(C)[nH]4)[C@H]3O)c(C)c2oc1=O,4.584356797554007,3.3108400000000016,556.6120000000003,40,-6.5,6
CO[C@@H]1[C@@H](OC(=O)c2ccc(C)[nH]2)[C@@H](O)[C@H](Oc2ccc3c(O)c(N4OCC(N)C4=O)c(=O)oc3c2C)OC1(C)C,4.930453879964544,1.1642399999999993,573.5550000000003,41,-6.4,6
CO[C@@H]1[C@@H](OC(=O)c2ccc(C)[nH]2)[C@@H](O)[C@H](Oc2ccc3c(O)c(OCCOc4ccc(N)cc4)c(=O)oc3c2C)OC1(C)C,4.381972721523713,3.598740000000002,624.6430000000001,45,-7.8,6
C=C(OCCN)c1c(O)c2ccc(O[C@@H]3OC(C)(C)[C@H](OC)[C@@H](OC(=O)c4ccc(C)[nH]4)[C@H]3O)c(C)c2oc1=O,4.602247552670452,2.50474,558.5840000000003,40,-6.7,6
COCCN(CCN)Cc1c(O)c2ccc(O[C@@H]3OC(C)(C)[C@H](OC)[C@@H](OC(=O)c4ccc(C)[nH]4)[C@H]3O)c(C)c2oc1=O,4.552634778248755,1.9658400000000016,603.6690000000002,43,-7.2,6
CO[C@@H]1[C@@H](OC(=O)c2ccc(C)[nH]2)[C@@H](O)[C@H](Oc2ccc3c(O)c(CN4CCN(CCCCN)CC4)c(=O)oc3c2C)OC1(C)C,4.467712876131772,2.4152400000000007,642.7500000000003,46,-7.6,6
CO[C@@H]1[C@@H](OC(=O)c2ccc(C)[nH]2)[C@@H](O)[C@H](Oc2ccc3c(O)c(Nc4cnccn4)c(=O)oc3c2C)OC1(C)C,4.509599431995769,3.092340000000001,566.5670000000001,41,-6.7,6
CO[C@@H]1[C@@H](OC(=O)c2ccc(C)[nH]2)[C@@H](O)[C@H](Oc2ccc3c(O)c(C(O)COCCN)c(=O)oc3c2C)OC1(C)C,4.692164044799709,1.567439999999999,576.5990000000003,41,-6.7,6
CO[C@@H]1[C@@H](OC(=O)c2ccc(C)[nH]2)[C@@H](O)[C@H](Oc2ccc3c(O)c(COc4ccccc4CN)c(=O)oc3c2C)OC1(C)C,4.402062064248636,3.596440000000001,608.6440000000002,44,-8.6,6
CO[C@@H]1[C@@H](OC(=O)c2ccc(C)[nH]2)[C@@H](O)[C@H](Oc2ccc3c(O)c(C[C@H](O)CCN)c(=O)oc3c2C)OC1(C)C,4.643535205984099,1.81094,560.6000000000003,40,-6.8,6
CO[C@@H]1[C@@H](OC(=O)c2ccc(C)[nH]2)[C@@H](O)[C@H](Oc2ccc3c(O)c(C(N)C(O)C(C)O)c(=O)oc3c2C)OC1(C)C,4.929414770513098,1.3002400000000005,576.5990000000002,41,-7.9,6
CO[C@@H]1[C@@H](OC(=O)c2ccc(C)[nH]2)[C@@H](O)[C@H](Oc2ccc3c(O)c(C(O)(CO)CCN)c(=O)oc3c2C)OC1(C)C,4.866196421544586,1.0874399999999995,576.5990000000003,41,-7.5,6
CO[C@@H]1[C@@H](OC(=O)c2ccc(C)[nH]2)[C@@H](O)[C@H](Oc2ccc3c(O)c(Nc4ncncn4)c(=O)oc3c2C)OC1(C)C,4.588020889485647,2.48734,567.5550000000002,41,-8.2,6
CO[C@@H]1[C@@H](OC(=O)c2ccc(C)[nH]2)[C@@H](O)[C@H](Oc2ccc3c(O)c(Cn4cnnc4CN)c(=O)oc3c2C)OC1(C)C,4.635028842196115,1.6572399999999996,583.5980000000003,42,-7.6,6
C#CC(C)(N)Cc1c(O)c2ccc(O[C@@H]3OC(C)(C)[C@H](OC)[C@@H](OC(=O)c4ccc(C)[nH]4)[C@H]3O)c(C)c2oc1=O,4.8375191391762895,2.45184,554.5960000000002,40,-6.2,6
CO[C@@H]1[C@@H](OC(=O)c2ccc(C)[nH]2)[C@@H](O)[C@H](Oc2ccc3c(O)c(CNS(=O)(=O)c4cnc(N)nc4)c(=O)oc3c2C)OC1(C)C,4.614858961296606,1.409439999999999,659.6740000000001,46,-8.1,6
CO[C@@H]1[C@@H](OC(=O)c2ccc(C)[nH]2)[C@@H](O)[C@H](Oc2ccc3c(O)c(OCCCN(C)CCN)c(=O)oc3c2C)OC1(C)C,4.518124999891519,2.21814,603.6690000000003,43,-6.7,6
CO[C@@H]1[C@@H](OC(=O)c2ccc(C)[nH]2)[C@@H](O)[C@H](Oc2ccc3c(O)c(CCc4ncnc(N)n4)c(=O)oc3c2C)OC1(C)C,4.616302769878263,2.11114,595.6090000000003,43,-8.2,6
CO[C@@H]1[C@@H](OC(=O)c2ccc(C)[nH]2)[C@@H](O)[C@H](Oc2ccc3c(O)c(CCc4cccc(N)c4)c(=O)oc3c2C)OC1(C)C,4.414107036200177,3.926140000000002,592.6450000000002,43,-8.5,6
CO[C@@H]1[C@@H](OC(=O)c2ccc(C)[nH]2)[C@@H](O)[C@H](Oc2ccc3c(O)c(Cn4nc(C(N)=O)nc4CN)c(=O)oc3c2C)OC1(C)C,4.747021312893319,0.7561400000000005,626.6230000000002,45,-8.1,6
CO[C@@H]1[C@@H](OC(=O)c2ccc(C)[nH]2)[C@@H](O)[C@H](Oc2ccc3c(O)c(Nc4ccc(C(=O)NCCO)cc4)c(=O)oc3c2C)OC1(C)C,4.424347202014646,3.024440000000001,651.6690000000001,47,-8.4,6
CO[C@@H]1[C@@H](OC(=O)c2ccc(C)[nH]2)[C@@H](O)[C@H](Oc2ccc3c(O)c(CN(C)C[C@H](N)CO)c(=O)oc3c2C)OC1(C)C,4.724858717709216,1.31014,589.6420000000003,42,-6.3,6
CO[C@@H]1[C@@H](OC(=O)c2ccc(C)[nH]2)[C@@H](O)[C@H](Oc2ccc3c(O)c(Cn4c(=O)cc(CN)n(C)c4=O)c(=O)oc3c2C)OC1(C)C,4.696823418439465,0.9261400000000004,640.6460000000002,46,-7.6,6
CO[C@@H]1[C@@H](OC(=O)c2ccc(C)[nH]2)[C@@H](O)[C@H](Oc2ccc3c(O)c(Cn4nccc4N)c(=O)oc3c2C)OC1(C)C,4.575745137989819,2.38574,568.5830000000002,41,-7.3,6
CO[C@@H]1[C@@H](OC(=O)c2ccc(C)[nH]2)[C@@H](O)[C@H](Oc2ccc3c(O)c(C[C@H](N)[C@H](C)O)c(=O)oc3c2C)OC1(C)C,4.767489053023805,1.8093399999999995,560.6000000000003,40,-7.1,6
COCCn1c(N)c(-c2c(O)c3ccc(O[C@@H]4OC(C)(C)[C@H](OC)[C@@H](OC(=O)c5ccc(C)[nH]5)[C@H]4O)c(C)c3oc2=O)c(=O)[nH]c1=O,4.655613618434765,1.3043400000000005,656.6450000000002,47,-6.4,6
CO[C@@H]1[C@@H](OC(=O)c2ccc(C)[nH]2)[C@@H](O)[C@H](Oc2ccc3c(O)c(-c4cc(CN)ccn4)c(=O)oc3c2C)OC1(C)C,4.475974730790278,3.0794400000000017,579.6060000000002,42,-7.4,6
CCOCCCNc1c(O)c2ccc(O[C@@H]3OC(C)(C)[C@H](OC)[C@@H](OC(=O)c4ccc(C)[nH]4)[C@H]3O)c(C)c2oc1=O,4.449446159092611,3.397240000000002,574.6270000000003,41,-6.6,6
CO[C@@H]1[C@@H](OC(=O)c2ccc(C)[nH]2)[C@@H](O)[C@H](Oc2ccc3c(O)c(CC(=O)NCCOc4ccc(N)cc4)c(=O)oc3c2C)OC1(C)C,4.4477116128138405,2.8786400000000008,665.6960000000003,48,-8.7,6
CO[C@@H]1[C@@H](OC(=O)c2ccc(C)[nH]2)[C@@H](O)[C@H](Oc2ccc3c(O)c(NCCCCNC(C)=O)c(=O)oc3c2C)OC1(C)C,4.461565808235717,2.886940000000001,601.6530000000002,43,-7.6,6
CO[C@@H]1[C@@H](OC(=O)c2ccc(C)[nH]2)[C@@H](O)[C@H](Oc2ccc3c(O)c(COCC(=O)N4CC(CN)C4)c(=O)oc3c2C)OC1(C)C,4.617197297883939,1.4924400000000002,629.6630000000002,45,-7.9,6
COC[C@@H](O)C(N)c1c(O)c2ccc(O[C@@H]3OC(C)(C)[C@H](OC)[C@@H](OC(=O)c4ccc(C)[nH]4)[C@H]3O)c(C)c2oc1=O,4.831735635461401,1.565839999999999,576.5990000000003,41,-7.5,6
CNS(=O)(=O)NCCCNc1c(O)c2ccc(O[C@@H]3OC(C)(C)[C@H](OC)[C@@H](OC(=O)c4ccc(C)[nH]4)[C@H]3O)c(C)c2oc1=O,4.649764100818624,1.4145400000000004,638.6960000000004,44,-7.2,6
CO[C@@H]1[C@@H](OC(=O)c2ccc(C)[nH]2)[C@@H](O)[C@H](Oc2ccc3c(O)c(CNC(=O)c4cccnc4N)c(=O)oc3c2C)OC1(C)C,4.464543161225945,2.4659400000000007,622.6310000000001,45,-8.5,6
CO[C@@H]1[C@@H](OC(=O)c2ccc(C)[nH]2)[C@@H](O)[C@H](Oc2ccc3c(O)c(C4COC[C@@H]4N)c(=O)oc3c2C)OC1(C)C,4.850478563513317,1.99984,558.5840000000003,40,-6.6,6
CO[C@@H]1[C@@H](OC(=O)c2ccc(C)[nH]2)[C@@H](O)[C@H](Oc2ccc3c(O)c(-c4c[nH]nc4N)c(=O)oc3c2C)OC1(C)C,4.696243940686105,2.53104,554.5560000000002,40,-7.6,6
CO[C@@H]1[C@@H](OC(=O)c2ccc(C)[nH]2)[C@@H](O)[C@H](Oc2ccc3c(O)c(Cc4cnc(N)nc4)c(=O)oc3c2C)OC1(C)C,4.504713855458714,2.5217400000000003,580.5940000000003,42,-7.3,6
CO[C@@H]1[C@@H](OC(=O)c2ccc(C)[nH]2)[C@@H](O)[C@H](Oc2ccc3c(O)c(Cn4ncc(N)n4)c(=O)oc3c2C)OC1(C)C,4.683409399392135,1.78074,569.5710000000003,41,-7.1,6
CO[C@@H]1[C@@H](OC(=O)c2ccc(C)[nH]2)[C@@H](O)[C@H](Oc2ccc3c(O)c(NC(=O)c4cccc(CCN)c4)c(=O)oc3c2C)OC1(C)C,4.40132871123171,3.312240000000002,635.6700000000002,46,-8.4,6
CO[C@@H]1[C@@H](OC(=O)c2ccc(C)[nH]2)[C@@H](O)[C@H](Oc2ccc3c(O)c(CCNC(=O)c4ccccc4N)c(=O)oc3c2C)OC1(C)C,4.421622593727167,3.113440000000001,635.6700000000002,46,-8.5,6
CO[C@@H]1[C@@H](OC(=O)c2ccc(C)[nH]2)[C@@H](O)[C@H](Oc2ccc3c(O)c(OC4(CN)CC4)c(=O)oc3c2C)OC1(C)C,4.6732262400381295,2.42884,558.5840000000003,40,-6.5,6
CO[C@@H]1[C@@H](OC(=O)c2ccc(C)[nH]2)[C@@H](O)[C@H](Oc2ccc3c(O)c(NCCCN4CCCC4)c(=O)oc3c2C)OC1(C)C,4.429141166775482,3.456540000000002,599.6810000000003,43,-7.8,6
CO[C@@H]1[C@@H](OC(=O)c2ccc(C)[nH]2)[C@@H](O)[C@H](Oc2ccc3c(O)c(Cn4ccnc(N)c4=O)c(=O)oc3c2C)OC1(C)C,4.603758767818508,1.7459399999999992,596.5930000000002,43,-6.4,6
CO[C@@H]1[C@@H](OC(=O)c2ccc(C)[nH]2)[C@@H](O)[C@H](Oc2ccc3c(O)c(NC(C)(CO)CO)c(=O)oc3c2C)OC1(C)C,4.634804509137688,1.7139399999999994,576.5990000000003,41,-7.3,6
CO[C@@H]1[C@@H](OC(=O)c2ccc(C)[nH]2)[C@@H](O)[C@H](Oc2ccc3c(O)c(OCCNC(=O)c4cccc(N)c4)c(=O)oc3c2C)OC1(C)C,4.430014539292752,2.949740000000001,651.6690000000002,47,-8.4,6
CO[C@@H]1[C@@H](OC(=O)c2ccc(C)[nH]2)[C@@H](O)[C@H](Oc2ccc3c(O)c(CC(=O)Nc4ccc(CCN)cc4)c(=O)oc3c2C)OC1(C)C,4.399156787813463,3.241140000000001,649.6970000000002,47,-7.4,6
CO[C@@H]1[C@@H](OC(=O)c2ccc(C)[nH]2)[C@@H](O)[C@H](Oc2ccc3c(O)c(-c4cnn(C)c4N)c(=O)oc3c2C)OC1(C)C,4.56332435247003,2.5414400000000006,568.5830000000002,41,-8.1,6
CO[C@@H]1[C@@H](OC(=O)c2ccc(C)[nH]2)[C@@H](O)[C@H](Oc2ccc3c(O)c(-c4ccc(N)nn4)c(=O)oc3c2C)OC1(C)C,4.513455825532366,2.5979400000000004,566.5670000000002,41,-7.5,6
CO[C@@H]1[C@@H](OC(=O)c2ccc(C)[nH]2)[C@@H](O)[C@H](Oc2ccc3c(O)c(CCS(=O)(=O)CCC(N)C(N)=O)c(=O)oc3c2C)OC1(C)C,4.838520268301933,0.7187400000000013,665.7180000000002,46,-7.4,6
CO[C@@H]1[C@@H](OC(=O)c2ccc(C)[nH]2)[C@@H](O)[C@H](Oc2ccc3c(O)c(Nc4cccc(O)c4)c(=O)oc3c2C)OC1(C)C,4.406094624689482,4.007940000000002,580.5900000000001,42,-8.4,6
CO[C@@H]1[C@@H](OC(=O)c2ccc(C)[nH]2)[C@@H](O)[C@H](Oc2ccc3c(O)c(NC(=O)c4ccnc(N)c4)c(=O)oc3c2C)OC1(C)C,4.459471020716906,2.788240000000001,608.6040000000002,44,-8.5,6
CO[C@@H]1[C@@H](OC(=O)c2ccc(C)[nH]2)[C@@H](O)[C@H](Oc2ccc3c(O)c(COc4cccc(CN)c4)c(=O)oc3c2C)OC1(C)C,4.39408690661938,3.596440000000002,608.6440000000002,44,-8.5,6
CO[C@@H]1[C@@H](OC(=O)c2ccc(C)[nH]2)[C@@H](O)[C@H](Oc2ccc3c(O)c(-c4nncnc4N)c(=O)oc3c2C)OC1(C)C,4.639993742482673,1.99294,567.5550000000002,41,-7.0,6
CO[C@@H]1[C@@H](OC(=O)c2ccc(C)[nH]2)[C@@H](O)[C@H](Oc2ccc3c(O)c(C=CC(C)N)c(=O)oc3c2C)OC1(C)C,4.711998758394326,2.9191400000000014,542.5850000000003,39,-5.7,6
CO[C@@H]1[C@@H](OC(=O)c2ccc(C)[nH]2)[C@@H](O)[C@H](Oc2ccc3c(O)c(CN(C)CCCCN)c(=O)oc3c2C)OC1(C)C,4.48913993203581,2.729440000000001,587.6700000000003,42,-6.9,6
CO[C@@H]1[C@@H](OC(=O)c2ccc(C)[nH]2)[C@@H](O)[C@H](Oc2ccc3c(O)c(Oc4ccc(C(=O)NCCN)cc4)c(=O)oc3c2C)OC1(C)C,4.4206769061566575,3.039540000000001,651.6690000000002,47,-6.2,6
CO[C@@H]1[C@@H](OC(=O)c2ccc(C)[nH]2)[C@@H](O)[C@H](Oc2ccc3c(O)c(CC(=O)N4CCC(N)C4)c(=O)oc3c2C)OC1(C)C,4.626043882945726,1.66084,599.6370000000003,43,-8.3,6
CO[C@@H]1[C@@H](OC(=O)c2ccc(C)[nH]2)[C@@H](O)[C@H](Oc2ccc3c(O)c(C[C@@H](N)[C@H](C)O)c(=O)oc3c2C)OC1(C)C,4.767489053023805,1.8093399999999995,560.6000000000003,40,-7.1,6
CO[C@@H]1[C@@H](OC(=O)c2ccc(C)[nH]2)[C@@H](O)[C@H](Oc2ccc3c(O)c(COc4cccc(C(=O)NCCN)c4)c(=O)oc3c2C)OC1(C)C,4.455389461281163,2.8262400000000003,665.6960000000003,48,-8.5,6
CO[C@@H]1[C@@H](OC(=O)c2ccc(C)[nH]2)[C@@H](O)[C@H](Oc2ccc3c(O)c(CN(C)S(=O)(=O)N4CC(N)C4)c(=O)oc3c2C)OC1(C)C,4.698578948605722,0.878240000000001,650.7070000000002,45,-6.7,6
CO[C@@H]1[C@@H](OC(=O)c2ccc(C)[nH]2)[C@@H](O)[C@H](Oc2ccc3c(O)c(C(N)CN4CCNS4(=O)=O)c(=O)oc3c2C)OC1(C)C,5.029367364576874,0.7085400000000013,636.6800000000002,44,-7.9,6
CO[C@@H]1[C@@H](OC(=O)c2ccc(C)[nH]2)[C@@H](O)[C@H](Oc2ccc3c(O)c(NS(=O)(=O)c4ccc(N)cc4)c(=O)oc3c2C)OC1(C)C,4.445599549291067,2.941740000000001,643.671,45,-8.6,6
CO[C@@H]1[C@@H](OC(=O)c2ccc(C)[nH]2)[C@@H](O)[C@H](Oc2ccc3c(O)c(-c4ccn(CCN)n4)c(=O)oc3c2C)OC1(C)C,4.565863722832719,2.3809400000000007,582.6100000000002,42,-8.1,6
CO[C@@H]1[C@@H](OC(=O)c2ccc(C)[nH]2)[C@@H](O)[C@H](Oc2ccc3c(O)c(N[C@H](CO)[C@@H](C)O)c(=O)oc3c2C)OC1(C)C,4.810751851677617,1.7123399999999995,576.5990000000002,41,-6.8,6
CO[C@@H]1[C@@H](OC(=O)c2ccc(C)[nH]2)[C@@H](O)[C@H](Oc2ccc3c(O)c(Cn4cc(C(N)=O)c(N)n4)c(=O)oc3c2C)OC1(C)C,4.631192946972471,1.48464,611.6080000000002,44,-8.0,6
CO[C@@H]1[C@@H](OC(=O)c2ccc(C)[nH]2)[C@@H](O)[C@H](Oc2ccc3c(O)c(C(O)[C@@H]4C[C@H]4N)c(=O)oc3c2C)OC1(C)C,4.958545851403167,1.93934,558.5840000000002,40,-7.1,6
CO[C@@H]1[C@@H](OC(=O)c2ccc(C)[nH]2)[C@@H](O)[C@H](Oc2ccc3c(O)c(C(O)C(CN)CO)c(=O)oc3c2C)OC1(C)C,4.865460375586142,1.1593399999999998,576.5990000000003,41,-6.6,6
CO[C@@H]1[C@@H](OC(=O)c2ccc(C)[nH]2)[C@@H](O)[C@H](Oc2ccc3c(O)c(C4CC4CN)c(=O)oc3c2C)OC1(C)C,4.766613031984845,2.620940000000001,542.5850000000003,39,-7.5,6
CO[C@@H]1[C@@H](OC(=O)c2ccc(C)[nH]2)[C@@H](O)[C@H](Oc2ccc3c(O)c(-c4c(N)c(=O)[nH]c(=O)n4C)c(=O)oc3c2C)OC1(C)C,4.684259650269172,1.19494,612.5920000000001,44,-7.4,6
CO[C@@H]1[C@@H](OC(=O)c2ccc(C)[nH]2)[C@@H](O)[C@H](Oc2ccc3c(O)c(Cn4cc(N)c(=O)n(C)c4=O)c(=O)oc3c2C)OC1(C)C,4.664739837791052,1.04964,626.6190000000001,45,-7.1,6
CO[C@@H]1[C@@H](OC(=O)c2ccc(C)[nH]2)[C@@H](O)[C@H](Oc2ccc3c(O)c(OCc4ccccc4N)c(=O)oc3c2C)OC1(C)C,4.379974521655897,3.719940000000002,594.6170000000002,43,-8.1,6
CO[C@@H]1[C@@H](OC(=O)c2ccc(C)[nH]2)[C@@H](O)[C@H](Oc2ccc3c(O)c(NCc4ccccc4C)c(=O)oc3c2C)OC1(C)C,4.367403610214396,4.479260000000004,592.6450000000002,43,-8.1,6
CO[C@@H]1[C@@H](OC(=O)c2ccc(C)[nH]2)[C@@H](O)[C@H](Oc2ccc3c(O)c(OCC(CN)(CO)CO)c(=O)oc3c2C)OC1(C)C,4.722121048432287,0.8672400000000002,606.6250000000002,43,-6.5,6
CO[C@@H]1[C@@H](OC(=O)c2ccc(C)[nH]2)[C@@H](O)[C@H](Oc2ccc3c(O)c(C4C(C)C4N)c(=O)oc3c2C)OC1(C)C,4.8716265052469545,2.61934,542.5850000000003,39,-6.1,6
CO[C@@H]1[C@@H](OC(=O)c2ccc(C)[nH]2)[C@@H](O)[C@H](Oc2ccc3c(O)c(Cc4nnc(N)[nH]c4=O)c(=O)oc3c2C)OC1(C)C,4.733704921664661,1.210039999999999,597.5810000000001,43,-8.0,6
CO[C@@H]1[C@@H](OC(=O)c2ccc(C)[nH]2)[C@@H](O)[C@H](Oc2ccc3c(O)c(Cc4nc(C)nc(N)n4)c(=O)oc3c2C)OC1(C)C,4.587760593111858,2.22516,595.6090000000003,43,-8.3,6
CO[C@@H]1[C@@H](OC(=O)c2ccc(C)[nH]2)[C@@H](O)[C@H](Oc2ccc3c(O)c(C(N)/C=C\CO)c(=O)oc3c2C)OC1(C)C,4.815660682342603,2.10704,558.5840000000002,40,-7.6,6
CO[C@@H]1[C@@H](OC(=O)c2ccc(C)[nH]2)[C@@H](O)[C@H](Oc2ccc3c(O)c(C(N)CCCO)c(=O)oc3c2C)OC1(C)C,4.631705001326372,2.3310400000000007,560.6000000000003,40,-6.9,6
CO[C@@H]1[C@@H](OC(=O)c2ccc(C)[nH]2)[C@@H](O)[C@H](Oc2ccc3c(O)c(Nc4cccc(Cl)c4)c(=O)oc3c2C)OC1(C)C,4.358727648562161,4.955740000000004,599.0360000000001,42,-7.3,6
CO[C@@H]1[C@@H](OC(=O)c2ccc(C)[nH]2)[C@@H](O)[C@H](Oc2ccc3c(O)c(CC(N)(C#N)CO)c(=O)oc3c2C)OC1(C)C,4.9143099350581,1.3146199999999992,571.5830000000003,41,-5.6,6
CO[C@@H]1[C@@H](OC(=O)c2ccc(C)[nH]2)[C@@H](O)[C@H](Oc2ccc3c(O)c(C#CCC(O)CN)c(=O)oc3c2C)OC1(C)C,4.848733138206303,1.61994,570.5950000000003,41,-7.2,6
CO[C@@H]1[C@@H](OC(=O)c2ccc(C)[nH]2)[C@@H](O)[C@H](Oc2ccc3c(O)c(CC(=O)Nc4cccc(N)c4)c(=O)oc3c2C)OC1(C)C,4.3956551959654,3.322140000000002,621.6430000000001,45,-7.9,6
CO[C@@H]1[C@@H](OC(=O)c2ccc(C)[nH]2)[C@@H](O)[C@H](Oc2ccc3c(O)c(NCc4ccncc4)c(=O)oc3c2C)OC1(C)C,4.415105581637044,3.5658400000000023,579.6060000000002,42,-7.9,6
CO[C@@H]1[C@@H](OC(=O)c2ccc(C)[nH]2)[C@@H](O)[C@H](Oc2ccc3c(O)c(CC(O)CCN)c(=O)oc3c2C)OC1(C)C,4.643535205984099,1.81094,560.6000000000003,40,-7.0,6
CO[C@@H]1[C@@H](OC(=O)c2ccc(C)[nH]2)[C@@H](O)[C@H](Oc2ccc3c(O)c(OCCCOCCN)c(=O)oc3c2C)OC1(C)C,4.471130964212029,2.3029400000000004,590.6260000000003,42,-7.5,6
CO[C@@H]1[C@@H](OC(=O)c2ccc(C)[nH]2)[C@@H](O)[C@H](Oc2ccc3c(O)c(C(C(O)CO)n4ccc(N)nc4=O)c(=O)oc3c2C)OC1(C)C,5.045810009181555,0.6402399999999993,656.6450000000001,47,-8.3,7
CO[C@@H]1[C@@H](OC(=O)c2ccc(C)[nH]2)[C@@H](O)[C@H](Oc2ccc3c(O)c(C4(N)CC4C)c(=O)oc3c2C)OC1(C)C,4.839945787453674,2.752540000000001,542.5850000000003,39,-7.0,7
CO[C@@H]1[C@@H](OC(=O)c2ccc(C)[nH]2)[C@@H](O)[C@H](Oc2ccc3c(O)c(Nc4ccc(Oc5ccccc5)cc4)c(=O)oc3c2C)OC1(C)C,4.343532464944168,6.094640000000005,656.6880000000001,48,-8.1,7
CO[C@@H]1[C@@H](OC(=O)c2ccc(C)[nH]2)[C@@H](O)[C@H](Oc2ccc3c(O)c(OCCN4CCN(CCCCN)CC4)c(=O)oc3c2C)OC1(C)C,4.4984476046303525,2.2940400000000007,672.7760000000002,48,-7.5,7
CO[C@@H]1[C@@H](OC(=O)c2ccc(C)[nH]2)[C@@H](O)[C@H](Oc2ccc3c(O)c(C4[C@@H](N)[C@H](O)CS4(=O)=O)c(=O)oc3c2C)OC1(C)C,5.19269111623541,0.7164400000000001,622.6490000000001,43,-6.5,7
CO[C@@H]1[C@@H](OC(=O)c2ccc(C)[nH]2)[C@@H](O)[C@H](Oc2ccc3c(O)c(C([C@H](O)CO)n4ccc(N)nc4=O)c(=O)oc3c2C)OC1(C)C,5.045810009181555,0.6402399999999993,656.6450000000001,47,-6.2,7
CO[C@@H]1[C@@H](OC(=O)c2ccc(C)[nH]2)[C@@H](O)[C@H](Oc2ccc3c(O)c(C4C(N)C(O)CS4(=O)=O)c(=O)oc3c2C)OC1(C)C,5.19269111623541,0.7164400000000001,622.6490000000001,43,-7.1,7
CO[C@@H]1[C@@H](OC(=O)c2ccc(C)[nH]2)[C@@H](O)[C@H](Oc2ccc3c(O)c(Nc4ccc(Cc5ccccc5)cc4)c(=O)oc3c2C)OC1(C)C,4.345032977764679,5.893140000000005,654.7160000000001,48,-8.7,7
CO[C@@H]1[C@@H](OC(=O)c2ccc(C)[nH]2)[C@@H](O)[C@H](Oc2ccc3c(O)c(-c4ccc(-c5ccc(N)cc5)cc4)c(=O)oc3c2C)OC1(C)C,4.345761319183444,5.474940000000004,640.6890000000001,47,-9.1,7
CO[C@@H]1[C@@H](OC(=O)c2ccc(C)[nH]2)[C@@H](O)[C@H](Oc2ccc3c(O)c(C#CCCl)c(=O)oc3c2C)OC1(C)C,4.624405677032553,3.149040000000001,545.9720000000002,38,-6.8,7
CCCc1ccc(Nc2c(O)c3ccc(O[C@@H]4OC(C)(C)[C@H](OC)[C@@H](OC(=O)c5ccc(C)[nH]5)[C@H]4O)c(C)c3oc2=O)cc1,4.359935708637034,5.254840000000004,606.6720000000003,44,-7.2,7
CO[C@@H]1[C@@H](OC(=O)c2ccc(C)[nH]2)[C@@H](O)[C@H](Oc2ccc3c(O)c(CN(C)C(=O)CCN(C)C(=O)CN)c(=O)oc3c2C)OC1(C)C,4.661822838225801,1.3243400000000016,658.7050000000002,47,-7.2,7
CO[C@@H]1[C@@H](OC(=O)c2ccc(C)[nH]2)[C@@H](O)[C@H](Oc2ccc3c(O)c(Nc4ccc(Br)cc4)c(=O)oc3c2C)OC1(C)C,4.3595894522756895,5.064840000000004,643.487,42,-7.3,7
CO[C@@H]1[C@@H](OC(=O)c2ccc(C)[nH]2)[C@@H](O)[C@H](Oc2ccc3c(O)c(-c4n[nH]cc4N)c(=O)oc3c2C)OC1(C)C,4.722365339287505,2.53104,554.5560000000002,40,-8.2,7
CO[C@@H]1[C@@H](OC(=O)c2ccc(C)[nH]2)[C@@H](O)[C@H](Oc2ccc3c(O)c(-c4ccc(S(=O)(=O)NCCN)cc4)c(=O)oc3c2C)OC1(C)C,4.476999055599345,2.462740000000001,671.7250000000001,47,-8.7,7
CNS(=O)(=O)N(CCN)c1c(O)c2ccc(O[C@@H]3OC(C)(C)[C@H](OC)[C@@H](OC(=O)c4ccc(C)[nH]4)[C@H]3O)c(C)c2oc1=O,4.783349654839143,0.7880400000000025,624.6690000000003,43,-6.7,7
CO[C@@H]1[C@@H](OC(=O)c2ccc(C)[nH]2)[C@@H](O)[C@H](Oc2ccc3c(O)c(N4C(=O)C(N)CN4C)c(=O)oc3c2C)OC1(C)C,4.9104554788428185,1.0794399999999995,586.5980000000002,42,-6.5,7
CO[C@@H]1[C@@H](OC(=O)c2ccc(C)[nH]2)[C@@H](O)[C@H](Oc2ccc3c(O)c(Nc4cccc5ccccc45)c(=O)oc3c2C)OC1(C)C,4.351316220424812,5.4555400000000045,614.6510000000001,45,-8.8,7
CO[C@@H]1[C@@H](OC(=O)c2ccc(C)[nH]2)[C@@H](O)[C@H](Oc2ccc3c(O)c(CC(=O)Nc4ccc(OCCN)cc4)c(=O)oc3c2C)OC1(C)C,4.4230727464170805,3.077440000000001,665.6960000000003,48,-6.3,7
CCc1cccc(Nc2c(O)c3ccc(O[C@@H]4OC(C)(C)[C@H](OC)[C@@H](OC(=O)c5ccc(C)[nH]5)[C@H]4O)c(C)c3oc2=O)c1,4.374487255980394,4.864740000000004,592.6450000000002,43,-7.3,7
CO[C@@H]1[C@@H](OC(=O)c2ccc(C)[nH]2)[C@@H](O)[C@H](Oc2ccc3c(O)c(CNC(=O)N4CCC(N)CC4)c(=O)oc3c2C)OC1(C)C,4.533691300183762,2.191439999999999,628.6790000000002,45,-8.4,7
CO[C@@H]1[C@@H](OC(=O)c2ccc(C)[nH]2)[C@@H](O)[C@H](Oc2ccc3c(O)c(CCNC(=O)COc4ccc(N)cc4)c(=O)oc3c2C)OC1(C)C,4.45041317441014,2.87864,665.6960000000003,48,-8.5,7
CO[C@@H]1[C@@H](OC(=O)c2ccc(C)[nH]2)[C@@H](O)[C@H](Oc2ccc3c(O)c(Nc4cccc(S(N)(=O)=O)c4)c(=O)oc3c2C)OC1(C)C,4.462176659985252,2.949740000000001,643.671,45,-8.4,7
CO[C@@H]1[C@@H](OC(=O)c2ccc(C)[nH]2)[C@@H](O)[C@H](Oc2ccc3c(O)c(CCCCCCl)c(=O)oc3c2C)OC1(C)C,4.439182542084707,4.510340000000004,578.0580000000003,40,-7.6,7
CO[C@@H]1[C@@H](OC(=O)c2ccc(C)[nH]2)[C@@H](O)[C@H](Oc2ccc3c(O)c(COC(=O)COCCOCCN)c(=O)oc3c2C)OC1(C)C,4.61153186083801,1.59384,648.6620000000004,46,-7.6,7
CO[C@@H]1[C@@H](OC(=O)c2ccc(C)[nH]2)[C@@H](O)[C@H](Oc2ccc3c(O)c(NCC(CO)(CO)CO)c(=O)oc3c2C)OC1(C)C,4.769472527722227,0.9339399999999992,606.6250000000002,43,-6.5,7
CO[C@@H]1[C@@H](OC(=O)c2ccc(C)[nH]2)[C@@H](O)[C@H](Oc2ccc3c(O)c(NC4CCCCCC4)c(=O)oc3c2C)OC1(C)C,4.4047706703944405,4.693440000000004,584.6660000000004,42,-7.4,7
CO[C@@H]1[C@@H](OC(=O)c2ccc(C)[nH]2)[C@@H](O)[C@H](Oc2ccc3c(O)c(CC=CCCl)c(=O)oc3c2C)OC1(C)C,4.594297002713612,3.8962400000000033,562.0150000000002,39,-7.7,7
CO[C@@H]1[C@@H](OC(=O)c2ccc(C)[nH]2)[C@@H](O)[C@H](Oc2ccc3c(O)c(CC(N)c4nnnn4C)c(=O)oc3c2C)OC1(C)C,4.802371131967892,1.3247399999999998,598.6130000000002,43,-8.3,7
CCCCCCCNc1c(O)c2ccc(O[C@@H]3OC(C)(C)[C@H](OC)[C@@H](OC(=O)c4ccc(C)[nH]4)[C@H]3O)c(C)c2oc1=O,4.398506693655,4.9410400000000045,586.6820000000002,42,-7.3,7
CO[C@@H]1[C@@H](OC(=O)c2ccc(C)[nH]2)[C@@H](O)[C@H](Oc2ccc3c(O)c(OCCOCCN(C)CCN)c(=O)oc3c2C)OC1(C)C,4.584037702168874,1.8446400000000005,633.6950000000003,45,-7.1,7
COc1ccc(C(=O)NCc2c(O)c3ccc(O[C@@H]4OC(C)(C)[C@H](OC)[C@@H](OC(=O)c5ccc(C)[nH]5)[C@H]4O)c(C)c3oc2=O)cc1N,4.4355614885152645,3.07954,651.6690000000001,47,-7.9,7
CO[C@@H]1[C@@H](OC(=O)c2ccc(C)[nH]2)[C@@H](O)[C@H](Oc2ccc3c(O)c(Nc4ccc(NC(C)=O)cc4)c(=O)oc3c2C)OC1(C)C,4.367316362218502,4.260740000000003,621.643,45,-8.0,7
CO[C@@H]1[C@@H](OC(=O)c2ccc(C)[nH]2)[C@@H](O)[C@H](Oc2ccc3c(O)c(NCCc4ccc(F)cc4)c(=O)oc3c2C)OC1(C)C,4.368341004980036,4.352440000000003,610.6350000000001,44,-8.4,7
CO[C@@H]1[C@@H](OC(=O)c2ccc(C)[nH]2)[C@@H](O)[C@H](Oc2ccc3c(O)c(C4OCC4(O)CN)c(=O)oc3c2C)OC1(C)C,4.976052731540998,1.3198399999999997,574.5830000000003,41,-6.7,7
CO[C@@H]1[C@@H](OC(=O)c2ccc(C)[nH]2)[C@@H](O)[C@H](Oc2ccc3c(O)c(C4CC4(N)CO)c(=O)oc3c2C)OC1(C)C,4.944206343073207,1.7358399999999998,558.5840000000003,40,-7.5,7
CO[C@@H]1[C@@H](OC(=O)c2ccc(C)[nH]2)[C@@H](O)[C@H](Oc2ccc3c(O)c(C4(N)CN(C)CC4O)c(=O)oc3c2C)OC1(C)C,5.027171681489254,1.0190400000000004,587.6260000000002,42,-8.4,7
CO[C@@H]1[C@@H](OC(=O)c2ccc(C)[nH]2)[C@@H](O)[C@H](Oc2ccc3c(O)c(C#CC(C)(C)N)c(=O)oc3c2C)OC1(C)C,4.682175875418039,2.64754,554.5960000000002,40,-7.6,7
CO[C@@H]1[C@@H](OC(=O)c2ccc(C)[nH]2)[C@@H](O)[C@H](Oc2ccc3c(O)c(CNC(=O)c4nn[nH]c4N)c(=O)oc3c2C)OC1(C)C,4.758839742903811,1.18904,612.5960000000001,44,-7.8,7
CO[C@@H]1[C@@H](OC(=O)c2ccc(C)[nH]2)[C@@H](O)[C@H](Oc2ccc3c(O)c(-c4cc(N)ccn4)c(=O)oc3c2C)OC1(C)C,4.470902796260753,3.2029400000000017,565.5790000000002,41,-7.4,7
CO[C@@H]1[C@@H](OC(=O)c2ccc(C)[nH]2)[C@@H](O)[C@H](Oc2ccc3c(O)c(-c4cc(N)ccc4C)c(=O)oc3c2C)OC1(C)C,4.404815651099353,4.116360000000002,578.6180000000003,42,-8.8,7
CO[C@@H]1[C@@H](OC(=O)c2ccc(C)[nH]2)[C@@H](O)[C@H](Oc2ccc3c(O)c(C(CN)N4CCNS4(=O)=O)c(=O)oc3c2C)OC1(C)C,5.037568903038413,0.7085400000000013,636.6800000000002,44,-7.3,7
CCOc1ccccc1Nc1c(O)c2ccc(O[C@@H]3OC(C)(C)[C@H](OC)[C@@H](OC(=O)c4ccc(C)[nH]4)[C@H]3O)c(C)c2oc1=O,4.368961812041825,4.701040000000004,608.6440000000002,44,-6.0,7
CO[C@@H]1[C@@H](OC(=O)c2ccc(C)[nH]2)[C@@H](O)[C@H](Oc2ccc3c(O)c(C4OC[C@H](N)[C@@H]4O)c(=O)oc3c2C)OC1(C)C,5.006020976806806,1.3182399999999996,574.5830000000002,41,-7.4,7
CO[C@@H]1[C@@H](OC(=O)c2ccc(C)[nH]2)[C@@H](O)[C@H](Oc2ccc3c(O)c(CN(CCO)CCCCN)c(=O)oc3c2C)OC1(C)C,4.5608832266927495,2.0919399999999992,617.6960000000003,44,-6.9,7
CO[C@@H]1[C@@H](OC(=O)c2ccc(C)[nH]2)[C@@H](O)[C@H](Oc2ccc3c(O)c(C(C)(N)C(O)CO)c(=O)oc3c2C)OC1(C)C,4.960421165606932,1.0858399999999997,576.5990000000003,41,-5.7,7
CO[C@@H]1[C@@H](OC(=O)c2ccc(C)[nH]2)[C@@H](O)[C@H](Oc2ccc3c(O)c(NCCc4cccnc4)c(=O)oc3c2C)OC1(C)C,4.432756166775483,3.608340000000002,593.6330000000002,43,-7.8,7
CO[C@@H]1[C@@H](OC(=O)c2ccc(C)[nH]2)[C@@H](O)[C@H](Oc2ccc3c(O)c(COC(=O)c4[nH]c(=O)[nH]c(=O)c4N)c(=O)oc3c2C)OC1(C)C,4.723338618434765,0.8745399999999998,656.6010000000001,47,-8.5,7
C#CC(c1c(O)c2ccc(O[C@@H]3OC(C)(C)[C@H](OC)[C@@H](OC(=O)c4ccc(C)[nH]4)[C@H]3O)c(C)c2oc1=O)C(N)CO,4.982877007602773,1.5951399999999991,570.5950000000003,41,-7.5,7
COCc1ccc(Nc2c(O)c3ccc(O[C@@H]4OC(C)(C)[C@H](OC)[C@@H](OC(=O)c5ccc(C)[nH]5)[C@H]4O)c(C)c3oc2=O)cc1,4.37975613738861,4.448740000000003,608.6440000000002,44,-7.2,7
CCC(CC)Nc1c(O)c2ccc(O[C@@H]3OC(C)(C)[C@H](OC)[C@@H](OC(=O)c4ccc(C)[nH]4)[C@H]3O)c(C)c2oc1=O,4.488918688873698,4.159240000000002,558.6280000000003,40,-7.0,7
CNC(=O)N1CC(N)(c2c(O)c3ccc(O[C@@H]4OC(C)(C)[C@H](OC)[C@@H](OC(=O)c5ccc(C)[nH]5)[C@H]4O)c(C)c3oc2=O)C1,4.752498991709169,1.3677399999999995,600.6250000000001,43,-6.6,7
CO[C@@H]1[C@@H](OC(=O)c2ccc(C)[nH]2)[C@@H](O)[C@H](Oc2ccc3c(O)c(C4(N)COCC4O)c(=O)oc3c2C)OC1(C)C,5.018896687584953,1.103839999999999,574.5830000000003,41,-6.4,7
CO[C@@H]1[C@@H](OC(=O)c2ccc(C)[nH]2)[C@@H](O)[C@H](Oc2ccc3c(O)c(NCCOCCOCCO)c(=O)oc3c2C)OC1(C)C,4.560802543441575,1.9961399999999991,620.6520000000003,44,-6.9,7
CO[C@@H]1[C@@H](OC(=O)c2ccc(C)[nH]2)[C@@H](O)[C@H](Oc2ccc3c(O)c(C(N)CN4CCC4)c(=O)oc3c2C)OC1(C)C,4.614746737107401,2.26424,571.6270000000003,41,-6.7,7
CO[C@@H]1[C@@H](OC(=O)c2ccc(C)[nH]2)[C@@H](O)[C@H](Oc2ccc3c(O)c(-c4cncnc4N)c(=O)oc3c2C)OC1(C)C,4.522373728867969,2.5979400000000004,566.5670000000002,41,-7.3,7
CO[C@@H]1[C@@H](OC(=O)c2ccc(C)[nH]2)[C@@H](O)[C@H](Oc2ccc3c(O)c(C(C)[C@@H](C)N)c(=O)oc3c2C)OC1(C)C,4.728904908332796,3.009440000000001,544.6010000000002,39,-7.2,7
CO[C@@H]1[C@@H](OC(=O)c2ccc(C)[nH]2)[C@@H](O)[C@H](Oc2ccc3c(O)c(NCCc4ccc(Cl)cc4)c(=O)oc3c2C)OC1(C)C,4.365410614059481,4.866740000000004,627.09,44,-8.1,7
CO[C@@H]1[C@@H](OC(=O)c2ccc(C)[nH]2)[C@@H](O)[C@H](Oc2ccc3c(O)c(Cn4c(=O)cc(N)n(C)c4=O)c(=O)oc3c2C)OC1(C)C,4.67181159062838,1.04964,626.6190000000001,45,-7.0,7
CO[C@@H]1[C@@H](OC(=O)c2ccc(C)[nH]2)[C@@H](O)[C@H](Oc2ccc3c(O)c(-c4nc(C(=O)NCCN)n[nH]4)c(=O)oc3c2C)OC1(C)C,4.746372689761926,1.0323400000000005,626.6230000000002,45,-8.0,7
CO[C@@H]1[C@@H](OC(=O)c2ccc(C)[nH]2)[C@@H](O)[C@H](Oc2ccc3c(O)c(NCC(C)(C)C)c(=O)oc3c2C)OC1(C)C,4.509348952341117,4.016740000000003,558.6280000000003,40,-6.8,7
CCN(CCO)CCNc1c(O)c2ccc(O[C@@H]3OC(C)(C)[C@H](OC)[C@@H](OC(=O)c4ccc(C)[nH]4)[C@H]3O)c(C)c2oc1=O,4.556389667427372,2.28484,603.6690000000002,43,-7.2,7
CO[C@@H]1[C@@H](OC(=O)c2ccc(C)[nH]2)[C@@H](O)[C@H](Oc2ccc3c(O)c(C(CN)CNS(C)(=O)=O)c(=O)oc3c2C)OC1(C)C,4.760034695785722,1.1502400000000013,623.6810000000002,43,-7.4,7
CO[C@@H]1[C@@H](OC(=O)c2ccc(C)[nH]2)[C@@H](O)[C@H](Oc2ccc3c(O)c(CNC(=O)c4c(N)cnn4C)c(=O)oc3c2C)OC1(C)C,4.59710011214285,1.80444,625.6350000000001,45,-8.3,7
CO[C@@H]1[C@@H](OC(=O)c2ccc(C)[nH]2)[C@@H](O)[C@H](Oc2ccc3c(O)c(NCC(O)C(C)O)c(=O)oc3c2C)OC1(C)C,4.82001505334082,1.7123399999999995,576.5990000000002,41,-7.1,7
CO[C@@H]1[C@@H](OC(=O)c2ccc(C)[nH]2)[C@@H](O)[C@H](Oc2ccc3c(O)c(C(C#CCN)CO)c(=O)oc3c2C)OC1(C)C,4.887486297546961,1.5967399999999998,570.5950000000003,41,-7.4,7
CO[C@@H]1[C@@H](OC(=O)c2ccc(C)[nH]2)[C@@H](O)[C@H](Oc2ccc3c(O)c(OCC(O)CCCN)c(=O)oc3c2C)OC1(C)C,4.624446272717137,2.0373399999999995,590.6260000000003,42,-7.8,7
CO[C@@H]1[C@@H](OC(=O)c2ccc(C)[nH]2)[C@@H](O)[C@H](Oc2ccc3c(O)c(COC(=O)CC(O)CN)c(=O)oc3c2C)OC1(C)C,4.701459578462726,1.3116399999999993,604.6090000000003,43,-7.4,7
CO[C@@H]1[C@@H](OC(=O)c2ccc(C)[nH]2)[C@@H](O)[C@H](Oc2ccc3c(O)c(C4OC[C@@H](N)[C@@H]4O)c(=O)oc3c2C)OC1(C)C,5.006020976806806,1.3182399999999996,574.5830000000002,41,-7.7,7
CO[C@@H]1[C@@H](OC(=O)c2ccc(C)[nH]2)[C@@H](O)[C@H](Oc2ccc3c(O)c(-c4coc(N)n4)c(=O)oc3c2C)OC1(C)C,4.620514290336455,2.7959400000000008,555.5400000000002,40,-7.1,7
CO[C@@H]1[C@@H](OC(=O)c2ccc(C)[nH]2)[C@@H](O)[C@H](Oc2ccc3c(O)c(-c4ccc(C(N)=O)c(N)n4)c(=O)oc3c2C)OC1(C)C,4.541640639280162,2.3018400000000003,608.6040000000002,44,-8.1,7
CO[C@@H]1[C@@H](OC(=O)c2ccc(C)[nH]2)[C@@H](O)[C@H](Oc2ccc3c(O)c(CC(C)=CCN)c(=O)oc3c2C)OC1(C)C,4.617245858951327,3.006240000000002,556.6120000000003,40,-6.9,7
CO[C@@H]1[C@@H](OC(=O)c2ccc(C)[nH]2)[C@@H](O)[C@H](Oc2ccc3c(O)c(C(O)(CN)CN(C)C)c(=O)oc3c2C)OC1(C)C,4.873597182830494,1.2666400000000002,589.6420000000003,42,-6.8,7
CO[C@@H]1[C@@H](OC(=O)c2ccc(C)[nH]2)[C@@H](O)[C@H](Oc2ccc3c(O)c(Cn4ccnc4N)c(=O)oc3c2C)OC1(C)C,4.582355757458847,2.38574,568.5830000000002,41,-7.1,7
CO[C@@H]1[C@@H](OC(=O)c2ccc(C)[nH]2)[C@@H](O)[C@H](Oc2ccc3c(O)c(C(O)C(O)C(C)N)c(=O)oc3c2C)OC1(C)C,4.946025120163448,1.30024,576.5990000000002,41,-8.1,7
CO[C@@H]1[C@@H](OC(=O)c2ccc(C)[nH]2)[C@@H](O)[C@H](Oc2ccc3c(O)c(C(O)/C=C\CN)c(=O)oc3c2C)OC1(C)C,4.818470562370832,2.1070400000000005,558.5840000000002,40,-7.3,7
CO[C@@H]1[C@@H](OC(=O)c2ccc(C)[nH]2)[C@@H](O)[C@H](Oc2ccc3c(O)c(Cc4cnc(N)nn4)c(=O)oc3c2C)OC1(C)C,4.646311070312825,1.9167399999999992,581.5820000000002,42,-7.6,7
CO[C@@H]1[C@@H](OC(=O)c2ccc(C)[nH]2)[C@@H](O)[C@H](Oc2ccc3c(O)c(C(O)C[C@@H](N)CO)c(=O)oc3c2C)OC1(C)C,4.839138961864727,1.30184,576.5990000000003,41,-7.3,7
CO[C@@H]1[C@@H](OC(=O)c2ccc(C)[nH]2)[C@@H](O)[C@H](Oc2ccc3c(O)c(CCCCCCCN)c(=O)oc3c2C)OC1(C)C,4.415085075617865,4.010440000000003,586.6820000000004,42,-7.4,7
CO[C@@H]1[C@@H](OC(=O)c2ccc(C)[nH]2)[C@@H](O)[C@H](Oc2ccc3c(O)c(CN(CCN)CCN(C)C)c(=O)oc3c2C)OC1(C)C,4.588014870049393,1.8810400000000007,616.7120000000002,44,-6.0,7
CO[C@@H]1[C@@H](OC(=O)c2ccc(C)[nH]2)[C@@H](O)[C@H](Oc2ccc3c(O)c(CCCCOCCN)c(=O)oc3c2C)OC1(C)C,4.485310141930862,2.8567400000000003,588.6540000000003,42,-7.7,7
CO[C@@H]1[C@@H](OC(=O)c2ccc(C)[nH]2)[C@@H](O)[C@H](Oc2ccc3c(O)c(Cn4cc(N)ccc4=O)c(=O)oc3c2C)OC1(C)C,4.524865025967139,2.3509400000000005,595.6050000000002,43,-7.2,7
CO[C@@H]1[C@@H](OC(=O)c2ccc(C)[nH]2)[C@@H](O)[C@H](Oc2ccc3c(O)c(COc4cccc(N)c4)c(=O)oc3c2C)OC1(C)C,4.3923069069176925,3.719940000000002,594.6170000000002,43,-8.4,7
CO[C@@H]1[C@@H](OC(=O)c2ccc(C)[nH]2)[C@@H](O)[C@H](Oc2ccc3c(O)c(OCCOCCOCCCN)c(=O)oc3c2C)OC1(C)C,4.530701459985251,2.31954,634.6790000000003,45,-6.1,7
C=C(C)C(N)c1c(O)c2ccc(O[C@@H]3OC(C)(C)[C@H](OC)[C@@H](OC(=O)c4ccc(C)[nH]4)[C@H]3O)c(C)c2oc1=O,4.71749946334975,3.134640000000001,542.5850000000003,39,-7.0,7
CO[C@@H]1[C@@H](OC(=O)c2ccc(C)[nH]2)[C@@H](O)[C@H](Oc2ccc3c(O)c(NCc4ccc(O)cc4)c(=O)oc3c2C)OC1(C)C,4.384077171946782,3.8764400000000014,594.6170000000002,43,-7.9,7
CO[C@@H]1[C@@H](OC(=O)c2ccc(C)[nH]2)[C@@H](O)[C@H](Oc2ccc3c(O)c(NC(=O)NC(=O)CCl)c(=O)oc3c2C)OC1(C)C,4.49335270091453,2.44564,608.0000000000001,42,-7.5,7
CO[C@@H]1[C@@H](OC(=O)c2ccc(C)[nH]2)[C@@H](O)[C@H](Oc2ccc3c(O)c(NCCCN4CCOCC4)c(=O)oc3c2C)OC1(C)C,4.471944560480912,2.692940000000001,615.6800000000003,44,-7.6,7
CO[C@@H]1[C@@H](OC(=O)c2ccc(C)[nH]2)[C@@H](O)[C@H](Oc2ccc3c(O)c(-c4nc(N)nn4CCO)c(=O)oc3c2C)OC1(C)C,4.715878585289171,1.391739999999999,599.5970000000002,43,-6.6,7
CCn1c(=O)nc(N)n(Cc2c(O)c3ccc(O[C@@H]4OC(C)(C)[C@H](OC)[C@@H](OC(=O)c5ccc(C)[nH]5)[C@H]4O)c(C)c3oc2=O)c1=O,4.714795726131772,0.9275400000000004,641.6340000000002,46,-8.6,7
CO[C@@H]1[C@@H](OC(=O)c2ccc(C)[nH]2)[C@@H](O)[C@H](Oc2ccc3c(O)c(-c4ccc(CNC(=O)CCN)cc4)c(=O)oc3c2C)OC1(C)C,4.422001876570858,3.1907400000000017,649.6970000000002,47,-8.0,7
CO[C@@H]1[C@@H](OC(=O)c2ccc(C)[nH]2)[C@@H](O)[C@H](Oc2ccc3c(O)c(-c4cc(CN)ccc4O)c(=O)oc3c2C)OC1(C)C,4.453810788679002,3.3900400000000017,594.6170000000002,43,-8.2,7
CO[C@@H]1[C@@H](OC(=O)c2ccc(C)[nH]2)[C@@H](O)[C@H](Oc2ccc3c(O)c(NCCNC(=O)Cc4ccccc4)c(=O)oc3c2C)OC1(C)C,4.405473121884558,3.329540000000001,649.6970000000001,47,-8.9,7
CO[C@@H]1[C@@H](OC(=O)c2ccc(C)[nH]2)[C@@H](O)[C@H](Oc2ccc3c(O)c(CSCCCN)c(=O)oc3c2C)OC1(C)C,4.516690793832958,3.140740000000002,576.6680000000003,40,-7.5,7
COC1CN(CCNc2c(O)c3ccc(O[C@@H]4OC(C)(C)[C@H](OC)[C@@H](OC(=O)c5ccc(C)[nH]5)[C@H]4O)c(C)c3oc2=O)C1,4.569281844741584,2.30124,601.6530000000001,43,-7.5,7
CO[C@@H]1[C@@H](OC(=O)c2ccc(C)[nH]2)[C@@H](O)[C@H](Oc2ccc3c(O)c(Oc4c(N)[nH]c(=O)[nH]c4=O)c(=O)oc3c2C)OC1(C)C,4.726655254664777,1.3098399999999994,614.5640000000001,44,-8.4,7
CO[C@@H]1[C@@H](OC(=O)c2ccc(C)[nH]2)[C@@H](O)[C@H](Oc2ccc3c(O)c(C(=O)CCCCl)c(=O)oc3c2C)OC1(C)C,4.455168371301362,3.760440000000002,578.0140000000004,40,-5.8,7
CO[C@@H]1[C@@H](OC(=O)c2ccc(C)[nH]2)[C@@H](O)[C@H](Oc2ccc3c(O)c(COC(=O)c4ccc(N)cc4)c(=O)oc3c2C)OC1(C)C,4.402234352292943,3.4979400000000016,622.6270000000002,45,-8.0,7
CO[C@@H]1[C@@H](OC(=O)c2ccc(C)[nH]2)[C@@H](O)[C@H](Oc2ccc3c(O)c(CCc4ccccc4N)c(=O)oc3c2C)OC1(C)C,4.418634379445165,3.926140000000002,592.6450000000002,43,-8.3,7
CO[C@@H]1[C@@H](OC(=O)c2ccc(C)[nH]2)[C@@H](O)[C@H](Oc2ccc3c(O)c(CC[C@@H](N)CO)c(=O)oc3c2C)OC1(C)C,4.653627654819667,1.81094,560.6000000000003,40,-7.1,7
COC(=O)CCCCNc1c(O)c2ccc(O[C@@H]3OC(C)(C)[C@H](OC)[C@@H](OC(=O)c4ccc(C)[nH]4)[C@H]3O)c(C)c2oc1=O,4.449565417101427,3.313940000000001,602.6370000000003,43,-7.1,7
CO[C@@H]1[C@@H](OC(=O)c2ccc(C)[nH]2)[C@@H](O)[C@H](Oc2ccc3c(O)c(-c4ccc(C(N)=O)cc4N)c(=O)oc3c2C)OC1(C)C,4.468896408510931,2.9068400000000016,607.6160000000002,44,-8.8,7
CO[C@@H]1[C@@H](OC(=O)c2ccc(C)[nH]2)[C@@H](O)[C@H](Oc2ccc3c(O)c(COC(=O)C(N)C(C)O)c(=O)oc3c2C)OC1(C)C,4.77632574137506,1.3100399999999994,604.6090000000002,43,-7.2,7
CO[C@@H]1[C@@H](OC(=O)c2ccc(C)[nH]2)[C@@H](O)[C@H](Oc2ccc3c(O)c(CCOC(=O)Cn4nnc(N)n4)c(=O)oc3c2C)OC1(C)C,4.726945549511541,0.9133400000000002,642.6220000000002,46,-8.1,7
CO[C@@H]1[C@@H](OC(=O)c2ccc(C)[nH]2)[C@@H](O)[C@H](Oc2ccc3c(O)c(Cn4nccc4C(=O)NCCN)c(=O)oc3c2C)OC1(C)C,4.631489946846489,1.4920399999999998,639.6620000000001,46,-7.1,7
CO[C@@H]1[C@@H](OC(=O)c2ccc(C)[nH]2)[C@@H](O)[C@H](Oc2ccc3c(O)c(NCCCCCCO)c(=O)oc3c2C)OC1(C)C,4.4478061631510215,3.523340000000002,588.6540000000003,42,-7.8,7
CO[C@@H]1[C@@H](OC(=O)c2ccc(C)[nH]2)[C@@H](O)[C@H](Oc2ccc3c(O)c(Cc4noc(N)n4)c(=O)oc3c2C)OC1(C)C,4.629182714572531,2.11474,570.5550000000003,41,-7.6,7
CO[C@@H]1[C@@H](OC(=O)c2ccc(C)[nH]2)[C@@H](O)[C@H](Oc2ccc3c(O)c(Oc4cccc(CN)c4)c(=O)oc3c2C)OC1(C)C,4.392066053653309,3.8097400000000015,594.6170000000002,43,-7.7,7
CO[C@@H]1[C@@H](OC(=O)c2ccc(C)[nH]2)[C@@H](O)[C@H](Oc2ccc3c(O)c(CN4CCC(CN)CC4)c(=O)oc3c2C)OC1(C)C,4.4715080704600325,2.729440000000001,599.6810000000003,43,-7.2,7
COc1ccc(C(=O)Nc2c(O)c3ccc(O[C@@H]4OC(C)(C)[C@H](OC)[C@@H](OC(=O)c5ccc(C)[nH]5)[C@H]4O)c(C)c3oc2=O)cc1N,4.407721598659244,3.401840000000001,637.6420000000002,46,-8.8,7
COC(=O)C(O)(CN)c1c(O)c2ccc(O[C@@H]3OC(C)(C)[C@H](OC)[C@@H](OC(=O)c4ccc(C)[nH]4)[C@H]3O)c(C)c2oc1=O,4.855643745117764,0.8780399999999997,590.5820000000002,42,-5.6,7
CO[C@@H]1[C@@H](OC(=O)c2ccc(C)[nH]2)[C@@H](O)[C@H](Oc2ccc3c(O)c(NCCN4CCN(C(C)=O)CC4)c(=O)oc3c2C)OC1(C)C,4.500251303599972,2.134739999999999,642.7060000000002,46,-7.8,7
CO[C@@H]1[C@@H](OC(=O)c2ccc(C)[nH]2)[C@@H](O)[C@H](Oc2ccc3c(O)c(NC(=O)Cn4cc(N)ccc4=O)c(=O)oc3c2C)OC1(C)C,4.530921598659245,1.9413399999999992,638.6300000000001,46,-8.6,7
CCCC(N)Cc1c(O)c2ccc(O[C@@H]3OC(C)(C)[C@H](OC)[C@@H](OC(=O)c4ccc(C)[nH]4)[C@H]3O)c(C)c2oc1=O,4.601686793845779,3.2286400000000013,558.6280000000003,40,-7.4,7
CO[C@@H]1[C@@H](OC(=O)c2ccc(C)[nH]2)[C@@H](O)[C@H](Oc2ccc3c(O)c(CC(C)(CN)C(N)=O)c(=O)oc3c2C)OC1(C)C,4.811343404750167,1.55154,587.6260000000003,42,-7.7,7
CO[C@@H]1[C@@H](OC(=O)c2ccc(C)[nH]2)[C@@H](O)[C@H](Oc2ccc3c(O)c(C(N)C4(O)CN(C)C4)c(=O)oc3c2C)OC1(C)C,4.8774949364043545,1.2350399999999997,587.6260000000002,42,-6.5,7
CO[C@@H]1[C@@H](OC(=O)c2ccc(C)[nH]2)[C@@H](O)[C@H](Oc2ccc3c(O)c(OCCCCCl)c(=O)oc3c2C)OC1(C)C,4.417485619007783,3.956540000000003,580.0300000000003,40,-7.0,7
CO[C@@H]1[C@@H](OC(=O)c2ccc(C)[nH]2)[C@@H](O)[C@H](Oc2ccc3c(O)c(CC(=O)Oc4ccc(N)cc4)c(=O)oc3c2C)OC1(C)C,4.440250977603117,3.2890400000000017,622.6270000000002,45,-8.7,7
CO[C@@H]1[C@@H](OC(=O)c2ccc(C)[nH]2)[C@@H](O)[C@H](Oc2ccc3c(O)c(NC(=O)c4nnn(C)c4N)c(=O)oc3c2C)OC1(C)C,4.6429471777417,1.5217399999999996,612.5960000000001,44,-7.9,7
CO[C@@H]1[C@@H](OC(=O)c2ccc(C)[nH]2)[C@@H](O)[C@H](Oc2ccc3c(O)c(C(C)[C@H](C)N)c(=O)oc3c2C)OC1(C)C,4.728904908332796,3.009440000000001,544.6010000000002,39,-7.6,7
CO[C@@H]1[C@@H](OC(=O)c2ccc(C)[nH]2)[C@@H](O)[C@H](Oc2ccc3c(O)c(COCCN(C)CCN)c(=O)oc3c2C)OC1(C)C,4.5872924053674,1.96584,603.6690000000003,43,-7.1,7
CNC(=O)c1cccc(Nc2c(O)c3ccc(O[C@@H]4OC(C)(C)[C@H](OC)[C@@H](OC(=O)c5ccc(C)[nH]5)[C@H]4O)c(C)c3oc2=O)c1,4.409623061970362,3.661940000000002,621.6430000000003,45,-8.1,7
CO[C@@H]1[C@@H](OC(=O)c2ccc(C)[nH]2)[C@@H](O)[C@H](Oc2ccc3c(O)c(NC(=O)c4c(N)cnn4C)c(=O)oc3c2C)OC1(C)C,4.577624485434008,2.126739999999999,611.6080000000001,44,-8.5,7
COC(c1c(O)c2ccc(O[C@@H]3OC(C)(C)[C@H](OC)[C@@H](OC(=O)c4ccc(C)[nH]4)[C@H]3O)c(C)c2oc1=O)[C@H](O)CN,4.87447534440111,1.5658399999999997,576.5990000000002,41,-6.0,7
CO[C@@H]1[C@@H](OC(=O)c2ccc(C)[nH]2)[C@@H](O)[C@H](Oc2ccc3c(O)c(Nc4ccc(OCC(N)=O)cc4)c(=O)oc3c2C)OC1(C)C,4.423134768166902,3.166440000000001,637.6420000000002,46,-7.7,7
CO[C@@H]1[C@@H](OC(=O)c2ccc(C)[nH]2)[C@@H](O)[C@H](Oc2ccc3c(O)c(CCNC(=O)c4cccc(N)c4)c(=O)oc3c2C)OC1(C)C,4.425200788760481,3.113440000000001,635.6700000000002,46,-8.8,7
CO[C@@H]1[C@@H](OC(=O)c2ccc(C)[nH]2)[C@@H](O)[C@H](Oc2ccc3c(O)c(N(CCCN)S(C)(=O)=O)c(=O)oc3c2C)OC1(C)C,4.638066498340468,1.6735399999999998,623.6810000000002,43,-5.9,7
CO[C@@H]1[C@@H](OC(=O)c2ccc(C)[nH]2)[C@@H](O)[C@H](Oc2ccc3c(O)c(CCNC(=O)NC(=O)CCl)c(=O)oc3c2C)OC1(C)C,4.534284870049392,2.16584,636.0540000000001,44,-7.6,7
CO[C@@H]1[C@@H](OC(=O)c2ccc(C)[nH]2)[C@@H](O)[C@H](Oc2ccc3c(O)c(NCCCCN4CCC4)c(=O)oc3c2C)OC1(C)C,4.444032181642968,3.456540000000002,599.6810000000003,43,-7.5,7
CO[C@@H]1[C@@H](OC(=O)c2ccc(C)[nH]2)[C@@H](O)[C@H](Oc2ccc3c(O)c(COC(=O)CNC(=O)CCl)c(=O)oc3c2C)OC1(C)C,4.53837871620324,1.95694,637.0380000000001,44,-7.6,7
CO[C@@H]1[C@@H](OC(=O)c2ccc(C)[nH]2)[C@@H](O)[C@H](Oc2ccc3c(O)c(COC(=O)N4CC(CN)C4)c(=O)oc3c2C)OC1(C)C,4.57341294697247,2.08584,615.6360000000002,44,-8.2,7
COC(=O)C(N)COCc1c(O)c2ccc(O[C@@H]3OC(C)(C)[C@H](OC)[C@@H](OC(=O)c4ccc(C)[nH]4)[C@H]3O)c(C)c2oc1=O,4.678444193847342,1.5756399999999997,604.6090000000003,43,-7.1,7
CO[C@@H]1[C@@H](OC(=O)c2ccc(C)[nH]2)[C@@H](O)[C@H](Oc2ccc3c(O)c(Cc4nc(N)nn4C)c(=O)oc3c2C)OC1(C)C,4.647173911968919,1.860239999999999,583.5980000000003,42,-7.6,7
CO[C@@H]1[C@@H](OC(=O)c2ccc(C)[nH]2)[C@@H](O)[C@H](Oc2ccc3c(O)c(NCc4ccco4)c(=O)oc3c2C)OC1(C)C,4.442660565599006,3.763840000000002,568.5790000000002,41,-7.4,7
CO[C@@H]1[C@@H](OC(=O)c2ccc(C)[nH]2)[C@@H](O)[C@H](Oc2ccc3c(O)c(-c4cc(C)nc(N)n4)c(=O)oc3c2C)OC1(C)C,4.509806821667916,2.906360000000001,580.5940000000003,42,-7.9,7
CO[C@@H]1[C@@H](OC(=O)c2ccc(C)[nH]2)[C@@H](O)[C@H](Oc2ccc3c(O)c(C4C[C@H](N)C(=O)N4)c(=O)oc3c2C)OC1(C)C,4.898504379892645,1.4470399999999992,571.5830000000002,41,-7.4,7
CO[C@@H]1[C@@H](OC(=O)c2ccc(C)[nH]2)[C@@H](O)[C@H](Oc2ccc3c(O)c(C(C)(C#N)CN)c(=O)oc3c2C)OC1(C)C,4.865074267381418,2.2987200000000003,555.5840000000003,40,-6.8,7
CO[C@@H]1[C@@H](OC(=O)c2ccc(C)[nH]2)[C@@H](O)[C@H](Oc2ccc3c(O)c(NC(=O)c4ccc(O)c(N)c4)c(=O)oc3c2C)OC1(C)C,4.4475774104542944,3.098840000000001,623.6150000000001,45,-7.8,7
CO[C@@H]1[C@@H](OC(=O)c2ccc(C)[nH]2)[C@@H](O)[C@H](Oc2ccc3c(O)c(Cn4cc(N)c(C(N)=O)n4)c(=O)oc3c2C)OC1(C)C,4.648789100818624,1.48464,611.6080000000002,44,-7.8,7
CO[C@@H]1[C@@H](OC(=O)c2ccc(C)[nH]2)[C@@H](O)[C@H](Oc2ccc3c(O)c(Nc4nccnn4)c(=O)oc3c2C)OC1(C)C,4.608349229566619,2.48734,567.5550000000002,41,-7.1,7
CO[C@@H]1[C@@H](OC(=O)c2ccc(C)[nH]2)[C@@H](O)[C@H](Oc2ccc3c(O)c(CCN4CCN(CCCN)CC4)c(=O)oc3c2C)OC1(C)C,4.499176097285618,2.067640000000001,642.7500000000003,46,-7.8,7
CO[C@@H]1[C@@H](OC(=O)c2ccc(C)[nH]2)[C@@H](O)[C@H](Oc2ccc3c(O)c(COc4ccc(OCCN)cc4)c(=O)oc3c2C)OC1(C)C,4.407721169401002,3.475240000000002,638.6700000000002,46,-8.1,7
CC[C@@H](C)CNc1c(O)c2ccc(O[C@@H]3OC(C)(C)[C@H](OC)[C@@H](OC(=O)c4ccc(C)[nH]4)[C@H]3O)c(C)c2oc1=O,4.60005955319652,4.016740000000002,558.6280000000003,40,-5.8,7
CO[C@@H]1[C@@H](OC(=O)c2ccc(C)[nH]2)[C@@H](O)[C@H](Oc2ccc3c(O)c(Cn4cnc(N)c4C(N)=O)c(=O)oc3c2C)OC1(C)C,4.69372794697247,1.484639999999999,611.6080000000002,44,-7.9,7
CO[C@@H]1[C@@H](OC(=O)c2ccc(C)[nH]2)[C@@H](O)[C@H](Oc2ccc3c(O)c(NCCCCN(C)C)c(=O)oc3c2C)OC1(C)C,4.465086152771596,3.3124400000000014,587.6700000000003,42,-7.6,7
CO[C@@H]1[C@@H](OC(=O)c2ccc(C)[nH]2)[C@@H](O)[C@H](Oc2ccc3c(O)c(-c4cc(N)nc(=O)n4C[C@H](O)CO)c(=O)oc3c2C)OC1(C)C,4.900687290846861,0.7178399999999996,656.6450000000002,47,-6.0,7
CO[C@@H]1[C@@H](OC(=O)c2ccc(C)[nH]2)[C@@H](O)[C@H](Oc2ccc3c(O)c(-c4cnc(C(N)=O)c(N)n4)c(=O)oc3c2C)OC1(C)C,4.623120639280162,1.69684,609.5920000000001,44,-8.3,7
CO[C@@H]1[C@@H](OC(=O)c2ccc(C)[nH]2)[C@@H](O)[C@H](Oc2ccc3c(O)c(NC4COCC4O)c(=O)oc3c2C)OC1(C)C,4.852726638717892,1.730339999999999,574.5830000000002,41,-7.0,7
COC(=O)C(N)CCc1c(O)c2ccc(O[C@@H]3OC(C)(C)[C@H](OC)[C@@H](OC(=O)c4ccc(C)[nH]4)[C@H]3O)c(C)c2oc1=O,4.627246976818526,1.99164,588.6100000000002,42,-7.3,7
CO[C@@H]1[C@@H](OC(=O)c2ccc(C)[nH]2)[C@@H](O)[C@H](Oc2ccc3c(O)c(NC4CSC4)c(=O)oc3c2C)OC1(C)C,4.598321445560483,3.086040000000001,560.6250000000002,39,-7.6,7
CO[C@@H]1[C@@H](OC(=O)c2ccc(C)[nH]2)[C@@H](O)[C@H](Oc2ccc3c(O)c(Nc4c[nH]c(=O)[nH]c4=O)c(=O)oc3c2C)OC1(C)C,4.644582627010164,1.6789399999999997,598.565,43,-7.4,7
CO[C@@H]1[C@@H](OC(=O)c2ccc(C)[nH]2)[C@@H](O)[C@H](Oc2ccc3c(O)c(Cn4ncc(N)cc4=O)c(=O)oc3c2C)OC1(C)C,4.603768155041454,1.74594,596.5930000000002,43,-7.3,7
CO[C@@H]1[C@@H](OC(=O)c2ccc(C)[nH]2)[C@@H](O)[C@H](Oc2ccc3c(O)c(NC(=O)c4[nH]ncc4N)c(=O)oc3c2C)OC1(C)C,4.58090205334654,2.116339999999999,597.5810000000001,43,-7.5,7
CO[C@@H]1[C@@H](OC(=O)c2ccc(C)[nH]2)[C@@H](O)[C@H](Oc2ccc3c(O)c(C4C[C@@H](N)C(=O)N4)c(=O)oc3c2C)OC1(C)C,4.898504379892645,1.4470399999999992,571.5830000000002,41,-7.0,7
CO[C@@H]1[C@@H](OC(=O)c2ccc(C)[nH]2)[C@@H](O)[C@H](Oc2ccc3c(O)c(-c4c(C(N)=O)n[nH]c4N)c(=O)oc3c2C)OC1(C)C,4.696067793994416,1.6299399999999995,597.5810000000001,43,-6.7,7
CO[C@@H]1[C@@H](OC(=O)c2ccc(C)[nH]2)[C@@H](O)[C@H](Oc2ccc3c(O)c(-c4cc(N)n(C)n4)c(=O)oc3c2C)OC1(C)C,4.56463479203047,2.5414400000000006,568.5830000000002,41,-6.9,7
CO[C@@H]1[C@@H](OC(=O)c2ccc(C)[nH]2)[C@@H](O)[C@H](Oc2ccc3c(O)c(Nc4cnn(C)c4)c(=O)oc3c2C)OC1(C)C,4.521229276859801,3.035840000000001,568.5830000000002,41,-7.1,7
CO[C@@H]1[C@@H](OC(=O)c2ccc(C)[nH]2)[C@@H](O)[C@H](Oc2ccc3c(O)c(NCCN4CCN(C)C(=O)C4)c(=O)oc3c2C)OC1(C)C,4.605952590506343,1.7446399999999995,628.6790000000002,45,-8.3,7
CO[C@@H]1[C@@H](OC(=O)c2ccc(C)[nH]2)[C@@H](O)[C@H](Oc2ccc3c(O)c(C(N)CN(C)CCO)c(=O)oc3c2C)OC1(C)C,4.7266878675067865,1.48264,589.6420000000003,42,-6.6,7
CO[C@@H]1[C@@H](OC(=O)c2ccc(C)[nH]2)[C@@H](O)[C@H](Oc2ccc3c(O)c(CCNC(=O)Cn4ccc(N)n4)c(=O)oc3c2C)OC1(C)C,4.596745912927652,1.6963399999999995,639.6620000000001,46,-8.0,7
CO[C@@H]1[C@@H](OC(=O)c2ccc(C)[nH]2)[C@@H](O)[C@H](Oc2ccc3c(O)c(Cn4cc(CCN)cn4)c(=O)oc3c2C)OC1(C)C,4.558729531352083,2.30474,596.6370000000003,43,-7.2,7
CO[C@@H]1[C@@H](OC(=O)c2ccc(C)[nH]2)[C@@H](O)[C@H](Oc2ccc3c(O)c(OCc4cccnc4N)c(=O)oc3c2C)OC1(C)C,4.4561434938601625,3.1149400000000016,595.6050000000002,43,-8.8,7
CO[C@@H]1[C@@H](OC(=O)c2ccc(C)[nH]2)[C@@H](O)[C@H](Oc2ccc3c(O)c(NC(=O)C(C)(C)CN)c(=O)oc3c2C)OC1(C)C,4.563845477955839,2.48214,587.6260000000002,42,-7.6,7
CO[C@@H]1[C@@H](OC(=O)c2ccc(C)[nH]2)[C@@H](O)[C@H](Oc2ccc3c(O)c(CC(=O)OCCl)c(=O)oc3c2C)OC1(C)C,4.520656868125638,2.840740000000001,579.9860000000003,40,-7.0,7
CO[C@@H]1[C@@H](OC(=O)c2ccc(C)[nH]2)[C@@H](O)[C@H](Oc2ccc3c(O)c(-c4cccc(CN)n4)c(=O)oc3c2C)OC1(C)C,4.476286269251817,3.0794400000000017,579.6060000000002,42,-7.3,7
CO[C@@H]1[C@@H](OC(=O)c2ccc(C)[nH]2)[C@@H](O)[C@H](Oc2ccc3c(O)c(OCc4n[nH]c(N)n4)c(=O)oc3c2C)OC1(C)C,4.647041574291605,1.838039999999999,585.5700000000002,42,-7.9,7
CO[C@@H]1[C@@H](OC(=O)c2ccc(C)[nH]2)[C@@H](O)[C@H](Oc2ccc3c(O)c(N(CCCN)C(C)=O)c(=O)oc3c2C)OC1(C)C,4.599539340590642,2.26044,587.6260000000003,42,-7.3,7
CO[C@@H]1[C@@H](OC(=O)c2ccc(C)[nH]2)[C@@H](O)[C@H](Oc2ccc3c(O)c(C(O)(CN)CCO)c(=O)oc3c2C)OC1(C)C,4.87817022611839,1.0874399999999995,576.5990000000003,41,-7.3,7
CO[C@@H]1[C@@H](OC(=O)c2ccc(C)[nH]2)[C@@H](O)[C@H](Oc2ccc3c(O)c(CNC(=O)CCCCl)c(=O)oc3c2C)OC1(C)C,4.45044535009601,3.1939400000000013,607.0560000000003,42,-7.0,7
CO[C@@H]1[C@@H](OC(=O)c2ccc(C)[nH]2)[C@@H](O)[C@H](Oc2ccc3c(O)c(COCC(C)N)c(=O)oc3c2C)OC1(C)C,4.637179948397649,2.4225400000000006,560.6000000000003,40,-7.4,7
COC(=O)C(CN)Oc1c(O)c2ccc(O[C@@H]3OC(C)(C)[C@H](OC)[C@@H](OC(=O)c4ccc(C)[nH]4)[C@H]3O)c(C)c2oc1=O,4.709719041595855,1.437839999999999,590.5820000000002,42,-7.4,7
CO[C@@H]1[C@@H](OC(=O)c2ccc(C)[nH]2)[C@@H](O)[C@H](Oc2ccc3c(O)c(-c4nncc(N)n4)c(=O)oc3c2C)OC1(C)C,4.6410328166828085,1.99294,567.5550000000002,41,-7.6,7
COC(=O)C(O)CNc1c(O)c2ccc(O[C@@H]3OC(C)(C)[C@H](OC)[C@@H](OC(=O)c4ccc(C)[nH]4)[C@H]3O)c(C)c2oc1=O,4.7060898917982845,1.5045399999999989,590.5820000000002,42,-7.7,7
CO[C@@H]1[C@@H](OC(=O)c2ccc(C)[nH]2)[C@@H](O)[C@H](Oc2ccc3c(O)c(-c4nccn4CCN)c(=O)oc3c2C)OC1(C)C,4.59031770161256,2.3809400000000007,582.6100000000002,42,-6.9,7
CO[C@@H]1[C@@H](OC(=O)c2ccc(C)[nH]2)[C@@H](O)[C@H](Oc2ccc3c(O)c(C#CCC(N)CO)c(=O)oc3c2C)OC1(C)C,4.862479154689819,1.61994,570.5950000000003,41,-7.9,7
CO[C@@H]1[C@@H](OC(=O)c2ccc(C)[nH]2)[C@@H](O)[C@H](Oc2ccc3c(O)c(NC(=O)c4cncnc4N)c(=O)oc3c2C)OC1(C)C,4.537072419318306,2.18324,609.5920000000001,44,-7.2,7
CO[C@@H]1[C@@H](OC(=O)c2ccc(C)[nH]2)[C@@H](O)[C@H](Oc2ccc3c(O)c(-c4c(N)cn[nH]c4=O)c(=O)oc3c2C)OC1(C)C,4.642214580865241,1.89124,582.5660000000003,42,-7.1,7
CO[C@@H]1[C@@H](OC(=O)c2ccc(C)[nH]2)[C@@H](O)[C@H](Oc2ccc3c(O)c(Nc4ccncn4)c(=O)oc3c2C)OC1(C)C,4.517028986651638,3.092340000000001,566.5670000000001,41,-7.5,7
CO[C@@H]1[C@@H](OC(=O)c2ccc(C)[nH]2)[C@@H](O)[C@H](Oc2ccc3c(O)c(-c4ccc(N)c(O)c4)c(=O)oc3c2C)OC1(C)C,4.453787691233133,3.5135400000000008,580.5900000000003,42,-8.4,7
COCCCCCNc1c(O)c2ccc(O[C@@H]3OC(C)(C)[C@H](OC)[C@@H](OC(=O)c4ccc(C)[nH]4)[C@H]3O)c(C)c2oc1=O,4.432649399225291,3.787340000000002,588.6540000000002,42,-7.2,7
CO[C@@H]1[C@@H](OC(=O)c2ccc(C)[nH]2)[C@@H](O)[C@H](Oc2ccc3c(O)c(OC[C@H](N)CCO)c(=O)oc3c2C)OC1(C)C,4.65638162721729,1.6472399999999998,576.5990000000003,41,-6.7,7
CO[C@@H]1[C@@H](OC(=O)c2ccc(C)[nH]2)[C@@H](O)[C@H](Oc2ccc3c(O)c(C=COCCN)c(=O)oc3c2C)OC1(C)C,4.6666333113154765,2.504740000000001,558.5840000000003,40,-5.8,7
CO[C@@H]1[C@@H](OC(=O)c2ccc(C)[nH]2)[C@@H](O)[C@H](Oc2ccc3c(O)c(-c4cc(N)nc(=O)n4CC(O)CO)c(=O)oc3c2C)OC1(C)C,4.900687290846861,0.7178399999999996,656.6450000000002,47,-6.5,7
CO[C@@H]1[C@@H](OC(=O)c2ccc(C)[nH]2)[C@@H](O)[C@H](Oc2ccc3c(O)c(NCCC(=O)NCc4ccccc4)c(=O)oc3c2C)OC1(C)C,4.387032370269761,3.6771400000000014,649.6970000000001,47,-9.1,7
COc1cc(-c2c(O)c3ccc(O[C@@H]4OC(C)(C)[C@H](OC)[C@@H](OC(=O)c5ccc(C)[nH]5)[C@H]4O)c(C)c3oc2=O)ccc1CN,4.429192571893004,3.6930400000000008,608.644,44,-8.3,7
CO[C@@H]1[C@@H](OC(=O)c2ccc(C)[nH]2)[C@@H](O)[C@H](Oc2ccc3c(O)c(Nc4nn(C)c(=O)n(C)c4=O)c(=O)oc3c2C)OC1(C)C,4.665929245105049,1.0947399999999992,627.6070000000001,45,-7.8,7
CO[C@@H]1[C@@H](OC(=O)c2ccc(C)[nH]2)[C@@H](O)[C@H](Oc2ccc3c(O)c(NCCN(CCO)CCCO)c(=O)oc3c2C)OC1(C)C,4.619238198446789,1.6473399999999991,633.6950000000003,45,-7.7,7
COC(=O)c1nnn(Cc2c(O)c3ccc(O[C@@H]4OC(C)(C)[C@H](OC)[C@@H](OC(=O)c5ccc(C)[nH]5)[C@H]4O)c(C)c3oc2=O)c1N,4.629368404825777,1.5673399999999995,627.6070000000002,45,-7.6,7
CO[C@@H]1[C@@H](OC(=O)c2ccc(C)[nH]2)[C@@H](O)[C@H](Oc2ccc3c(O)c(Cn4c(N)nccc4=O)c(=O)oc3c2C)OC1(C)C,4.612804530530371,1.7459399999999992,596.5930000000002,43,-7.8,7
CO[C@@H]1[C@@H](OC(=O)c2ccc(C)[nH]2)[C@@H](O)[C@H](Oc2ccc3c(O)c(C4COC4CN)c(=O)oc3c2C)OC1(C)C,4.868464717359471,1.99984,558.5840000000003,40,-7.2,7
CO[C@@H]1[C@@H](OC(=O)c2ccc(C)[nH]2)[C@@H](O)[C@H](Oc2ccc3c(O)c(OC[C@@H]4C[C@H]4N)c(=O)oc3c2C)OC1(C)C,4.780264070666713,2.28474,558.5840000000003,40,-7.1,7
COc1cc(CN)ccc1-c1c(O)c2ccc(O[C@@H]3OC(C)(C)[C@H](OC)[C@@H](OC(=O)c4ccc(C)[nH]4)[C@H]3O)c(C)c2oc1=O,4.41592086178493,3.6930400000000025,608.6440000000002,44,-6.9,7
CO[C@@H]1[C@@H](OC(=O)c2ccc(C)[nH]2)[C@@H](O)[C@H](Oc2ccc3c(O)c(C4(CN)CN(S(C)(=O)=O)C4)c(=O)oc3c2C)OC1(C)C,4.752337132109367,1.0304400000000014,635.6920000000002,44,-6.7,7
CNC(=O)CN1CCC(Nc2c(O)c3ccc(O[C@@H]4OC(C)(C)[C@H](OC)[C@@H](OC(=O)c5ccc(C)[nH]5)[C@H]4O)c(C)c3oc2=O)CC1,4.529959480462479,2.1810399999999994,642.7060000000001,46,-8.0,7
CO[C@@H]1[C@@H](OC(=O)c2ccc(C)[nH]2)[C@@H](O)[C@H](Oc2ccc3c(O)c(OCCC#CCN)c(=O)oc3c2C)OC1(C)C,4.609353306812148,2.28974,570.5950000000004,41,-7.3,7
CO[C@@H]1[C@@H](OC(=O)c2ccc(C)[nH]2)[C@@H](O)[C@H](Oc2ccc3c(O)c(-c4ccc(CCN)cn4)c(=O)oc3c2C)OC1(C)C,4.471105484810389,3.1219400000000013,593.6330000000003,43,-7.1,7
CO[C@@H]1[C@@H](OC(=O)c2ccc(C)[nH]2)[C@@H](O)[C@H](Oc2ccc3c(O)c(C4(CN)OCCO4)c(=O)oc3c2C)OC1(C)C,4.747938602931958,1.7170399999999992,574.5830000000003,41,-7.2,7
CO[C@@H]1[C@@H](OC(=O)c2ccc(C)[nH]2)[C@@H](O)[C@H](Oc2ccc3c(O)c(CNC(=O)Nc4ccc(N)cc4)c(=O)oc3c2C)OC1(C)C,4.409528468954303,3.462640000000002,636.6580000000001,46,-8.2,7
CO[C@@H]1[C@@H](OC(=O)c2ccc(C)[nH]2)[C@@H](O)[C@H](Oc2ccc3c(O)c(CN4C[C@H](N)CC4=O)c(=O)oc3c2C)OC1(C)C,4.708114366362621,1.6183399999999997,585.6100000000002,42,-6.6,7
CO[C@@H]1[C@@H](OC(=O)c2ccc(C)[nH]2)[C@@H](O)[C@H](Oc2ccc3c(O)c(NCc4nncn4C)c(=O)oc3c2C)OC1(C)C,4.590334412487891,2.29934,583.5980000000002,42,-8.0,7
CO[C@@H]1[C@@H](OC(=O)c2ccc(C)[nH]2)[C@@H](O)[C@H](Oc2ccc3c(O)c(NCc4cnccn4)c(=O)oc3c2C)OC1(C)C,4.516855877495033,2.960840000000001,580.5940000000002,42,-7.3,7
CO[C@@H]1[C@@H](OC(=O)c2ccc(C)[nH]2)[C@@H](O)[C@H](Oc2ccc3c(O)c(NCc4cnn(C)c4)c(=O)oc3c2C)OC1(C)C,4.519486269251816,2.9043400000000013,582.6100000000002,42,-8.1,7
CO[C@@H]1[C@@H](OC(=O)c2ccc(C)[nH]2)[C@@H](O)[C@H](Oc2ccc3c(O)c(-c4ccnn(CCN)c4=O)c(=O)oc3c2C)OC1(C)C,4.60938023877158,1.7411399999999992,610.6200000000001,44,-6.2,7
CO[C@@H]1[C@@H](OC(=O)c2ccc(C)[nH]2)[C@@H](O)[C@H](Oc2ccc3c(O)c(CCC(=O)Nc4ccc(N)cc4)c(=O)oc3c2C)OC1(C)C,4.389627075859208,3.712240000000002,635.6700000000002,46,-8.5,7
CO[C@@H]1[C@@H](OC(=O)c2ccc(C)[nH]2)[C@@H](O)[C@H](Oc2ccc3c(O)c(NC(=O)Cc4ccccc4N)c(=O)oc3c2C)OC1(C)C,4.410042913086988,3.322140000000002,621.6430000000001,45,-8.8,7
CO[C@@H]1[C@@H](OC(=O)c2ccc(C)[nH]2)[C@@H](O)[C@H](Oc2ccc3c(O)c(CNC(=O)Cc4ccccc4N)c(=O)oc3c2C)OC1(C)C,4.440057602812571,2.9998400000000016,635.6700000000002,46,-8.7,7
CO[C@@H]1[C@@H](OC(=O)c2ccc(C)[nH]2)[C@@H](O)[C@H](Oc2ccc3c(O)c(OC(C)(C)CN)c(=O)oc3c2C)OC1(C)C,4.59948869593086,2.674840000000001,560.6000000000003,40,-5.8,7
CO[C@@H]1[C@@H](OC(=O)c2ccc(C)[nH]2)[C@@H](O)[C@H](Oc2ccc3c(O)c(-c4ccc(C(=O)NCCN)cn4)c(=O)oc3c2C)OC1(C)C,4.496335131583011,2.30924,636.6580000000001,46,-7.6,7
CO[C@@H]1[C@@H](OC(=O)c2ccc(C)[nH]2)[C@@H](O)[C@H](Oc2ccc3c(O)c(-c4cc(=O)n(C)c(N)n4)c(=O)oc3c2C)OC1(C)C,4.591697379793233,1.90164,596.5930000000002,43,-8.7,7
