Step,SMILES,HasSubstructure,LogP,NumHeavyAtoms,MW,SA,Score,Penalized Score,lowest_mode1_affinity,pareto_rank
26,CO[C@@H]1[C@@H](OC(=O)c2ccc(C)[nH]2)[C@@H](O)[C@H](Oc2ccc3c(O)c(NCCO)c(=O)oc3c2C)OC1(C)C,True,1.96294,38.0,532.5460000000003,4.434023724369832,0.6041527866110621,0.6041527866110621,-6.5,1
41,CO[C@@H]1[C@@H](OC(=O)c2ccc(C)[nH]2)[C@@H](O)[C@H](Oc2ccc3c(O)c(NCc4ccccc4)c(=O)oc3c2C)OC1(C)C,True,4.170840000000003,42.0,578.6180000000002,4.295980137850062,0.6255997987488877,0.6255997987488877,-8.2,1
41,CO[C@@H]1[C@@H](OC(=O)c2ccc(C)[nH]2)[C@@H](O)[C@H](Oc2ccc3c(O)c(N)c(=O)oc3c2C)OC1(C)C,True,2.14094,35.0,488.4930000000003,4.386392044501547,0.6391531337169836,0.6391531337169836,-7.6,1
67,CO[C@@H]1[C@@H](OC(=O)c2ccc(C)[nH]2)[C@@H](O)[C@H](Oc2ccc3c(O)c(NCCNC(=O)CN)c(=O)oc3c2C)OC1(C)C,True,1.0455400000000008,42.0,588.6140000000003,4.505627691233133,0.5374846729907586,0.5374846729907586,-7.4,1
70,CO[C@@H]1[C@@H](OC(=O)c2ccc(C)[nH]2)[C@@H](O)[C@H](Oc2ccc3c(O)c(S(=O)(=O)NCCNC(=O)[C@@H](O)CN)c(=O)oc3c2C)OC1(C)C,True,-0.7271599999999963,47.0,682.7049999999999,4.837569978422572,0.425629758055256,0.425629758055256,-7.7,1
74,CO[C@@H]1[C@@H](OC(=O)c2ccc(C)[nH]2)[C@@H](O)[C@H](Oc2ccc3c(O)c(CC(N)CO)c(=O)oc3c2C)OC1(C)C,True,1.4208399999999994,39.0,546.5730000000003,4.623086857088086,0.569450224037498,0.569450224037498,-7.4,1
75,CO[C@@H]1[C@@H](OC(=O)c2ccc(C)[nH]2)[C@@H](O)[C@H](Oc2ccc3c(O)c(NCC(O)O)c(=O)oc3c2C)OC1(C)C,True,1.28134,39.0,548.5450000000002,4.57166783135596,0.5823712450850312,0.5823712450850312,-7.3,1
82,CO[C@@H]1[C@@H](OC(=O)c2ccc(C)[nH]2)[C@@H](O)[C@H](Oc2ccc3c(O)c(-c4ccc(Cc5ccccc5)cc4)c(=O)oc3c2C)OC1(C)C,True,5.816540000000006,47.0,639.7010000000001,4.286392355322876,0.4815435015350761,0.4815435015350761,-7.9,1
82,CO[C@@H]1[C@@H](OC(=O)c2ccc(C)[nH]2)[C@@H](O)[C@H](Oc2ccc3c(O)c(CNC(=O)CCNC(=O)CN)c(=O)oc3c2C)OC1(C)C,True,0.6399400000000013,45.0,630.6510000000002,4.484991294131593,0.4864653359840571,0.4864653359840571,-7.6,1
114,CO[C@@H]1[C@@H](OC(=O)c2ccc(C)[nH]2)[C@@H](O)[C@H](Oc2ccc3c(O)c(NC(C)=O)c(=O)oc3c2C)OC1(C)C,True,2.5171400000000004,38.0,530.5300000000003,4.352192567364029,0.6188270288806896,0.6188270288806896,-8.0,1
128,CO[C@@H]1[C@@H](OC(=O)c2ccc(C)[nH]2)[C@@H](O)[C@H](Oc2ccc3c(O)c(CC(=O)NCCNC(=O)CN)c(=O)oc3c2C)OC1(C)C,True,0.2923400000000025,45.0,630.6510000000002,4.498941012705702,0.4877166522151174,0.4877166522151174,-7.3,1
130,CO[C@@H]1[C@@H](OC(=O)c2ccc(C)[nH]2)[C@@H](O)[C@H](Oc2ccc3c(O)c(N(CN)CO)c(=O)oc3c2C)OC1(C)C,True,1.2311399999999997,39.0,547.5610000000003,4.71518844093506,0.5664301231594536,0.5664301231594536,-6.5,1
134,CO[C@@H]1[C@@H](OC(=O)c2ccc(C)[nH]2)[C@@H](O)[C@H](Oc2ccc3c(O)c(CC(N)(CO)CO)c(=O)oc3c2C)OC1(C)C,True,0.7833399999999995,41.0,576.5990000000003,4.679652326185504,0.5419351638877107,0.5419351638877107,-7.3,1
143,CO[C@@H]1[C@@H](OC(=O)c2ccc(C)[nH]2)[C@@H](O)[C@H](Oc2ccc3c(O)c(C(N)C(=O)NCC(N)=O)c(=O)oc3c2C)OC1(C)C,True,0.1600400000000006,43.0,602.5970000000002,4.691306446448851,0.5098970375949321,0.5098970375949321,-7.9,1
143,CO[C@@H]1[C@@H](OC(=O)c2ccc(C)[nH]2)[C@@H](O)[C@H](Oc2ccc3c(O)c(C(N)CO)c(=O)oc3c2C)OC1(C)C,True,1.5508399999999998,38.0,532.5460000000003,4.593167645909434,0.5864858202386845,0.5864858202386845,-7.0,1
232,CO[C@@H]1[C@@H](OC(=O)c2ccc(C)[nH]2)[C@@H](O)[C@H](Oc2ccc3c(O)c(C(N)C(O)C(N)=O)c(=O)oc3c2C)OC1(C)C,True,0.4047400000000003,41.0,575.5710000000003,4.840198787984553,0.5316070767421055,0.5316070767421055,-7.2,1
240,CO[C@@H]1[C@@H](OC(=O)c2ccc(C)[nH]2)[C@@H](O)[C@H](Oc2ccc3c(O)c(C(O)C(O)C(O)C(O)CN)c(=O)oc3c2C)OC1(C)C,True,-0.3664599999999995,44.0,622.624,5.108533612447972,0.4789335039984677,0.4789335039984677,-7.6,1
247,CO[C@@H]1[C@@H](OC(=O)c2ccc(C)[nH]2)[C@@H](O)[C@H](Oc2ccc3c(O)c(CC(=O)NNC(=O)CCN)c(=O)oc3c2C)OC1(C)C,True,0.5974400000000009,44.0,616.6240000000001,4.520029100818623,0.5010677324683278,0.5010677324683278,-7.4,1
292,CO[C@@H]1[C@@H](OC(=O)c2ccc(C)[nH]2)[C@@H](O)[C@H](Oc2ccc3c(O)c(NC(=O)CN4CCOCC4)c(=O)oc3c2C)OC1(C)C,True,1.8294399999999995,44.0,615.6360000000002,4.400676313933377,0.5159013364281908,0.5159013364281908,-8.5,1
334,CO[C@@H]1[C@@H](OC(=O)c2ccc(C)[nH]2)[C@@H](O)[C@H](Oc2ccc3c(O)c(CS(=O)(=O)CC(=O)NNC(=O)CN)c(=O)oc3c2C)OC1(C)C,True,-0.4203599999999965,47.0,680.689,4.720064994494729,0.4324262286338697,0.4324262286338697,-8.2,1
344,CO[C@@H]1[C@@H](OC(=O)c2ccc(C)[nH]2)[C@@H](O)[C@H](Oc2ccc3c(O)c(CC(=O)NCCNC(N)=O)c(=O)oc3c2C)OC1(C)C,True,0.8857400000000003,44.0,616.6240000000001,4.481930254664777,0.5019143734939688,0.5019143734939688,-8.1,1
354,CO[C@@H]1[C@@H](OC(=O)c2ccc(C)[nH]2)[C@@H](O)[C@H](Oc2ccc3c(O)c(NCC(=O)NCCO)c(=O)oc3c2C)OC1(C)C,True,1.0791399999999998,42.0,589.5980000000002,4.481838794912065,0.5383631726081781,0.5383631726081781,-7.6,1
355,CO[C@@H]1[C@@H](OC(=O)c2ccc(C)[nH]2)[C@@H](O)[C@H](Oc2ccc3c(O)c(N(CO)CO)c(=O)oc3c2C)OC1(C)C,True,1.2647399999999998,39.0,548.5450000000003,4.686422403199212,0.572683188787073,0.572683188787073,-6.6,1
357,CO[C@@H]1[C@@H](OC(=O)c2ccc(C)[nH]2)[C@@H](O)[C@H](Oc2ccc3c(O)c(CC(=O)NCC(N)O)c(=O)oc3c2C)OC1(C)C,True,0.4945400000000002,42.0,589.5980000000002,4.683984628640389,0.5228666412090666,0.5228666412090666,-7.7,1
360,CO[C@@H]1[C@@H](OC(=O)c2ccc(C)[nH]2)[C@@H](O)[C@H](Oc2ccc3c(O)c(C[C@@H](N)CO)c(=O)oc3c2C)OC1(C)C,True,1.4208399999999994,39.0,546.5730000000003,4.623086857088086,0.569450224037498,0.569450224037498,-7.3,1
366,CO[C@@H]1[C@@H](OC(=O)c2ccc(C)[nH]2)[C@@H](O)[C@H](Oc2ccc3c(O)c(CNC(=O)C(=O)NCC(CO)CO)c(=O)oc3c2C)OC1(C)C,True,-0.1080599999999984,47.0,661.6610000000002,4.673609291511688,0.4509379335042134,0.4509379335042134,-7.7,1
388,CO[C@@H]1[C@@H](OC(=O)c2ccc(C)[nH]2)[C@@H](O)[C@H](Oc2ccc3c(O)c(NC(=O)CN)c(=O)oc3c2C)OC1(C)C,True,1.4559399999999998,39.0,545.5450000000003,4.411281038903131,0.5961991091566656,0.5961991091566656,-7.0,1
405,CO[C@@H]1[C@@H](OC(=O)c2ccc(C)[nH]2)[C@@H](O)[C@H](Oc2ccc3c(O)c(COCC(=O)NNC(=O)CN)c(=O)oc3c2C)OC1(C)C,True,0.1814400000000022,45.0,632.6230000000002,4.606156397321086,0.4822069948990302,0.4822069948990302,-7.8,1
417,CO[C@@H]1[C@@H](OC(=O)c2ccc(C)[nH]2)[C@@H](O)[C@H](Oc2ccc3c(O)c(CNC(=O)C(N)CO)c(=O)oc3c2C)OC1(C)C,True,0.4945400000000011,42.0,589.5980000000002,4.593167219733507,0.5248848058514417,0.5248848058514417,-7.8,1
452,CO[C@@H]1[C@@H](OC(=O)c2ccc(C)[nH]2)[C@@H](O)[C@H](Oc2ccc3c(O)c(CC(=O)NNC(=O)CN)c(=O)oc3c2C)OC1(C)C,True,0.2073400000000014,43.0,602.5970000000002,4.522786137189683,0.5172664134513153,0.5172664134513153,-7.1,1
460,CO[C@@H]1[C@@H](OC(=O)c2ccc(C)[nH]2)[C@@H](O)[C@H](Oc2ccc3c(O)c(C(O)(O)CN)c(=O)oc3c2C)OC1(C)C,True,0.6548399999999994,39.0,548.5450000000003,4.709066089701389,0.5668590778953607,0.5668590778953607,-7.2,1
464,CO[C@@H]1[C@@H](OC(=O)c2ccc(C)[nH]2)[C@@H](O)[C@H](Oc2ccc3c(O)c(CNC(=O)CN)c(=O)oc3c2C)OC1(C)C,True,1.13364,40.0,559.5720000000002,4.4282712647382,0.5617559065118135,0.5617559065118135,-7.5,1
469,CO[C@@H]1[C@@H](OC(=O)c2ccc(C)[nH]2)[C@@H](O)[C@H](Oc2ccc3c(O)c(C(N)(CO)C(=O)NCC(N)=O)c(=O)oc3c2C)OC1(C)C,True,-0.6934599999999975,45.0,632.6230000000002,4.948900597615083,0.4753709634920274,0.4753709634920274,-8.0,1
470,CO[C@@H]1[C@@H](OC(=O)c2ccc(C)[nH]2)[C@@H](O)[C@H](Oc2ccc3c(O)c(CN)c(=O)oc3c2C)OC1(C)C,True,2.01744,36.0,502.5200000000004,4.381992657068277,0.6247931218428562,0.4165287478952374,-6.5,1
523,CO[C@@H]1[C@@H](OC(=O)c2ccc(C)[nH]2)[C@@H](O)[C@H](Oc2ccc3c(O)c(CC(O)CO)c(=O)oc3c2C)OC1(C)C,True,1.4544399999999995,39.0,547.5570000000002,4.596395129947302,0.5703362760157855,0.5703362760157855,-6.9,1
561,CO[C@@H]1[C@@H](OC(=O)c2ccc(C)[nH]2)[C@@H](O)[C@H](Oc2ccc3c(O)c(OCCNC(=O)CN)c(=O)oc3c2C)OC1(C)C,True,1.0124400000000002,42.0,589.5980000000003,4.447526821667918,0.5269600179462807,0.5269600179462807,-7.2,1
581,CO[C@@H]1[C@@H](OC(=O)c2ccc(C)[nH]2)[C@@H](O)[C@H](Oc2ccc3c(O)c(C(O)(O)C(O)CN)c(=O)oc3c2C)OC1(C)C,True,0.0157399999999989,41.0,578.5710000000003,4.905035960384124,0.52802246685227,0.52802246685227,-6.6,1
826,CO[C@@H]1[C@@H](OC(=O)c2ccc(C)[nH]2)[C@@H](O)[C@H](Oc2ccc3c(O)c(C(N)(CO)C(=O)NCCO)c(=O)oc3c2C)OC1(C)C,True,-0.1864599999999991,44.0,619.6240000000001,4.920283844861295,0.4888137878827246,0.4888137878827246,-7.4,1
869,CO[C@@H]1[C@@H](OC(=O)c2ccc(C)[nH]2)[C@@H](O)[C@H](Oc2ccc3c(O)c(CO)c(=O)oc3c2C)OC1(C)C,True,2.0510399999999995,36.0,503.5040000000004,4.368900977319454,0.6269504637350336,0.6269504637350336,-7.4,1
948,CO[C@@H]1[C@@H](OC(=O)c2ccc(C)[nH]2)[C@@H](O)[C@H](Oc2ccc3c(O)c(OCCN)c(=O)oc3c2C)OC1(C)C,True,1.89624,38.0,532.5460000000004,4.399392363423086,0.5895032778334554,0.5895032778334554,-7.9,1
42,CO[C@@H]1[C@@H](OC(=O)c2ccc(C)[nH]2)[C@@H](O)[C@H](Oc2ccc3c(O)c(NCCN)c(=O)oc3c2C)OC1(C)C,True,1.92934,38.0,531.5620000000004,4.457813813127228,0.6016333540834363,0.6016333540834363,-6.9,1
48,CO[C@@H]1[C@@H](OC(=O)c2ccc(C)[nH]2)[C@@H](O)[C@H](Oc2ccc3c(O)c(-c4ccc(Oc5ccccc5)cc4)c(=O)oc3c2C)OC1(C)C,True,6.018040000000005,47.0,641.6730000000001,4.28485773993826,0.4776545489365196,0.4776545489365196,-9.1,1
148,CO[C@@H]1[C@@H](OC(=O)c2ccc(C)[nH]2)[C@@H](O)[C@H](Oc2ccc3c(O)c(CNCC(O)CO)c(=O)oc3c2C)OC1(C)C,True,1.0015399999999997,41.0,576.5990000000003,4.606405665678829,0.5385817507861578,0.5385817507861578,-7.1,1
157,C#CC(N)(N)c1c(O)c2ccc(O[C@@H]3OC(C)(C)[C@H](OC)[C@@H](OC(=O)c4ccc(C)[nH]4)[C@H]3O)c(C)c2oc1=O,True,1.2621399999999998,39.0,541.5570000000001,4.803308287503587,0.5671301148828629,0.5671301148828629,-6.8,1
335,CO[C@@H]1[C@@H](OC(=O)c2ccc(C)[nH]2)[C@@H](O)[C@H](Oc2ccc3c(O)c(C(O)C(O)C(O)C(O)C(O)C(O)CN)c(=O)oc3c2C)OC1(C)C,True,-1.644659999999999,48.0,682.6759999999998,5.389143204095427,0.418968338722367,0.418968338722367,-7.4,1
771,CO[C@@H]1[C@@H](OC(=O)c2ccc(C)[nH]2)[C@@H](O)[C@H](Oc2ccc3c(O)c(C(O)(CO)NC(=O)CN)c(=O)oc3c2C)OC1(C)C,True,-0.2289599999999987,43.0,605.5970000000002,4.959019443796332,0.5009921948514686,0.5009921948514686,-7.3,1
788,CO[C@@H]1[C@@H](OC(=O)c2ccc(C)[nH]2)[C@@H](O)[C@H](Oc2ccc3c(O)c(C(CO)NC(=O)C(N)CO)c(=O)oc3c2C)OC1(C)C,True,0.0279400000000014,44.0,619.6240000000001,4.831180563276792,0.4888521132340092,0.4888521132340092,-6.9,1
791,COc1c(O)c2ccc(O[C@@H]3OC(C)(C)[C@H](OC)[C@@H](OC(=O)c4ccc(C)[nH]4)[C@H]3O)c(C)c2oc1=O,True,2.5673400000000006,36.0,503.50400000000025,4.30737460369308,0.8255255823006786,0.8255255823006786,-7.4,1
842,CO[C@@H]1[C@@H](OC(=O)c2ccc(C)[nH]2)[C@@H](O)[C@H](Oc2ccc3c(O)c(CC(=O)NC(=O)CN)c(=O)oc3c2C)OC1(C)C,True,0.7027400000000004,42.0,587.5820000000002,4.506276992412504,0.5324263867835285,0.5324263867835285,-7.3,1
971,CO[C@@H]1[C@@H](OC(=O)c2ccc(C)[nH]2)[C@@H](O)[C@H](Oc2ccc3c(O)c(NC(=O)CCNC(=O)CN)c(=O)oc3c2C)OC1(C)C,True,0.9622400000000004,44.0,616.6240000000001,4.45593294697247,0.5184347061123169,0.5184347061123169,-7.8,1
65,CO[C@@H]1[C@@H](OC(=O)c2ccc(C)[nH]2)[C@@H](O)[C@H](Oc2ccc3c(O)c(C[C@H](N)CO)c(=O)oc3c2C)OC1(C)C,True,1.4208399999999994,39.0,546.5730000000003,4.623086857088086,0.569450224037498,0.569450224037498,-7.5,1
74,CO[C@@H]1[C@@H](OC(=O)c2ccc(C)[nH]2)[C@@H](O)[C@H](Oc2ccc3c(O)c(NC(=O)C(O)CN)c(=O)oc3c2C)OC1(C)C,True,0.8168399999999989,41.0,575.5710000000003,4.655536546284711,0.555210682113213,0.555210682113213,-6.7,1
95,CO[C@@H]1[C@@H](OC(=O)c2ccc(C)[nH]2)[C@@H](O)[C@H](Oc2ccc3c(O)c(CC(N)C(=O)NNC(=O)CO)c(=O)oc3c2C)OC1(C)C,True,-0.4317599999999981,45.0,632.6230000000002,4.745655989317273,0.4768068531362191,0.4768068531362191,-6.9,1
269,COCCNC(=O)Cc1c(O)c2ccc(O[C@@H]3OC(C)(C)[C@H](OC)[C@@H](OC(=O)c4ccc(C)[nH]4)[C@H]3O)c(C)c2oc1=O,True,1.863839999999999,42.0,588.6100000000002,4.396843878524104,0.5358656278972549,0.5358656278972549,-7.3,1
295,CO[C@@H]1[C@@H](OC(=O)c2ccc(C)[nH]2)[C@@H](O)[C@H](Oc2ccc3c(O)c(CNC(=O)CS(=O)(=O)CC(N)=O)c(=O)oc3c2C)OC1(C)C,True,0.075040000000002,46.0,665.6740000000002,4.647644622409686,0.4453051058183724,0.4453051058183724,-7.7,1
382,CNC(=O)Cc1c(O)c2ccc(O[C@@H]3OC(C)(C)[C@H](OC)[C@@H](OC(=O)c4ccc(C)[nH]4)[C@H]3O)c(C)c2oc1=O,True,1.84724,39.0,544.5570000000002,4.397668702183247,0.5824177963050107,0.5824177963050107,-7.1,1
670,CO[C@@H]1[C@@H](OC(=O)c2ccc(C)[nH]2)[C@@H](O)[C@H](Oc2ccc3c(O)c(CNC(=O)C(=O)N(C)CC(=O)NN)c(=O)oc3c2C)OC1(C)C,True,-0.3767599999999966,47.0,659.6490000000001,4.689648156214897,0.4460437838612784,0.4460437838612784,-8.6,1
670,CO[C@@H]1[C@@H](OC(=O)c2ccc(C)[nH]2)[C@@H](O)[C@H](Oc2ccc3c(O)c(CC(N)C(=O)NCC(N)=O)c(=O)oc3c2C)OC1(C)C,True,0.0300400000000025,44.0,616.6240000000001,4.651919785391353,0.493535225349267,0.493535225349267,-7.2,1
671,CO[C@@H]1[C@@H](OC(=O)c2ccc(C)[nH]2)[C@@H](O)[C@H](Oc2ccc3c(O)c(C(O)C(N)C(=O)NCCNC(=O)CO)c(=O)oc3c2C)OC1(C)C,True,-0.8558599999999965,48.0,676.6760000000002,4.951779725390169,0.4262013643578924,0.4262013643578924,-8.9,1
812,CO[C@@H]1[C@@H](OC(=O)c2ccc(C)[nH]2)[C@@H](O)[C@H](Oc2ccc3c(O)c(C(N)(CO)C(N)=O)c(=O)oc3c2C)OC1(C)C,True,0.1903400000000012,41.0,575.5710000000003,4.858685331013495,0.5344083858869169,0.5344083858869169,-7.1,1
850,CO[C@@H]1[C@@H](OC(=O)c2ccc(C)[nH]2)[C@@H](O)[C@H](Oc2ccc3c(O)c(C(N)C(O)(CO)NC(=O)C(O)CO)c(=O)oc3c2C)OC1(C)C,True,-1.2911599999999983,47.0,665.6490000000001,5.273491252386924,0.4281945202443481,0.4281945202443481,-6.7,1
943,CO[C@@H]1[C@@H](OC(=O)c2ccc(C)[nH]2)[C@@H](O)[C@H](Oc2ccc3c(O)c(CC(=O)C(N)N)c(=O)oc3c2C)OC1(C)C,True,0.9138400000000004,40.0,559.5720000000002,4.640747670289835,0.5575132255845283,0.5575132255845283,-6.9,1
33,CO[C@@H]1[C@@H](OC(=O)c2ccc(C)[nH]2)[C@@H](O)[C@H](Oc2ccc3c(O)c(NC(N)=O)c(=O)oc3c2C)OC1(C)C,True,2.04934,38.0,531.5180000000003,4.404879199178817,0.6111272602700272,0.6111272602700272,-7.3,2
39,CO[C@@H]1[C@@H](OC(=O)c2ccc(C)[nH]2)[C@@H](O)[C@H](Oc2ccc3c(O)c(C(O)CN)c(=O)oc3c2C)OC1(C)C,True,1.55084,38.0,532.5460000000003,4.609754800502413,0.5848285570094705,0.1949428523364901,-6.8,2
43,CO[C@@H]1[C@@H](OC(=O)c2ccc(C)[nH]2)[C@@H](O)[C@H](Oc2ccc3c(O)c(NCCNC(=O)CO)c(=O)oc3c2C)OC1(C)C,True,1.0791399999999998,42.0,589.5980000000002,4.512970968825107,0.5390178645098602,0.3593452430065735,-7.2,2
45,CO[C@@H]1[C@@H](OC(=O)c2ccc(C)[nH]2)[C@@H](O)[C@H](Oc2ccc3c(O)c(NCCc4ccccc4)c(=O)oc3c2C)OC1(C)C,True,4.213340000000003,43.0,592.6450000000002,4.31877693600625,0.6051111148188753,0.6051111148188753,-8.1,2
52,CO[C@@H]1[C@@H](OC(=O)c2ccc(C)[nH]2)[C@@H](O)[C@H](Oc2ccc3c(O)c(-c4ccc(CN)cc4)c(=O)oc3c2C)OC1(C)C,True,3.684440000000002,42.0,578.6180000000003,4.335099664477282,0.6519938791983527,0.6519938791983527,-7.6,2
75,CO[C@@H]1[C@@H](OC(=O)c2ccc(C)[nH]2)[C@@H](O)[C@H](Oc2ccc3c(O)c(C4(O)C(=O)N4C)c(=O)oc3c2C)OC1(C)C,True,1.1758399999999998,40.0,558.5400000000002,4.734813627553956,0.5543777640770289,0.5543777640770289,-6.6,2
87,CO[C@@H]1[C@@H](OC(=O)c2ccc(C)[nH]2)[C@@H](O)[C@H](Oc2ccc3c(O)c(CN4CCCCC4)c(=O)oc3c2C)OC1(C)C,True,3.544640000000002,41.0,570.6390000000004,4.350968662764998,0.6708221565924816,0.6708221565924816,-7.8,2
91,CNc1c(O)c2ccc(O[C@@H]3OC(C)(C)[C@H](OC)[C@@H](OC(=O)c4ccc(C)[nH]4)[C@H]3O)c(C)c2oc1=O,True,2.60044,36.0,502.52000000000027,4.399900820333582,0.8336614443754063,0.8336614443754063,-6.9,2
105,CO[C@@H]1[C@@H](OC(=O)c2ccc(C)[nH]2)[C@@H](O)[C@H](Oc2ccc3c(O)c(-c4ccc(N)cc4)c(=O)oc3c2C)OC1(C)C,True,3.807940000000002,41.0,564.5910000000002,4.328081557322699,0.65640690489258,0.65640690489258,-7.5,2
111,CO[C@@H]1[C@@H](OC(=O)c2ccc(C)[nH]2)[C@@H](O)[C@H](Oc2ccc3c(O)c(C(N)(CO)CO)c(=O)oc3c2C)OC1(C)C,True,0.6973399999999994,40.0,562.5720000000002,4.7253463882385525,0.5539662488437408,0.5539662488437408,-7.1,2
121,CO[C@@H]1[C@@H](OC(=O)c2ccc(C)[nH]2)[C@@H](O)[C@H](Oc2ccc3c(O)c(C(N)(O)CO)c(=O)oc3c2C)OC1(C)C,True,0.6548399999999996,39.0,548.5450000000003,4.805845836976122,0.5647084168448112,0.5647084168448112,-6.2,2
123,CO[C@@H]1[C@@H](OC(=O)c2ccc(C)[nH]2)[C@@H](O)[C@H](Oc2ccc3c(O)c(NC(=O)c4ccc(N)cc4)c(=O)oc3c2C)OC1(C)C,True,3.3932400000000014,44.0,607.6160000000001,4.342455000373613,0.6794739491639206,0.6794739491639206,-7.9,2
128,CO[C@@H]1[C@@H](OC(=O)c2ccc(C)[nH]2)[C@@H](O)[C@H](Oc2ccc3c(O)c(NC(=O)NCC(N)=O)c(=O)oc3c2C)OC1(C)C,True,1.1655399999999998,42.0,588.5700000000002,4.457698854760682,0.5468001787064674,0.5468001787064674,-7.3,2
128,CO[C@@H]1[C@@H](OC(=O)c2ccc(C)[nH]2)[C@@H](O)[C@H](Oc2ccc3c(O)c(N(C)C(=O)CN)c(=O)oc3c2C)OC1(C)C,True,1.48024,40.0,559.5720000000002,4.601479721571887,0.5558866276730852,0.5558866276730852,-6.9,2
205,CO[C@@H]1[C@@H](OC(=O)c2ccc(C)[nH]2)[C@@H](O)[C@H](Oc2ccc3c(O)c(C(O)C(N)C(=O)N(C)C(=O)C(O)CO)c(=O)oc3c2C)OC1(C)C,True,-0.7423599999999995,48.0,677.6600000000001,5.25581831432673,0.4186338068514395,0.4186338068514395,-8.8,2
229,CO[C@@H]1[C@@H](OC(=O)c2ccc(C)[nH]2)[C@@H](O)[C@H](Oc2ccc3c(O)c(C(N)C(=O)N(C)CC(N)=O)c(=O)oc3c2C)OC1(C)C,True,0.5022400000000009,44.0,616.6240000000001,4.764755102516899,0.4902219130517274,0.4902219130517274,-7.6,2
239,CO[C@@H]1[C@@H](OC(=O)c2ccc(C)[nH]2)[C@@H](O)[C@H](Oc2ccc3c(O)c(CNC(=O)C(CO)CO)c(=O)oc3c2C)OC1(C)C,True,0.7757400000000001,43.0,604.6090000000002,4.593576669734063,0.5157312265162345,0.5157312265162345,-7.9,2
245,CO[C@@H]1[C@@H](OC(=O)c2ccc(C)[nH]2)[C@@H](O)[C@H](Oc2ccc3c(O)c(COC(=O)C(N)(CO)CO)c(=O)oc3c2C)OC1(C)C,True,0.2840400000000003,44.0,620.6080000000002,4.758685636048099,0.488694110370572,0.488694110370572,-6.9,2
269,CO[C@@H]1[C@@H](OC(=O)c2ccc(C)[nH]2)[C@@H](O)[C@H](Oc2ccc3c(O)c(N(C)CCO)c(=O)oc3c2C)OC1(C)C,True,1.98724,39.0,546.5730000000003,4.5400215323719255,0.5725584807566504,0.5725584807566504,-6.5,2
287,CO[C@@H]1[C@@H](OC(=O)c2ccc(C)[nH]2)[C@@H](O)[C@H](Oc2ccc3c(O)c(CC(=O)NCCNC(=O)CO)c(=O)oc3c2C)OC1(C)C,True,0.3259400000000005,45.0,631.6350000000002,4.5058066787469775,0.4890348677549682,0.4890348677549682,-7.6,2
324,CO[C@@H]1[C@@H](OC(=O)c2ccc(C)[nH]2)[C@@H](O)[C@H](Oc2ccc3c(O)c(CC(N)CC(=O)NCC(N)=O)c(=O)oc3c2C)OC1(C)C,True,0.4201400000000024,45.0,630.6510000000002,4.720878183516515,0.4760113274668525,0.4760113274668525,-7.3,2
335,CCCCc1c(O)c2ccc(O[C@@H]3OC(C)(C)[C@H](OC)[C@@H](OC(=O)c4ccc(C)[nH]4)[C@H]3O)c(C)c2oc1=O,True,3.901340000000002,38.0,529.5860000000002,4.342528606026636,0.6876770959960545,0.6876770959960545,-7.1,2
362,CO[C@@H]1[C@@H](OC(=O)c2ccc(C)[nH]2)[C@@H](O)[C@H](Oc2ccc3c(O)c(CC(=O)NCCN)c(=O)oc3c2C)OC1(C)C,True,1.1761400000000004,41.0,573.5990000000003,4.430401275546953,0.5466565452724648,0.5466565452724648,-7.3,2
362,CO[C@@H]1[C@@H](OC(=O)c2ccc(C)[nH]2)[C@@H](O)[C@H](Oc2ccc3c(O)c(CNC(=O)COCCNC(=O)CN)c(=O)oc3c2C)OC1(C)C,True,0.2664400000000033,47.0,660.6770000000001,4.569715692450865,0.447696141840928,0.447696141840928,-8.2,2
364,CO[C@@H]1[C@@H](OC(=O)c2ccc(C)[nH]2)[C@@H](O)[C@H](Oc2ccc3c(O)c(S(=O)(=O)NCC(=O)N4CC(CN)C4)c(=O)oc3c2C)OC1(C)C,True,0.2541400000000025,47.0,678.717,4.701826230109507,0.4276471047963653,0.4276471047963653,-8.2,2
366,CO[C@@H]1[C@@H](OC(=O)c2ccc(C)[nH]2)[C@@H](O)[C@H](Oc2ccc3c(O)c(C(N)C(=O)NCC(O)CO)c(=O)oc3c2C)OC1(C)C,True,0.0279400000000014,44.0,619.6240000000001,4.847543459204394,0.4873495836904517,0.4873495836904517,-8.1,2
366,CO[C@@H]1[C@@H](OC(=O)c2ccc(C)[nH]2)[C@@H](O)[C@H](Oc2ccc3c(O)c(C(N)C(=O)NCCNCCO)c(=O)oc3c2C)OC1(C)C,True,0.2566400000000011,45.0,632.6670000000001,4.744911668584026,0.4756628277260472,0.4756628277260472,-7.5,2
375,CO[C@@H]1[C@@H](OC(=O)c2ccc(C)[nH]2)[C@@H](O)[C@H](Oc2ccc3c(O)c(C=CC(=O)NN)c(=O)oc3c2C)OC1(C)C,True,1.5618399999999997,40.0,557.5560000000002,4.563510079134812,0.5607368064217739,0.5607368064217739,-7.5,2
383,CO[C@@H]1[C@@H](OC(=O)c2ccc(C)[nH]2)[C@@H](O)[C@H](Oc2ccc3c(O)c(NC(O)CO)c(=O)oc3c2C)OC1(C)C,True,1.28134,39.0,548.5450000000002,4.730559135752818,0.5788403272095455,0.5788403272095455,-7.3,2
390,CO[C@@H]1[C@@H](OC(=O)c2ccc(C)[nH]2)[C@@H](O)[C@H](Oc2ccc3c(O)c(CN4CC(O)(NC(=O)CN)C4)c(=O)oc3c2C)OC1(C)C,True,0.1378400000000013,45.0,630.6510000000002,4.818032649896979,0.4738523393250643,0.4738523393250643,-8.0,2
413,COC(=O)Cc1c(O)c2ccc(O[C@@H]3OC(C)(C)[C@H](OC)[C@@H](OC(=O)c4ccc(C)[nH]4)[C@H]3O)c(C)c2oc1=O,True,2.27424,39.0,545.5410000000003,4.372507889411113,0.5883690234137191,0.5883690234137191,-7.5,2
425,CO[C@@H]1[C@@H](OC(=O)c2ccc(C)[nH]2)[C@@H](O)[C@H](Oc2ccc3c(O)c(C(=O)NCC(O)CN)c(=O)oc3c2C)OC1(C)C,True,0.6081399999999999,42.0,589.5980000000002,4.608670053741605,0.526501082742765,0.526501082742765,-6.6,2
440,CO[C@@H]1[C@@H](OC(=O)c2ccc(C)[nH]2)[C@@H](O)[C@H](Oc2ccc3c(O)c(C(=O)C(O)CN)c(=O)oc3c2C)OC1(C)C,True,1.0610399999999998,40.0,560.5560000000003,4.6995088827660325,0.5527387437406919,0.5527387437406919,-7.4,2
464,CO[C@@H]1[C@@H](OC(=O)c2ccc(C)[nH]2)[C@@H](O)[C@H](Oc2ccc3c(O)c(CN(C)CC(=O)NN)c(=O)oc3c2C)OC1(C)C,True,0.9804400000000004,42.0,588.6140000000003,4.532837316299144,0.5260336873047768,0.5260336873047768,-7.4,2
464,CO[C@@H]1[C@@H](OC(=O)c2ccc(C)[nH]2)[C@@H](O)[C@H](Oc2ccc3c(O)c(CN(C)C(=O)C(=O)NN)c(=O)oc3c2C)OC1(C)C,True,0.5070400000000013,43.0,602.5970000000002,4.624026975794051,0.5102308957473092,0.5102308957473092,-7.6,2
477,CO[C@@H]1[C@@H](OC(=O)c2ccc(C)[nH]2)[C@@H](O)[C@H](Oc2ccc3c(O)c(C(CN)C(=O)NC[C@@H](O)C(N)=O)c(=O)oc3c2C)OC1(C)C,True,-0.4365599999999969,46.0,646.6500000000002,4.969018056425709,0.4547345464925156,0.4547345464925156,-7.4,2
487,CO[C@@H]1[C@@H](OC(=O)c2ccc(C)[nH]2)[C@@H](O)[C@H](Oc2ccc3c(O)c(C(N)C(=O)NCCNC(=O)CO)c(=O)oc3c2C)OC1(C)C,True,-0.2167599999999983,46.0,646.6500000000002,4.752949697582329,0.4628250662968313,0.4628250662968313,-6.6,2
504,CO[C@@H]1[C@@H](OC(=O)c2ccc(C)[nH]2)[C@@H](O)[C@H](Oc2ccc3c(O)c(CC(CN)C(N)=O)c(=O)oc3c2C)OC1(C)C,True,1.1614400000000005,41.0,573.5990000000003,4.681378957927122,0.5378911446299132,0.5378911446299132,-7.4,2
517,CO[C@@H]1[C@@H](OC(=O)c2ccc(C)[nH]2)[C@@H](O)[C@H](Oc2ccc3c(O)c(CC(=O)NCCCN)c(=O)oc3c2C)OC1(C)C,True,1.56624,42.0,587.6260000000003,4.426690166149522,0.5305271530739428,0.5305271530739428,-7.3,2
518,CO[C@@H]1[C@@H](OC(=O)c2ccc(C)[nH]2)[C@@H](O)[C@H](Oc2ccc3c(O)c(CNC(=O)CCNC(=O)CCN)c(=O)oc3c2C)OC1(C)C,True,1.030040000000001,46.0,644.6780000000002,4.499931488769134,0.4723136272252809,0.4723136272252809,-8.0,2
521,CO[C@@H]1[C@@H](OC(=O)c2ccc(C)[nH]2)[C@@H](O)[C@H](Oc2ccc3c(O)c(C(O)(CO)CO)c(=O)oc3c2C)OC1(C)C,True,0.7309399999999996,40.0,563.5560000000003,4.712892542084708,0.5545893323260982,0.5545893323260982,-7.0,2
524,CO[C@@H]1[C@@H](OC(=O)c2ccc(C)[nH]2)[C@@H](O)[C@H](Oc2ccc3c(O)c(C#N)c(=O)oc3c2C)OC1(C)C,True,2.43042,36.0,498.48800000000034,4.429908826613017,0.6242003886973997,0.6242003886973997,-6.8,2
538,CO[C@@H]1[C@@H](OC(=O)c2ccc(C)[nH]2)[C@@H](O)[C@H](Oc2ccc3c(O)c(COC(=O)C(=O)C(O)CN)c(=O)oc3c2C)OC1(C)C,True,0.4906399999999999,44.0,618.5920000000002,4.814089662572995,0.4871866732387676,0.4871866732387676,-7.4,2
552,CO[C@@H]1[C@@H](OC(=O)c2ccc(C)[nH]2)[C@@H](O)[C@H](Oc2ccc3c(O)c(CN(C)CC(=O)NCCN)c(=O)oc3c2C)OC1(C)C,True,1.0654400000000006,44.0,616.6680000000002,4.525268716203238,0.4970969996847481,0.4970969996847481,-7.2,2
552,CO[C@@H]1[C@@H](OC(=O)c2ccc(C)[nH]2)[C@@H](O)[C@H](Oc2ccc3c(O)c(CC(=O)NNC(=O)CCCN)c(=O)oc3c2C)OC1(C)C,True,0.9875400000000012,45.0,630.6510000000002,4.517461087752606,0.4849596177256796,0.4849596177256796,-8.1,2
585,CO[C@@H]1[C@@H](OC(=O)c2ccc(C)[nH]2)[C@@H](O)[C@H](Oc2ccc3c(O)c(NC(=O)c4ccc(CN)cc4)c(=O)oc3c2C)OC1(C)C,True,3.269740000000001,45.0,621.6430000000001,4.353715865940586,0.674246021470236,0.674246021470236,-7.8,2
645,CO[C@@H]1[C@@H](OC(=O)c2ccc(C)[nH]2)[C@@H](O)[C@H](Oc2ccc3c(O)c(CC(O)CN)c(=O)oc3c2C)OC1(C)C,True,1.4208399999999994,39.0,546.5730000000003,4.625101080600422,0.5681686051352861,0.5681686051352861,-7.1,2
692,CO[C@@H]1[C@@H](OC(=O)c2ccc(C)[nH]2)[C@@H](O)[C@H](Oc2ccc3c(O)c(C(O)C(N)(O)CO)c(=O)oc3c2C)OC1(C)C,True,0.2317399999999998,41.0,578.5710000000003,4.968292074697841,0.5266167754230763,0.5266167754230763,-7.0,2
692,CO[C@@H]1[C@@H](OC(=O)c2ccc(C)[nH]2)[C@@H](O)[C@H](Oc2ccc3c(O)c(C(N)(CO)CC(N)=O)c(=O)oc3c2C)OC1(C)C,True,0.580440000000001,42.0,589.5980000000003,4.896386971802583,0.5173506271896594,0.5173506271896594,-7.6,2
699,CO[C@@H]1[C@@H](OC(=O)c2ccc(C)[nH]2)[C@@H](O)[C@H](Oc2ccc3c(O)c(C(O)(CO)C(O)CN)c(=O)oc3c2C)OC1(C)C,True,0.0582399999999994,42.0,592.5980000000002,5.036781914014066,0.5089680477411426,0.5089680477411426,-6.0,2
755,CO[C@@H]1[C@@H](OC(=O)c2ccc(C)[nH]2)[C@@H](O)[C@H](Oc2ccc3c(O)c(COCC(N)C(=O)NCO)c(=O)oc3c2C)OC1(C)C,True,0.468640000000001,44.0,619.6240000000001,4.7927365953461045,0.4904905909214905,0.4904905909214905,-7.7,2
884,CCOc1ccccc1-c1c(O)c2ccc(O[C@@H]3OC(C)(C)[C@H](OC)[C@@H](OC(=O)c4ccc(C)[nH]4)[C@H]3O)c(C)c2oc1=O,True,4.624440000000004,43.0,593.6290000000002,4.316002963801985,0.5591154874150049,0.5591154874150049,-7.6,2
987,CO[C@@H]1[C@@H](OC(=O)c2ccc(C)[nH]2)[C@@H](O)[C@H](Oc2ccc3c(O)c(S(=O)(=O)NCC(O)CN)c(=O)oc3c2C)OC1(C)C,True,0.1566400000000014,43.0,625.6530000000001,4.750953528676969,0.4824389089960125,0.4824389089960125,-6.8,2
35,CNC(=O)CNc1c(O)c2ccc(O[C@@H]3OC(C)(C)[C@H](OC)[C@@H](OC(=O)c4ccc(C)[nH]4)[C@H]3O)c(C)c2oc1=O,True,1.7166399999999995,40.0,559.5720000000002,4.464422429170098,0.5724570661751557,0.5724570661751557,-7.2,2
43,CO[C@@H]1[C@@H](OC(=O)c2ccc(C)[nH]2)[C@@H](O)[C@H](Oc2ccc3c(O)c(NC(=O)NCc4ccccc4)c(=O)oc3c2C)OC1(C)C,True,3.8804400000000014,45.0,621.643,4.313165090754482,0.6090920592789477,0.6090920592789477,-8.2,2
69,CNC(=O)C(N)c1c(O)c2ccc(O[C@@H]3OC(C)(C)[C@H](OC)[C@@H](OC(=O)c4ccc(C)[nH]4)[C@H]3O)c(C)c2oc1=O,True,1.3045399999999991,40.0,559.5720000000002,4.650929395586546,0.5560246044080304,0.5560246044080304,-7.1,2
74,CO[C@@H]1[C@@H](OC(=O)c2ccc(C)[nH]2)[C@@H](O)[C@H](Oc2ccc3c(O)c(CCNC(N)=O)c(=O)oc3c2C)OC1(C)C,True,1.7695399999999992,40.0,559.5720000000002,4.440098928817241,0.5614930695322793,0.5614930695322793,-7.4,2
90,CO[C@@H]1[C@@H](OC(=O)c2ccc(C)[nH]2)[C@@H](O)[C@H](Oc2ccc3c(O)c(CCN)c(=O)oc3c2C)OC1(C)C,True,2.05994,37.0,516.5470000000004,4.405244521072768,0.607740240729538,0.607740240729538,-6.7,2
134,COC(=O)CNC(=O)Cc1c(O)c2ccc(O[C@@H]3OC(C)(C)[C@H](OC)[C@@H](OC(=O)c4ccc(C)[nH]4)[C@H]3O)c(C)c2oc1=O,True,1.3904399999999988,43.0,602.5930000000002,4.4289387999115775,0.5193558507219727,0.5193558507219727,-7.7,2
147,CO[C@@H]1[C@@H](OC(=O)c2ccc(C)[nH]2)[C@@H](O)[C@H](Oc2ccc3c(O)c(N4CCCC4)c(=O)oc3c2C)OC1(C)C,True,3.158940000000001,39.0,542.5850000000004,4.388451987137287,0.7292967352503785,0.7292967352503785,-7.1,2
243,CO[C@@H]1[C@@H](OC(=O)c2ccc(C)[nH]2)[C@@H](O)[C@H](Oc2ccc3c(O)c(C4(N)CC4O)c(=O)oc3c2C)OC1(C)C,True,1.4773399999999997,39.0,544.5570000000002,4.851397216025104,0.5655633723463618,0.5655633723463618,-6.5,2
334,CO[C@@H]1[C@@H](OC(=O)c2ccc(C)[nH]2)[C@@H](O)[C@H](Oc2ccc3c(O)c(CNC(=O)CCNCCO)c(=O)oc3c2C)OC1(C)C,True,1.1469400000000003,44.0,617.6520000000002,4.4894908554276505,0.4972491653616808,0.4972491653616808,-7.8,2
347,CO[C@@H]1[C@@H](OC(=O)c2ccc(C)[nH]2)[C@@H](O)[C@H](Oc2ccc3c(O)c(CS(=O)(=O)C(O)(O)CN)c(=O)oc3c2C)OC1(C)C,True,0.0706399999999998,43.0,626.6370000000002,4.826383708581502,0.4801076028262887,0.4801076028262887,-7.2,2
354,CO[C@@H]1[C@@H](OC(=O)c2ccc(C)[nH]2)[C@@H](O)[C@H](Oc2ccc3c(O)c(C(O)C(CO)C(O)(O)C(O)C(O)CO)c(=O)oc3c2C)OC1(C)C,True,-1.404359999999998,48.0,683.6600000000002,5.402013393484642,0.415385027314597,0.415385027314597,-6.5,2
370,CO[C@@H]1[C@@H](OC(=O)c2ccc(C)[nH]2)[C@@H](O)[C@H](Oc2ccc3c(O)c(C(O)C(O)C(O)CN)c(=O)oc3c2C)OC1(C)C,True,0.2726399999999993,42.0,592.5980000000002,4.965804936582218,0.5128523407254815,0.5128523407254815,-6.7,2
373,CO[C@@H]1[C@@H](OC(=O)c2ccc(C)[nH]2)[C@@H](O)[C@H](Oc2ccc3c(O)c(C(O)C(N)C(O)C(O)CO)c(=O)oc3c2C)OC1(C)C,True,-0.3664599999999995,44.0,622.624,5.141115489892562,0.4801702465912023,0.4801702465912023,-6.6,2
396,CO[C@@H]1[C@@H](OC(=O)c2ccc(C)[nH]2)[C@@H](O)[C@H](Oc2ccc3c(O)c(C(O)C(N)C4(O)CN(C(=O)CO)C4)c(=O)oc3c2C)OC1(C)C,True,-0.5149599999999983,47.0,661.6610000000001,5.131460644483754,0.4342434625565627,0.4342434625565627,-7.3,2
462,CO[C@@H]1[C@@H](OC(=O)c2ccc(C)[nH]2)[C@@H](O)[C@H](Oc2ccc3c(O)c(CNC(=O)CO)c(=O)oc3c2C)OC1(C)C,True,1.16724,40.0,560.5560000000003,4.436018759445328,0.5631551544786528,0.5631551544786528,-7.3,2
462,CO[C@@H]1[C@@H](OC(=O)c2ccc(C)[nH]2)[C@@H](O)[C@H](Oc2ccc3c(O)c(C(O)(CO)[C@H](O)CN)c(=O)oc3c2C)OC1(C)C,True,0.0582399999999994,42.0,592.5980000000002,5.036781914014066,0.5089680477411426,0.5089680477411426,-6.1,2
488,CO[C@@H]1[C@@H](OC(=O)c2ccc(C)[nH]2)[C@@H](O)[C@H](Oc2ccc3c(O)c(C(O)(CO)C(O)C(CO)C(O)CN)c(=O)oc3c2C)OC1(C)C,True,-0.9723599999999986,47.0,666.677,5.436244195555825,0.4206937604484578,0.4206937604484578,-5.9,2
553,CO[C@@H]1[C@@H](OC(=O)c2ccc(C)[nH]2)[C@@H](O)[C@H](Oc2ccc3c(O)c(C(CO)CO)c(=O)oc3c2C)OC1(C)C,True,1.62694,39.0,547.5570000000002,4.541059993910388,0.5755141799673943,0.5755141799673943,-6.9,2
588,CO[C@@H]1[C@@H](OC(=O)c2ccc(C)[nH]2)[C@@H](O)[C@H](Oc2ccc3c(O)c(COc4ccc(Cl)cc4)c(=O)oc3c2C)OC1(C)C,True,4.791140000000004,43.0,614.047,4.305543881707609,0.5269217984072905,0.5269217984072905,-8.6,2
606,COC(=O)C(O)(O)C(N)c1c(O)c2ccc(O[C@@H]3OC(C)(C)[C@H](OC)[C@@H](OC(=O)c4ccc(C)[nH]4)[C@H]3O)c(C)c2oc1=O,True,0.4124400000000005,43.0,606.5810000000002,4.849327908794603,0.5016643644409589,0.5016643644409589,-5.9,2
662,CO[C@@H]1[C@@H](OC(=O)c2ccc(C)[nH]2)[C@@H](O)[C@H](Oc2ccc3c(O)c(CC(=O)Nc4ccc(F)cc4)c(=O)oc3c2C)OC1(C)C,True,3.8790400000000025,45.0,624.618,4.319083731945549,0.5928326627611928,0.5928326627611928,-7.5,2
678,CO[C@@H]1[C@@H](OC(=O)c2ccc(C)[nH]2)[C@@H](O)[C@H](Oc2ccc3c(O)c(C(N)CNCCO)c(=O)oc3c2C)OC1(C)C,True,1.14044,41.0,575.6150000000002,4.68915250633817,0.5365281541622521,0.5365281541622521,-6.5,2
697,CO[C@@H]1[C@@H](OC(=O)c2ccc(C)[nH]2)[C@@H](O)[C@H](Oc2ccc3c(O)c(CC(N)C(=O)NCC(O)CO)c(=O)oc3c2C)OC1(C)C,True,-0.1020599999999987,45.0,633.6510000000002,4.809367685426242,0.4710892290664502,0.4710892290664502,-7.4,2
708,CO[C@@H]1[C@@H](OC(=O)c2ccc(C)[nH]2)[C@@H](O)[C@H](Oc2ccc3c(O)c(CN4CC(N)C4)c(=O)oc3c2C)OC1(C)C,True,1.7016399999999996,40.0,557.6000000000003,4.490858420701503,0.5578874959223927,0.5578874959223927,-7.1,2
868,CO[C@@H]1[C@@H](OC(=O)c2ccc(C)[nH]2)[C@@H](O)[C@H](Oc2ccc3c(O)c(C(CN)(CO)NC(=O)CO)c(=O)oc3c2C)OC1(C)C,True,-0.1864599999999989,44.0,619.6240000000001,4.991410024563946,0.4852914585387391,0.4852914585387391,-6.7,2
62,C#CC(N)(O)c1c(O)c2ccc(O[C@@H]3OC(C)(C)[C@H](OC)[C@@H](OC(=O)c4ccc(C)[nH]4)[C@H]3O)c(C)c2oc1=O,True,1.2957399999999994,39.0,542.5410000000002,4.904303858954144,0.5627243915306301,0.5627243915306301,-6.4,2
65,CO[C@@H]1[C@@H](OC(=O)c2ccc(C)[nH]2)[C@@H](O)[C@H](Oc2ccc3c(O)c(C[C@H](N)C(=O)NCCNC(=O)CO)c(=O)oc3c2C)OC1(C)C,True,-0.346759999999997,47.0,660.6770000000002,4.720071786039169,0.4464469814009412,0.4464469814009412,-8.1,2
74,COCC(=O)Nc1c(O)c2ccc(O[C@@H]3OC(C)(C)[C@H](OC)[C@@H](OC(=O)c4ccc(C)[nH]4)[C@H]3O)c(C)c2oc1=O,True,2.1436399999999995,40.0,560.5560000000003,4.373590389649985,0.5822475165784925,0.5822475165784925,-6.7,2
132,CO[C@@H]1[C@@H](OC(=O)c2ccc(C)[nH]2)[C@@H](O)[C@H](Oc2ccc3c(O)c(CCNC(C)=O)c(=O)oc3c2C)OC1(C)C,True,2.23734,40.0,558.5840000000003,4.400102598542011,0.5679580042005756,0.5679580042005756,-7.8,2
157,CO[C@@H]1[C@@H](OC(=O)c2ccc(C)[nH]2)[C@@H](O)[C@H](Oc2ccc3c(O)c(S(=O)(=O)NCCO)c(=O)oc3c2C)OC1(C)C,True,0.8293399999999995,41.0,596.6110000000002,4.5258465049796825,0.523095942224017,0.523095942224017,-6.3,2
211,CO[C@@H]1[C@@H](OC(=O)c2ccc(C)[nH]2)[C@@H](O)[C@H](Oc2ccc3c(O)c(S(=O)(=O)N(C)CCNC(=O)CN)c(=O)oc3c2C)OC1(C)C,True,0.2541400000000027,46.0,666.7060000000001,4.653090404047403,0.4399034689942834,0.4399034689942834,-6.5,2
264,CO[C@@H]1[C@@H](OC(=O)c2ccc(C)[nH]2)[C@@H](O)[C@H](Oc2ccc3c(O)c(S(=O)(=O)NCCS(=O)(=O)NCCO)c(=O)oc3c2C)OC1(C)C,True,-0.2512599999999987,47.0,703.745,4.720047550521379,0.4335227528455567,0.4335227528455567,-7.4,2
304,CCOC(=O)Cc1c(O)c2ccc(O[C@@H]3OC(C)(C)[C@H](OC)[C@@H](OC(=O)c4ccc(C)[nH]4)[C@H]3O)c(C)c2oc1=O,True,2.66434,40.0,559.5680000000002,4.367899493390282,0.756420536089081,0.756420536089081,-7.0,2
316,CO[C@@H]1[C@@H](OC(=O)c2ccc(C)[nH]2)[C@@H](O)[C@H](Oc2ccc3c(O)c(C4=C(N)C(=O)NC4=O)c(=O)oc3c2C)OC1(C)C,True,0.8849399999999993,42.0,583.5500000000003,4.656394806177686,0.531480010463387,0.531480010463387,-8.7,2
316,CNC(=O)C(O)(CN)c1c(O)c2ccc(O[C@@H]3OC(C)(C)[C@H](OC)[C@@H](OC(=O)c4ccc(C)[nH]4)[C@H]3O)c(C)c2oc1=O,True,0.4510400000000003,42.0,589.5980000000002,4.8991598785418615,0.5180849689890338,0.5180849689890338,-6.0,2
435,CO[C@@H]1[C@@H](OC(=O)c2ccc(C)[nH]2)[C@@H](O)[C@H](Oc2ccc3c(O)c(CC(=O)N(C)CC(=O)NN)c(=O)oc3c2C)OC1(C)C,True,0.5495400000000012,44.0,616.6240000000001,4.5637655326221145,0.4966114248613551,0.4966114248613551,-7.7,2
476,CO[C@@H]1[C@@H](OC(=O)c2ccc(C)[nH]2)[C@@H](O)[C@H](Oc2ccc3c(O)c(CC(=O)NCC(=O)NCCCCN)c(=O)oc3c2C)OC1(C)C,True,1.0725400000000014,47.0,658.7050000000002,4.499919270268396,0.4532821166720378,0.4532821166720378,-7.7,2
771,CO[C@@H]1[C@@H](OC(=O)c2ccc(C)[nH]2)[C@@H](O)[C@H](Oc2ccc3c(O)c(CC(CO)(CO)NC(=O)CN)c(=O)oc3c2C)OC1(C)C,True,-0.1004599999999988,45.0,633.6510000000002,4.785306924802402,0.4749129133547761,0.4749129133547761,-7.3,2
817,CO[C@@H]1[C@@H](OC(=O)c2ccc(C)[nH]2)[C@@H](O)[C@H](Oc2ccc3c(O)c(CC(N)C(=O)NCCNC(=O)CO)c(=O)oc3c2C)OC1(C)C,True,-0.346759999999997,47.0,660.6770000000002,4.720071786039169,0.4464469814009412,0.4464469814009412,-8.0,2
828,CO[C@@H]1[C@@H](OC(=O)c2ccc(C)[nH]2)[C@@H](O)[C@H](Oc2ccc3c(O)c(C(N)C(O)(CO)CO)c(=O)oc3c2C)OC1(C)C,True,0.27424,42.0,592.5980000000002,4.878299973844788,0.5159850142648612,0.5159850142648612,-6.2,2
843,CO[C@@H]1[C@@H](OC(=O)c2ccc(C)[nH]2)[C@@H](O)[C@H](Oc2ccc3c(O)c(C(N)(CO)CC(=O)NCC(N)=O)c(=O)oc3c2C)OC1(C)C,True,-0.3033599999999976,46.0,646.6500000000002,4.946973618177863,0.4552244228980234,0.4552244228980234,-8.0,2
863,CO[C@@H]1[C@@H](OC(=O)c2ccc(C)[nH]2)[C@@H](O)[C@H](Oc2ccc3c(O)c(CS(=O)(=O)NC(=O)CN)c(=O)oc3c2C)OC1(C)C,True,0.4634400000000007,43.0,623.6370000000002,4.6182999200911325,0.4896290996124097,0.4896290996124097,-7.4,2
881,CO[C@@H]1[C@@H](OC(=O)c2ccc(C)[nH]2)[C@@H](O)[C@H](Oc2ccc3c(O)c(CS(=O)(=O)CC(=O)NC(CO)CO)c(=O)oc3c2C)OC1(C)C,True,-0.0570599999999983,47.0,682.7010000000001,4.716141190739428,0.4325134242728764,0.4325134242728764,-8.0,2
904,CO[C@@H]1[C@@H](OC(=O)c2ccc(C)[nH]2)[C@@H](O)[C@H](Oc2ccc3c(O)c(CC(N)(CO)NC(=O)CO)c(=O)oc3c2C)OC1(C)C,True,-0.1429599999999993,44.0,619.6240000000001,4.976211834518696,0.4844902864612449,0.4844902864612449,-7.7,2
959,CO[C@@H]1[C@@H](OC(=O)c2ccc(C)[nH]2)[C@@H](O)[C@H](Oc2ccc3c(O)c(C(CO)(CO)C(O)CN)c(=O)oc3c2C)OC1(C)C,True,0.1007400000000007,43.0,606.6250000000002,5.0054577727088,0.4969866397912482,0.4969866397912482,-5.5,2
13,CO[C@@H]1[C@@H](OC(=O)c2ccc(C)[nH]2)[C@@H](O)[C@H](Oc2ccc3c(O)c(NC(=O)c4ccccc4N)c(=O)oc3c2C)OC1(C)C,True,3.3932400000000014,44.0,607.6160000000001,4.365123786133308,0.6661766761020541,0.6661766761020541,-7.7,3
13,CO[C@@H]1[C@@H](OC(=O)c2ccc(C)[nH]2)[C@@H](O)[C@H](Oc2ccc3c(O)c(-c4ccccc4O)c(=O)oc3c2C)OC1(C)C,True,3.9313400000000014,41.0,565.5750000000002,4.340411986185872,0.6485220498641181,0.6485220498641181,-8.7,3
27,CO[C@@H]1[C@@H](OC(=O)c2ccc(C)[nH]2)[C@@H](O)[C@H](Oc2ccc3c(O)c(NC(C)O)c(=O)oc3c2C)OC1(C)C,True,2.30894,38.0,532.5460000000003,4.632442328508389,0.5960969204820051,0.5960969204820051,-7.1,3
28,CO[C@@H]1[C@@H](OC(=O)c2ccc(C)[nH]2)[C@@H](O)[C@H](Oc2ccc3c(O)c(CNC(=O)c4ccc(N)cc4)c(=O)oc3c2C)OC1(C)C,True,3.070940000000001,45.0,621.6430000000001,4.369689191002622,0.6653000526399717,0.6653000526399717,-8.6,3
29,CCNc1c(O)c2ccc(O[C@@H]3OC(C)(C)[C@H](OC)[C@@H](OC(=O)c4ccc(C)[nH]4)[C@H]3O)c(C)c2oc1=O,True,2.990540000000001,37.0,516.5470000000003,4.402897529450529,0.7872744088230392,0.7872744088230392,-7.1,3
32,CO[C@@H]1[C@@H](OC(=O)c2ccc(C)[nH]2)[C@@H](O)[C@H](Oc2ccc3c(O)c(C(O)CCN)c(=O)oc3c2C)OC1(C)C,True,1.94094,39.0,546.5730000000003,4.613773359265153,0.5684203322760698,0.5684203322760698,-7.4,3
33,CO[C@@H]1[C@@H](OC(=O)c2ccc(C)[nH]2)[C@@H](O)[C@H](Oc2ccc3c(O)c(N=[N+]=[N-])c(=O)oc3c2C)OC1(C)C,True,3.5005400000000018,37.0,514.4910000000003,4.6173593725579165,0.7242288031689034,0.2414096010563011,-7.4,3
36,CO[C@@H]1[C@@H](OC(=O)c2ccc(C)[nH]2)[C@@H](O)[C@H](Oc2ccc3c(O)c(Nc4ccc(-c5ccccc5)cc4)c(=O)oc3c2C)OC1(C)C,True,5.969340000000005,47.0,640.6890000000001,4.309264732945254,0.4898213748453325,0.4898213748453325,-8.4,3
39,CO[C@@H]1[C@@H](OC(=O)c2ccc(C)[nH]2)[C@@H](O)[C@H](Oc2ccc3c(O)c(NS(=O)(=O)c4ccccc4)c(=O)oc3c2C)OC1(C)C,True,3.3595400000000017,44.0,628.6560000000001,4.357387104632991,0.6371925588950266,0.6371925588950266,-8.4,3
42,COCCNc1c(O)c2ccc(O[C@@H]3OC(C)(C)[C@H](OC)[C@@H](OC(=O)c4ccc(C)[nH]4)[C@H]3O)c(C)c2oc1=O,True,2.6170400000000003,39.0,546.5730000000002,4.416929065977449,0.7867488514473422,0.7867488514473422,-7.0,3
45,CO[C@@H]1[C@@H](OC(=O)c2ccc(C)[nH]2)[C@@H](O)[C@H](Oc2ccc3c(O)c(-c4ccc(CCN)cc4)c(=O)oc3c2C)OC1(C)C,True,3.7269400000000017,43.0,592.6450000000002,4.349307036200175,0.6332050386345556,0.6332050386345556,-8.8,3
52,CO[C@@H]1[C@@H](OC(=O)c2ccc(C)[nH]2)[C@@H](O)[C@H](Oc2ccc3c(O)c(OCCCN)c(=O)oc3c2C)OC1(C)C,True,2.28634,39.0,546.5730000000003,4.391470259363503,0.5745972595424887,0.5745972595424887,-7.1,3
55,C#CC(N)c1c(O)c2ccc(O[C@@H]3OC(C)(C)[C@H](OC)[C@@H](OC(=O)c4ccc(C)[nH]4)[C@H]3O)c(C)c2oc1=O,True,2.19174,38.0,526.5420000000003,4.74713149953154,0.5831715913971841,0.5831715913971841,-7.8,3
59,CO[C@@H]1[C@@H](OC(=O)c2ccc(C)[nH]2)[C@@H](O)[C@H](Oc2ccc3c(O)c(CCNC(=O)NCCNC(=O)CN)c(=O)oc3c2C)OC1(C)C,True,0.475340000000003,47.0,659.6930000000001,4.56795862626124,0.4529685165702208,0.4529685165702208,-8.6,3
60,CO[C@@H]1[C@@H](OC(=O)c2ccc(C)[nH]2)[C@@H](O)[C@H](Oc2ccc3c(O)c(NCC(=O)Nc4ccccc4)c(=O)oc3c2C)OC1(C)C,True,3.609340000000002,45.0,621.643,4.346971859985251,0.6255228718308621,0.6255228718308621,-8.3,3
63,CO[C@@H]1[C@@H](OC(=O)c2ccc(C)[nH]2)[C@@H](O)[C@H](Oc2ccc3c(O)c(S(=O)(=O)NCCNCCO)c(=O)oc3c2C)OC1(C)C,True,0.4189400000000012,44.0,639.6800000000002,4.596958331587855,0.4742974458046555,0.4742974458046555,-6.2,3
66,CO[C@@H]1[C@@H](OC(=O)c2ccc(C)[nH]2)[C@@H](O)[C@H](Oc2ccc3c(O)c(NCC(C)=O)c(=O)oc3c2C)OC1(C)C,True,2.55964,39.0,544.5570000000002,4.48758249028194,0.5933030073195477,0.5933030073195477,-7.7,3
69,CNC(=O)C(O)c1c(O)c2ccc(O[C@@H]3OC(C)(C)[C@H](OC)[C@@H](OC(=O)c4ccc(C)[nH]4)[C@H]3O)c(C)c2oc1=O,True,1.338139999999999,40.0,560.5560000000003,4.637198626355778,0.5553602744850797,0.5553602744850797,-7.1,3
90,CO[C@@H]1[C@@H](OC(=O)c2ccc(C)[nH]2)[C@@H](O)[C@H](Oc2ccc3c(O)c(C(C)N)c(=O)oc3c2C)OC1(C)C,True,2.5784400000000005,37.0,516.5470000000004,4.52997882976628,0.8013699866362138,0.8013699866362138,-6.6,3
91,CO[C@@H]1[C@@H](OC(=O)c2ccc(C)[nH]2)[C@@H](O)[C@H](Oc2ccc3c(O)c(C(O)C(N)CO)c(=O)oc3c2C)OC1(C)C,True,0.91174,40.0,562.5720000000002,4.808144181228934,0.5483384191005202,0.5483384191005202,-7.200000000000001,3
91,CO[C@@H]1[C@@H](OC(=O)c2ccc(C)[nH]2)[C@@H](O)[C@H](Oc2ccc3c(O)c(NS(=O)(=O)NCCO)c(=O)oc3c2C)OC1(C)C,True,0.7973399999999995,42.0,611.6260000000001,4.616325980266755,0.5136721054349979,0.5136721054349979,-6.7,3
92,CO[C@@H]1[C@@H](OC(=O)c2ccc(C)[nH]2)[C@@H](O)[C@H](Oc2ccc3c(O)c(C(O)(CN)CO)c(=O)oc3c2C)OC1(C)C,True,0.6973399999999993,40.0,562.5720000000002,4.828752472509622,0.5491173154517759,0.5491173154517759,-6.7,3
92,CO[C@@H]1[C@@H](OC(=O)c2ccc(C)[nH]2)[C@@H](O)[C@H](Oc2ccc3c(O)c(COCCNC(=O)CN)c(=O)oc3c2C)OC1(C)C,True,1.1502400000000004,43.0,603.6250000000002,4.519777151130111,0.5092786248845742,0.5092786248845742,-7.6,3
93,CNC(=O)C(N)C(O)c1c(O)c2ccc(O[C@@H]3OC(C)(C)[C@H](OC)[C@@H](OC(=O)c4ccc(C)[nH]4)[C@H]3O)c(C)c2oc1=O,True,0.6654400000000009,42.0,589.5980000000002,4.8613793272203285,0.5181285748470429,0.5181285748470429,-6.7,3
103,CO[C@@H]1[C@@H](OC(=O)c2ccc(C)[nH]2)[C@@H](O)[C@H](Oc2ccc3c(O)c(C(O)[C@H](N)CO)c(=O)oc3c2C)OC1(C)C,True,0.91174,40.0,562.5720000000002,4.808144181228934,0.5483384191005202,0.5483384191005202,-7.1,3
110,CO[C@@H]1[C@@H](OC(=O)c2ccc(C)[nH]2)[C@@H](O)[C@H](Oc2ccc3c(O)c(CC(C)N)c(=O)oc3c2C)OC1(C)C,True,2.4484400000000006,38.0,530.5740000000003,4.545379595125266,0.5882019742718197,0.5882019742718197,-7.4,3
111,CO[C@@H]1[C@@H](OC(=O)c2ccc(C)[nH]2)[C@@H](O)[C@H](Oc2ccc3c(O)c(NCCC(N)=O)c(=O)oc3c2C)OC1(C)C,True,1.84604,40.0,559.5720000000002,4.460734779205384,0.5711355051802196,0.5711355051802196,-7.5,3
118,CO[C@@H]1[C@@H](OC(=O)c2ccc(C)[nH]2)[C@@H](O)[C@H](Oc2ccc3c(O)c(C(CN)(CO)CO)c(=O)oc3c2C)OC1(C)C,True,0.7398399999999998,41.0,576.5990000000003,4.781352949886127,0.5376132943575938,0.5376132943575938,-7.4,3
124,CO[C@@H]1[C@@H](OC(=O)c2ccc(C)[nH]2)[C@@H](O)[C@H](Oc2ccc3c(O)c(NS(C)(=O)=O)c(=O)oc3c2C)OC1(C)C,True,1.93024,39.0,566.5850000000002,4.444648067723366,0.566734165686095,0.566734165686095,-6.1,3
125,CO[C@@H]1[C@@H](OC(=O)c2ccc(C)[nH]2)[C@@H](O)[C@H](Oc2ccc3c(O)c(C(CN)CO)c(=O)oc3c2C)OC1(C)C,True,1.5933399999999998,39.0,546.5730000000003,4.659924157523499,0.5711826377693188,0.5711826377693188,-6.8,3
126,CO[C@@H]1[C@@H](OC(=O)c2ccc(C)[nH]2)[C@@H](O)[C@H](Oc2ccc3c(O)c(N(F)CO)c(=O)oc3c2C)OC1(C)C,True,2.19944,38.0,536.5090000000002,4.742768370201969,0.5792569262013134,0.5792569262013134,-6.8,3
141,CO[C@@H]1[C@@H](OC(=O)c2ccc(C)[nH]2)[C@@H](O)[C@H](Oc2ccc3c(O)c(C(C)(N)O)c(=O)oc3c2C)OC1(C)C,True,1.6824399999999995,38.0,532.5460000000003,4.743136793209879,0.5810698391875635,0.5810698391875635,-6.7,3
143,CO[C@@H]1[C@@H](OC(=O)c2ccc(C)[nH]2)[C@@H](O)[C@H](Oc2ccc3c(O)c(NC(CO)CO)c(=O)oc3c2C)OC1(C)C,True,1.3238399999999997,40.0,562.5720000000002,4.543039366361347,0.570651924598718,0.570651924598718,-6.9,3
156,C=C(CN)c1c(O)c2ccc(O[C@@H]3OC(C)(C)[C@H](OC)[C@@H](OC(=O)c4ccc(C)[nH]4)[C@H]3O)c(C)c2oc1=O,True,2.53064,38.0,528.5580000000002,4.572448579313246,0.5895866481864165,0.5895866481864165,-7.3,3
161,CO[C@@H]1[C@@H](OC(=O)c2ccc(C)[nH]2)[C@@H](O)[C@H](Oc2ccc3c(O)c(CS(=O)(=O)CC(=O)NN)c(=O)oc3c2C)OC1(C)C,True,0.4634400000000007,43.0,623.6370000000002,4.643816233088479,0.4890620704346909,0.3260413802897939,-6.7,3
164,CO[C@@H]1[C@@H](OC(=O)c2ccc(C)[nH]2)[C@@H](O)[C@H](Oc2ccc3c(O)c(NCC(O)CN)c(=O)oc3c2C)OC1(C)C,True,1.290239999999999,40.0,561.5880000000002,4.665635699985511,0.5618748560531797,0.5618748560531797,-7.1,3
183,CO[C@@H]1[C@@H](OC(=O)c2ccc(C)[nH]2)[C@@H](O)[C@H](Oc2ccc3c(O)c(CCCCN)c(=O)oc3c2C)OC1(C)C,True,2.8401400000000008,39.0,544.6010000000003,4.40174617597026,0.7548907227876056,0.0,-7.0,3
205,CO[C@@H]1[C@@H](OC(=O)c2ccc(C)[nH]2)[C@@H](O)[C@H](Oc2ccc3c(O)c(C(O)C(CO)NCCO)c(=O)oc3c2C)OC1(C)C,True,0.5349399999999991,43.0,606.6250000000001,4.888036790140616,0.5003955380776484,0.5003955380776484,-7.3,3
247,CO[C@@H]1[C@@H](OC(=O)c2ccc(C)[nH]2)[C@@H](O)[C@H](Oc2ccc3c(O)c(NS(N)(=O)=O)c(=O)oc3c2C)OC1(C)C,True,1.1741399999999995,39.0,567.5730000000002,4.5213979578332575,0.5662057511921721,0.5662057511921721,-7.5,3
259,CO[C@@H]1[C@@H](OC(=O)c2ccc(C)[nH]2)[C@@H](O)[C@H](Oc2ccc3c(O)c(COC(=O)[C@@H](N)CO)c(=O)oc3c2C)OC1(C)C,True,0.9215399999999996,42.0,590.5820000000002,4.646761551717313,0.521928400619031,0.521928400619031,-7.2,3
262,CO[C@@H]1[C@@H](OC(=O)c2ccc(C)[nH]2)[C@@H](O)[C@H](Oc2ccc3c(O)c(CC(=O)NNC(=O)CCCO)c(=O)oc3c2C)OC1(C)C,True,1.02114,45.0,631.6350000000002,4.51489335792146,0.4863926975266883,0.4863926975266883,-7.9,3
283,CO[C@@H]1[C@@H](OC(=O)c2ccc(C)[nH]2)[C@@H](O)[C@H](Oc2ccc3c(O)c(CS(=O)(=O)NCCO)c(=O)oc3c2C)OC1(C)C,True,0.9704399999999996,42.0,610.6380000000001,4.560749462048133,0.5072682932900084,0.5072682932900084,-6.7,3
325,CO[C@@H]1[C@@H](OC(=O)c2ccc(C)[nH]2)[C@@H](O)[C@H](Oc2ccc3c(O)c(CS(=O)(=O)C(CO)NC(=O)CN)c(=O)oc3c2C)OC1(C)C,True,-0.1331599999999981,46.0,667.69,4.95402510701161,0.4332829304809314,0.4332829304809314,-7.6,3
335,CO[C@@H]1[C@@H](OC(=O)c2ccc(C)[nH]2)[C@@H](O)[C@H](Oc2ccc3c(O)c(NC(=O)C(C)N)c(=O)oc3c2C)OC1(C)C,True,1.84444,40.0,559.5720000000002,4.537831959689111,0.5743867735098955,0.5743867735098955,-7.3,3
337,CO[C@@H]1[C@@H](OC(=O)c2ccc(C)[nH]2)[C@@H](O)[C@H](Oc2ccc3c(O)c(CNC(=O)CCNS(C)(=O)=O)c(=O)oc3c2C)OC1(C)C,True,1.1142400000000003,45.0,651.6910000000001,4.5043037722172805,0.4611706761568387,0.4611706761568387,-7.7,3
344,CO[C@@H]1[C@@H](OC(=O)c2ccc(C)[nH]2)[C@@H](O)[C@H](Oc2ccc3c(O)c(CC(=O)Nc4ccc(N)cc4)c(=O)oc3c2C)OC1(C)C,True,3.322140000000002,45.0,621.6430000000001,4.368535717057211,0.6397578816503771,0.6397578816503771,-8.2,3
349,CO[C@@H]1[C@@H](OC(=O)c2ccc(C)[nH]2)[C@@H](O)[C@H](Oc2ccc3c(O)c(CC(N)C#N)c(=O)oc3c2C)OC1(C)C,True,1.9521199999999992,39.0,541.5570000000004,4.718209934011163,0.5686411514011162,0.5686411514011162,-6.9,3
366,CO[C@@H]1[C@@H](OC(=O)c2ccc(C)[nH]2)[C@@H](O)[C@H](Oc2ccc3c(O)c(COC(=O)C(N)CO)c(=O)oc3c2C)OC1(C)C,True,0.9215399999999996,42.0,590.5820000000002,4.646761551717313,0.521928400619031,0.521928400619031,-7.2,3
369,CO[C@@H]1[C@@H](OC(=O)c2ccc(C)[nH]2)[C@@H](O)[C@H](Oc2ccc3c(O)c(C4(O)CN(CC(O)CN)C4=O)c(=O)oc3c2C)OC1(C)C,True,-0.091859999999998,45.0,631.6350000000002,5.098015730823468,0.4627340864846556,0.4627340864846556,-7.3,3
369,CO[C@@H]1[C@@H](OC(=O)c2ccc(C)[nH]2)[C@@H](O)[C@H](Oc2ccc3c(O)c(CNC(=O)c4ccc(Cl)cc4)c(=O)oc3c2C)OC1(C)C,True,4.142140000000003,45.0,641.0730000000001,4.31735407934009,0.5618762851661703,0.5618762851661703,-8.4,3
371,CO[C@@H]1[C@@H](OC(=O)c2ccc(C)[nH]2)[C@@H](O)[C@H](Oc2ccc3c(O)c(C(C#N)CO)c(=O)oc3c2C)OC1(C)C,True,2.15822,39.0,542.5410000000003,4.703525173488666,0.5703982613086509,0.5703982613086509,-6.4,3
376,CO[C@@H]1[C@@H](OC(=O)c2ccc(C)[nH]2)[C@@H](O)[C@H](Oc2ccc3c(O)c(CC(=O)N(CCN)CCO)c(=O)oc3c2C)OC1(C)C,True,0.8808400000000013,44.0,617.6520000000003,4.58203794697247,0.4963314729614067,0.4963314729614067,-7.5,3
411,CO[C@@H]1[C@@H](OC(=O)c2ccc(C)[nH]2)[C@@H](O)[C@H](Oc2ccc3c(O)c(C(O)C(=O)C(O)CN)c(=O)oc3c2C)OC1(C)C,True,0.4808399999999997,42.0,590.5820000000002,4.932350055606987,0.5155819894214828,0.5155819894214828,-6.9,3
417,CO[C@@H]1[C@@H](OC(=O)c2ccc(C)[nH]2)[C@@H](O)[C@H](Oc2ccc3c(O)c(NNC(=O)CNS(C)(=O)=O)c(=O)oc3c2C)OC1(C)C,True,0.5510400000000006,44.0,638.652,4.618349630876801,0.4831209628055871,0.4831209628055871,-7.7,3
422,CO[C@@H]1[C@@H](OC(=O)c2ccc(C)[nH]2)[C@@H](O)[C@H](Oc2ccc3c(O)c(CC(N)C(=O)NCCO)c(=O)oc3c2C)OC1(C)C,True,0.5370400000000004,43.0,603.6250000000002,4.625007507456809,0.5080573886389749,0.5080573886389749,-7.3,3
428,CO[C@@H]1[C@@H](OC(=O)c2ccc(C)[nH]2)[C@@H](O)[C@H](Oc2ccc3c(O)c(-c4cccc(N)c4)c(=O)oc3c2C)OC1(C)C,True,3.807940000000002,41.0,564.5910000000002,4.357320223081719,0.6541076722285194,0.6541076722285194,-7.6,3
440,CO[C@@H]1[C@@H](OC(=O)c2ccc(C)[nH]2)[C@@H](O)[C@H](Oc2ccc3c(O)c(C(=O)CCN)c(=O)oc3c2C)OC1(C)C,True,2.09024,39.0,544.5570000000004,4.445343883605599,0.5766486354035649,0.5766486354035649,-5.6,3
449,CO[C@@H]1[C@@H](OC(=O)c2ccc(C)[nH]2)[C@@H](O)[C@H](Oc2ccc3c(O)c(CNC(=O)CCNC(C)=O)c(=O)oc3c2C)OC1(C)C,True,1.7011399999999994,44.0,615.6360000000002,4.431301793126316,0.507973245471428,0.507973245471428,-7.8,3
455,CO[C@@H]1[C@@H](OC(=O)c2ccc(C)[nH]2)[C@@H](O)[C@H](Oc2ccc3c(O)c(C4(O)CN(C)C4)c(=O)oc3c2C)OC1(C)C,True,1.6917399999999996,40.0,558.5840000000003,4.636031003623168,0.5540720183998551,0.5540720183998551,-6.4,3
456,CO[C@@H]1[C@@H](OC(=O)c2ccc(C)[nH]2)[C@@H](O)[C@H](Oc2ccc3c(O)c(CS(=O)(=O)CC(=O)NC[C@@H](O)CN)c(=O)oc3c2C)OC1(C)C,True,-0.090659999999997,47.0,681.717,4.8366116501366845,0.4246518732402058,0.4246518732402058,-7.4,3
457,CO[C@@H]1[C@@H](OC(=O)c2ccc(C)[nH]2)[C@@H](O)[C@H](Oc2ccc3c(O)c(CC(=O)NCCNC(C)=O)c(=O)oc3c2C)OC1(C)C,True,1.35354,44.0,615.6360000000002,4.445600254664778,0.5081555518866849,0.5081555518866849,-8.3,3
464,CO[C@@H]1[C@@H](OC(=O)c2ccc(C)[nH]2)[C@@H](O)[C@H](Oc2ccc3c(O)c(N(C)C(=O)CO)c(=O)oc3c2C)OC1(C)C,True,1.5138399999999994,40.0,560.5560000000003,4.589850234392399,0.5576748215875036,0.5576748215875036,-5.5,3
466,CO[C@@H]1[C@@H](OC(=O)c2ccc(C)[nH]2)[C@@H](O)[C@H](Oc2ccc3c(O)c(Cc4ccc(CN)cc4)c(=O)oc3c2C)OC1(C)C,True,3.608240000000002,43.0,592.6450000000002,4.353445756303601,0.6439365243212115,0.429291016214141,-8.4,3
469,CO[C@@H]1[C@@H](OC(=O)c2ccc(C)[nH]2)[C@@H](O)[C@H](Oc2ccc3c(O)c(C(O)C(=O)NCC(O)CN)c(=O)oc3c2C)OC1(C)C,True,0.0279400000000014,44.0,619.6240000000001,4.870012625332382,0.4857330527703913,0.4857330527703913,-7.2,3
487,CO[C@@H]1[C@@H](OC(=O)c2ccc(C)[nH]2)[C@@H](O)[C@H](Oc2ccc3c(O)c(CN(C)C(=O)C(=O)NCCO)c(=O)oc3c2C)OC1(C)C,True,0.6256400000000009,45.0,631.6350000000002,4.61585610513027,0.4795474779046035,0.4795474779046035,-7.1,3
487,CO[C@@H]1[C@@H](OC(=O)c2ccc(C)[nH]2)[C@@H](O)[C@H](Oc2ccc3c(O)c(C(O)C(=O)NC[C@H](O)CN)c(=O)oc3c2C)OC1(C)C,True,0.0279400000000014,44.0,619.6240000000001,4.870012625332382,0.4857330527703913,0.4857330527703913,-7.2,3
494,CO[C@@H]1[C@@H](OC(=O)c2ccc(C)[nH]2)[C@@H](O)[C@H](Oc2ccc3c(O)c(CN(C)S(=O)(=O)NCC(=O)NCCN)c(=O)oc3c2C)OC1(C)C,True,-0.1001599999999962,48.0,695.7479999999999,4.729812622735095,0.4260438464789026,0.4260438464789026,-6.6,3
513,CO[C@@H]1[C@@H](OC(=O)c2ccc(C)[nH]2)[C@@H](O)[C@H](Oc2ccc3c(O)c(C(C)O)c(=O)oc3c2C)OC1(C)C,True,2.6120400000000004,37.0,517.5310000000003,4.517169752843203,0.7992859154665295,0.7992859154665295,-7.0,3
517,CO[C@@H]1[C@@H](OC(=O)c2ccc(C)[nH]2)[C@@H](O)[C@H](Oc2ccc3c(O)c(CC(=O)NCC(=O)NCC(=O)N(C)C)c(=O)oc3c2C)OC1(C)C,True,0.4218400000000026,48.0,672.6880000000001,4.550768007350479,0.4416647907759848,0.4416647907759848,-8.4,3
517,CO[C@@H]1[C@@H](OC(=O)c2ccc(C)[nH]2)[C@@H](O)[C@H](Oc2ccc3c(O)c(CC(=O)NCCCCN)c(=O)oc3c2C)OC1(C)C,True,1.9563399999999995,43.0,601.6530000000002,4.427926694806773,0.5155187290303325,0.5155187290303325,-7.7,3
524,CO[C@@H]1[C@@H](OC(=O)c2ccc(C)[nH]2)[C@@H](O)[C@H](Oc2ccc3c(O)c(COC(=O)CN)c(=O)oc3c2C)OC1(C)C,True,1.5606399999999994,40.0,560.5560000000003,4.482555809551185,0.5575599231454663,0.3717066154303109,-6.9,3
528,CO[C@@H]1[C@@H](OC(=O)c2ccc(C)[nH]2)[C@@H](O)[C@H](Oc2ccc3c(O)c(OC[C@@H](O)CN)c(=O)oc3c2C)OC1(C)C,True,1.2571399999999997,40.0,562.5720000000002,4.599122079660882,0.5537712334788001,0.5537712334788001,-7.3,3
557,CO[C@@H]1[C@@H](OC(=O)c2ccc(C)[nH]2)[C@@H](O)[C@H](Oc2ccc3c(O)c(OCCN4CCOCC4)c(=O)oc3c2C)OC1(C)C,True,2.26974,43.0,602.6370000000003,4.41103501292933,0.5107637539546079,0.5107637539546079,-8.0,3
565,CO[C@@H]1[C@@H](OC(=O)c2ccc(C)[nH]2)[C@@H](O)[C@H](Oc2ccc3c(O)c(CNC(=O)CCN)c(=O)oc3c2C)OC1(C)C,True,1.5237399999999997,41.0,573.5990000000003,4.437101824997503,0.5452997233814845,0.5452997233814845,-7.1,3
581,CO[C@@H]1[C@@H](OC(=O)c2ccc(C)[nH]2)[C@@H](O)[C@H](Oc2ccc3c(O)c(C(O)[C@@H](N)CO)c(=O)oc3c2C)OC1(C)C,True,0.91174,40.0,562.5720000000002,4.808144181228934,0.5483384191005202,0.5483384191005202,-7.3,3
598,CO[C@@H]1[C@@H](OC(=O)c2ccc(C)[nH]2)[C@@H](O)[C@H](Oc2ccc3c(O)c(C#CC(O)CN)c(=O)oc3c2C)OC1(C)C,True,1.22984,40.0,556.5680000000002,4.877930265969985,0.5491378257647546,0.5491378257647546,-7.7,3
659,CO[C@@H]1[C@@H](OC(=O)c2ccc(C)[nH]2)[C@@H](O)[C@H](Oc2ccc3c(O)c(C(O)C(N)(CO)CO)c(=O)oc3c2C)OC1(C)C,True,0.27424,42.0,592.5980000000002,4.89027260828999,0.5157189557216344,0.5157189557216344,-7.0,3
677,CO[C@@H]1[C@@H](OC(=O)c2ccc(C)[nH]2)[C@@H](O)[C@H](Oc2ccc3c(O)c(C(O)(CN)C(=O)NCC(O)C#N)c(=O)oc3c2C)OC1(C)C,True,-0.2942799999999983,46.0,644.6340000000001,5.237486046500152,0.4456646778938662,0.4456646778938662,-6.6,3
783,CO[C@@H]1[C@@H](OC(=O)c2ccc(C)[nH]2)[C@@H](O)[C@H](Oc2ccc3c(O)c(C(O)C(N)C(O)CO)c(=O)oc3c2C)OC1(C)C,True,0.2726399999999993,42.0,592.5980000000002,5.003685807923266,0.5151986623964505,0.5151986623964505,-7.4,3
878,COCCNC(=O)CCc1c(O)c2ccc(O[C@@H]3OC(C)(C)[C@H](OC)[C@@H](OC(=O)c4ccc(C)[nH]4)[C@H]3O)c(C)c2oc1=O,True,2.25394,43.0,602.6370000000002,4.414532301064922,0.5179689496057499,0.5179689496057499,-7.3,3
883,CO[C@@H]1[C@@H](OC(=O)c2ccc(C)[nH]2)[C@@H](O)[C@H](Oc2ccc3c(O)c(O[C@@H]4CNC(=O)C4(N)CO)c(=O)oc3c2C)OC1(C)C,True,0.1257400000000015,44.0,617.6080000000002,5.135504073296184,0.4799146878074299,0.4799146878074299,-6.8,3
905,CO[C@@H]1[C@@H](OC(=O)c2ccc(C)[nH]2)[C@@H](O)[C@H](Oc2ccc3c(O)c(C4(N)COC4)c(=O)oc3c2C)OC1(C)C,True,1.74294,39.0,544.5570000000004,4.638522548337093,0.56905259924643,0.56905259924643,-7.6,3
909,CO[C@@H]1[C@@H](OC(=O)c2ccc(C)[nH]2)[C@@H](O)[C@H](Oc2ccc3c(O)c(OCCCO)c(=O)oc3c2C)OC1(C)C,True,2.31994,39.0,547.5570000000004,4.374634889126262,0.5765529411611785,0.5765529411611785,-6.8,3
920,CO[C@@H]1[C@@H](OC(=O)c2ccc(C)[nH]2)[C@@H](O)[C@H](Oc2ccc3c(O)c(CNC(=O)COCCNC(=O)CO)c(=O)oc3c2C)OC1(C)C,True,0.3000400000000018,47.0,661.6610000000003,4.576262025187894,0.448673295736224,0.448673295736224,-7.9,3
982,CO[C@@H]1[C@@H](OC(=O)c2ccc(C)[nH]2)[C@@H](O)[C@H](Oc2ccc3c(O)c(C(O)(CO)Cn4nnnc4CN)c(=O)oc3c2C)OC1(C)C,True,-0.1159599999999994,46.0,644.6380000000001,5.054763763516394,0.4479355178988692,0.4479355178988692,-7.1,3
989,CO[C@@H]1[C@@H](OC(=O)c2ccc(C)[nH]2)[C@@H](O)[C@H](Oc2ccc3c(O)c(OCC(O)CN)c(=O)oc3c2C)OC1(C)C,True,1.2571399999999997,40.0,562.5720000000002,4.599122079660882,0.5537712334788001,0.5537712334788001,-6.9,3
10,CO[C@@H]1[C@@H](OC(=O)c2ccc(C)[nH]2)[C@@H](O)[C@H](Oc2ccc3c(O)c(NC4COC4)c(=O)oc3c2C)OC1(C)C,True,2.36944,39.0,544.5570000000002,4.530554227731583,0.5836753109419482,0.5836753109419482,-7.2,3
34,CO[C@@H]1[C@@H](OC(=O)c2ccc(C)[nH]2)[C@@H](O)[C@H](Oc2ccc3c(O)c(Nc4ccccc4C)c(=O)oc3c2C)OC1(C)C,True,4.610760000000004,42.0,578.6180000000002,4.333983616731922,0.5870508910310452,0.5870508910310452,-7.0,3
37,CO[C@@H]1[C@@H](OC(=O)c2ccc(C)[nH]2)[C@@H](O)[C@H](Oc2ccc3c(O)c(C4(N)CNC4=O)c(=O)oc3c2C)OC1(C)C,True,0.8425400000000003,40.0,557.5560000000003,4.8805178453630695,0.5484598661621559,0.5484598661621559,-7.8,3
46,CO[C@@H]1[C@@H](OC(=O)c2ccc(C)[nH]2)[C@@H](O)[C@H](Oc2ccc3c(O)c(N(CO)CCN)c(=O)oc3c2C)OC1(C)C,True,1.2736399999999992,40.0,561.5880000000003,4.68620224568386,0.5508055768063682,0.5508055768063682,-6.8,3
50,CO[C@@H]1[C@@H](OC(=O)c2ccc(C)[nH]2)[C@@H](O)[C@H](Oc2ccc3c(O)c(OCc4ccc(CN)cc4)c(=O)oc3c2C)OC1(C)C,True,3.596440000000002,44.0,608.6440000000002,4.351635960843844,0.6267694059847824,0.4178462706565216,-7.9,3
56,CO[C@@H]1[C@@H](OC(=O)c2ccc(C)[nH]2)[C@@H](O)[C@H](Oc2ccc3c(O)c(C4CC4N)c(=O)oc3c2C)OC1(C)C,True,2.37334,38.0,528.5580000000003,4.717053342679528,0.5843113533303959,0.5843113533303959,-7.5,3
69,CO[C@@H]1[C@@H](OC(=O)c2ccc(C)[nH]2)[C@@H](O)[C@H](Oc2ccc3c(O)c(C(O)CNCCO)c(=O)oc3c2C)OC1(C)C,True,1.17404,41.0,576.5990000000003,4.646977368975533,0.5376801573795644,0.5376801573795644,-6.8,3
74,CO[C@@H]1[C@@H](OC(=O)c2ccc(C)[nH]2)[C@@H](O)[C@H](Oc2ccc3c(O)c(C4(N)CN4C)c(=O)oc3c2C)OC1(C)C,True,1.6156399999999995,39.0,543.5730000000003,4.889178754486641,0.5644519194600746,0.5644519194600746,-6.2,3
74,CO[C@@H]1[C@@H](OC(=O)c2ccc(C)[nH]2)[C@@H](O)[C@H](Oc2ccc3c(O)c(OCc4ccc(N)cc4)c(=O)oc3c2C)OC1(C)C,True,3.719940000000002,43.0,594.6170000000002,4.341705614092871,0.6308097847905239,0.6308097847905239,-8.7,3
80,CO[C@@H]1[C@@H](OC(=O)c2ccc(C)[nH]2)[C@@H](O)[C@H](Oc2ccc3c(O)c(NCCC#N)c(=O)oc3c2C)OC1(C)C,True,2.8843200000000007,39.0,541.5570000000004,4.514099303216845,0.7600630961500853,0.7600630961500853,-7.3,3
85,CO[C@@H]1[C@@H](OC(=O)c2ccc(C)[nH]2)[C@@H](O)[C@H](Oc2ccc3c(O)c(Cc4ccc(N)cc4)c(=O)oc3c2C)OC1(C)C,True,3.731740000000002,42.0,578.6180000000003,4.345199001347309,0.64793948997596,0.64793948997596,-7.7,3
89,CC=Cc1c(O)c2ccc(O[C@@H]3OC(C)(C)[C@H](OC)[C@@H](OC(=O)c4ccc(C)[nH]4)[C@H]3O)c(C)c2oc1=O,True,3.5918400000000013,37.0,513.5430000000002,4.479692959762791,0.7282121079121826,0.7282121079121826,-6.2,3
100,CO[C@@H]1[C@@H](OC(=O)c2ccc(C)[nH]2)[C@@H](O)[C@H](Oc2ccc3c(O)c(S(=O)(=O)NCCNC(=O)C(N)CCO)c(=O)oc3c2C)OC1(C)C,True,-0.3370599999999963,48.0,696.7320000000001,4.803300146848374,0.425392128868835,0.425392128868835,-7.1,3
101,CO[C@@H]1[C@@H](OC(=O)c2ccc(C)[nH]2)[C@@H](O)[C@H](Oc2ccc3c(O)c(CN(C)CC(=O)NCN)c(=O)oc3c2C)OC1(C)C,True,1.0229400000000006,43.0,602.6410000000002,4.592481995177851,0.5116727128518852,0.5116727128518852,-8.4,3
113,CO[C@@H]1[C@@H](OC(=O)c2ccc(C)[nH]2)[C@@H](O)[C@H](Oc2ccc3c(O)c(CCNCCO)c(=O)oc3c2C)OC1(C)C,True,1.6831399999999994,40.0,560.6000000000003,4.45845890572107,0.5613297348497982,0.5613297348497982,-7.0,3
114,C#CC(N)(CN)c1c(O)c2ccc(O[C@@H]3OC(C)(C)[C@H](OC)[C@@H](OC(=O)c4ccc(C)[nH]4)[C@H]3O)c(C)c2oc1=O,True,1.3046400000000002,40.0,555.5840000000002,4.966576831483983,0.5481373602147446,0.5481373602147446,-6.7,3
141,CO[C@@H]1[C@@H](OC(=O)c2ccc(C)[nH]2)[C@@H](O)[C@H](Oc2ccc3c(O)c(C#CCNC(=O)CN)c(=O)oc3c2C)OC1(C)C,True,0.98514,42.0,583.5940000000003,4.66795518287193,0.5279768808554854,0.5279768808554854,-7.8,3
148,CO[C@@H]1[C@@H](OC(=O)c2ccc(C)[nH]2)[C@@H](O)[C@H](Oc2ccc3c(O)c(CCNC(=O)CN)c(=O)oc3c2C)OC1(C)C,True,1.1761400000000004,41.0,573.5990000000003,4.452380808513986,0.5449601904144515,0.5449601904144515,-7.4,3
148,CO[C@@H]1[C@@H](OC(=O)c2ccc(C)[nH]2)[C@@H](O)[C@H](Oc2ccc3c(O)c(CNC(=O)CN4CCOCC4)c(=O)oc3c2C)OC1(C)C,True,1.50714,45.0,629.6630000000002,4.435112044600635,0.4833350851242058,0.4833350851242058,-8.4,3
148,CO[C@@H]1[C@@H](OC(=O)c2ccc(C)[nH]2)[C@@H](O)[C@H](Oc2ccc3c(O)c(CNC(=O)NCc4ccccc4)c(=O)oc3c2C)OC1(C)C,True,3.5581400000000016,46.0,635.6700000000001,4.345506505939463,0.6053604277032478,0.6053604277032478,-8.5,3
157,CO[C@@H]1[C@@H](OC(=O)c2ccc(C)[nH]2)[C@@H](O)[C@H](Oc2ccc3c(O)c(C4(N)CC(=O)N4)c(=O)oc3c2C)OC1(C)C,True,1.1901399999999989,40.0,557.5560000000003,4.823289651996802,0.5509235229844366,0.5509235229844366,-8.0,3
159,CO[C@@H]1[C@@H](OC(=O)c2ccc(C)[nH]2)[C@@H](O)[C@H](Oc2ccc3c(O)c(CN(CCO)C(=O)CN)c(=O)oc3c2C)OC1(C)C,True,0.83834,43.0,603.6250000000002,4.582500930089092,0.5070789023240694,0.5070789023240694,-6.9,3
217,CO[C@@H]1[C@@H](OC(=O)c2ccc(C)[nH]2)[C@@H](O)[C@H](Oc2ccc3c(O)c(S(=O)(=O)NCC(N)CO)c(=O)oc3c2C)OC1(C)C,True,0.1566400000000014,43.0,625.6530000000001,4.773157507456809,0.4830627033625655,0.4830627033625655,-7.7,3
245,CO[C@@H]1[C@@H](OC(=O)c2ccc(C)[nH]2)[C@@H](O)[C@H](Oc2ccc3c(O)c(C(O)C(CO)C(O)C(N)CO)c(=O)oc3c2C)OC1(C)C,True,-0.1188599999999997,45.0,636.6510000000001,5.228428609200128,0.4601870228648971,0.4601870228648971,-6.6,3
255,CO[C@@H]1[C@@H](OC(=O)c2ccc(C)[nH]2)[C@@H](O)[C@H](Oc2ccc3c(O)c(C4(O)C(=O)C4(N)C(=O)C4(O)C(=O)C4C)c(=O)oc3c2C)OC1(C)C,True,-0.454459999999999,48.0,670.6240000000001,5.491681182892577,0.4197671286122392,0.4197671286122392,-8.5,3
334,CO[C@@H]1[C@@H](OC(=O)c2ccc(C)[nH]2)[C@@H](O)[C@H](Oc2ccc3c(O)c(C(CO)(CO)CO)c(=O)oc3c2C)OC1(C)C,True,0.77344,41.0,577.5830000000003,4.773737565270743,0.5421339848570762,0.5421339848570762,-5.5,3
446,CO[C@@H]1[C@@H](OC(=O)c2ccc(C)[nH]2)[C@@H](O)[C@H](Oc2ccc3c(O)c(C(O)C(CO)C(O)C(CO)C(O)CN)c(=O)oc3c2C)OC1(C)C,True,-0.5103599999999988,48.0,680.704,5.481596442243967,0.4136165151199454,0.4136165151199454,-7.2,3
503,CO[C@@H]1[C@@H](OC(=O)c2ccc(C)[nH]2)[C@@H](O)[C@H](Oc2ccc3c(O)c(-c4cccc(CN)c4)c(=O)oc3c2C)OC1(C)C,True,3.684440000000001,42.0,578.6180000000003,4.363019956254469,0.6497691501951046,0.6497691501951046,-8.3,3
537,COC(=O)C(O)C(CO)NS(=O)(=O)c1c(O)c2ccc(O[C@@H]3OC(C)(C)[C@H](OC)[C@@H](OC(=O)c4ccc(C)[nH]4)[C@H]3O)c(C)c2oc1=O,True,-0.2681599999999965,47.0,684.6730000000002,4.970859545582655,0.4279491529553061,0.4279491529553061,-7.5,3
554,CO[C@@H]1[C@@H](OC(=O)c2ccc(C)[nH]2)[C@@H](O)[C@H](Oc2ccc3c(O)c(CC(=O)NC[C@H](O)C(N)CO)c(=O)oc3c2C)OC1(C)C,True,-0.1020599999999987,45.0,633.6510000000002,4.839024558061804,0.4715058354861831,0.4715058354861831,-7.6,3
676,CO[C@@H]1[C@@H](OC(=O)c2ccc(C)[nH]2)[C@@H](O)[C@H](Oc2ccc3c(O)c(C(O)C(=O)NC[C@@H](O)CN)c(=O)oc3c2C)OC1(C)C,True,0.0279400000000014,44.0,619.6240000000001,4.870012625332382,0.4857330527703913,0.4857330527703913,-6.4,3
727,CO[C@@H]1[C@@H](OC(=O)c2ccc(C)[nH]2)[C@@H](O)[C@H](Oc2ccc3c(O)c(CC(=O)N4CCN(C)CC4)c(=O)oc3c2C)OC1(C)C,True,1.8752399999999991,44.0,613.6640000000002,4.429176551549711,0.5028579137808811,0.5028579137808811,-7.2,3
781,CO[C@@H]1[C@@H](OC(=O)c2ccc(C)[nH]2)[C@@H](O)[C@H](Oc2ccc3c(O)c(C(O)C#CCN)c(=O)oc3c2C)OC1(C)C,True,1.55424,40.0,556.5680000000002,4.808371762088546,0.5506835702954531,0.5506835702954531,-7.1,3
816,CO[C@@H]1[C@@H](OC(=O)c2ccc(C)[nH]2)[C@@H](O)[C@H](Oc2ccc3c(O)c(CC(=O)NNC(=O)CC(O)CN)c(=O)oc3c2C)OC1(C)C,True,-0.0416599999999975,46.0,646.6500000000002,4.754237943736175,0.4616792224873076,0.4616792224873076,-8.0,3
868,CO[C@@H]1[C@@H](OC(=O)c2ccc(C)[nH]2)[C@@H](O)[C@H](Oc2ccc3c(O)c(CC(=O)N(C)CCNC(=O)CN)c(=O)oc3c2C)OC1(C)C,True,0.6345400000000019,46.0,644.6780000000002,4.587997079977926,0.4640888078195014,0.4640888078195014,-6.7,3
934,CO[C@@H]1[C@@H](OC(=O)c2ccc(C)[nH]2)[C@@H](O)[C@H](Oc2ccc3c(O)c(C(N)F)c(=O)oc3c2C)OC1(C)C,True,2.4855400000000003,37.0,520.5100000000003,4.643940983612433,0.5951323185907688,0.5951323185907688,-6.9,3
937,COC(=O)C(O)(CO)CNC(=O)C(O)c1c(O)c2ccc(O[C@@H]3OC(C)(C)[C@H](OC)[C@@H](OC(=O)c4ccc(C)[nH]4)[C@H]3O)c(C)c2oc1=O,True,-0.3952599999999968,48.0,678.6440000000002,5.085328612138483,0.4221778826932189,0.4221778826932189,-7.0,3
966,CO[C@@H]1[C@@H](OC(=O)c2ccc(C)[nH]2)[C@@H](O)[C@H](Oc2ccc3c(O)c(C(N)C(=O)NCCO)c(=O)oc3c2C)OC1(C)C,True,0.6670400000000001,42.0,589.5980000000002,4.666007705563466,0.5244503644592197,0.5244503644592197,-7.1,3
998,CO[C@@H]1[C@@H](OC(=O)c2ccc(C)[nH]2)[C@@H](O)[C@H](Oc2ccc3c(O)c(C(N)C(=O)NNC(=O)C(C)C(N)=O)c(=O)oc3c2C)OC1(C)C,True,-0.1726599999999978,47.0,659.6490000000001,5.007084820307929,0.443567884634667,0.443567884634667,-6.7,3
13,CO[C@@H]1[C@@H](OC(=O)c2ccc(C)[nH]2)[C@@H](O)[C@H](Oc2ccc3c(O)c(Cn4c(=O)[nH]c(=O)cc(N)c4=O)c(=O)oc3c2C)OC1(C)C,True,0.39944,46.0,640.6020000000002,4.656208772285618,0.4687201326413627,0.4687201326413627,-6.6,3
45,CO[C@@H]1[C@@H](OC(=O)c2ccc(C)[nH]2)[C@@H](O)[C@H](Oc2ccc3c(O)c(CN4CCN(C(C)=O)CC4)c(=O)oc3c2C)OC1(C)C,True,2.22284,44.0,613.6640000000002,4.420613678059564,0.5050089841721653,0.5050089841721653,-8.1,3
49,CO[C@@H]1[C@@H](OC(=O)c2ccc(C)[nH]2)[C@@H](O)[C@H](Oc2ccc3c(O)c(-c4ccc(C)cc4C)c(=O)oc3c2C)OC1(C)C,True,4.842580000000004,42.0,577.6300000000002,4.337906219661227,0.5603652504812464,0.5603652504812464,-6.4,3
68,CO[C@@H]1[C@@H](OC(=O)c2ccc(C)[nH]2)[C@@H](O)[C@H](Oc2ccc3c(O)c(C4(O)C(N)C(=O)N4C)c(=O)oc3c2C)OC1(C)C,True,0.5031400000000001,42.0,587.5820000000002,5.016158496723392,0.5135496379652116,0.5135496379652116,-5.6,3
79,CO[C@@H]1[C@@H](OC(=O)c2ccc(C)[nH]2)[C@@H](O)[C@H](Oc2ccc3c(O)c(C(N)CNC(=O)CCNC(=O)CO)c(=O)oc3c2C)OC1(C)C,True,0.1733400000000016,47.0,660.6770000000002,4.753722266808397,0.4475683518179075,0.4475683518179075,-6.8,3
96,CO[C@@H]1[C@@H](OC(=O)c2ccc(C)[nH]2)[C@@H](O)[C@H](Oc2ccc3c(O)c(CNC(=O)c4ccccc4C)c(=O)oc3c2C)OC1(C)C,True,3.7971600000000025,45.0,620.6550000000001,4.335529389513786,0.603001596715828,0.603001596715828,-8.5,3
104,CO[C@@H]1[C@@H](OC(=O)c2ccc(C)[nH]2)[C@@H](O)[C@H](Oc2ccc3c(O)c(CCNC(=O)CCNN)c(=O)oc3c2C)OC1(C)C,True,1.0708400000000011,43.0,602.6410000000002,4.564739602238324,0.5103661335496866,0.5103661335496866,-7.2,3
153,CO[C@@H]1[C@@H](OC(=O)c2ccc(C)[nH]2)[C@@H](O)[C@H](Oc2ccc3c(O)c(N(CCO)C(=O)CN)c(=O)oc3c2C)OC1(C)C,True,0.8427399999999995,42.0,589.5980000000003,4.652222741400359,0.521611676611786,0.521611676611786,-6.3,3
175,CO[C@@H]1[C@@H](OC(=O)c2ccc(C)[nH]2)[C@@H](O)[C@H](Oc2ccc3c(O)c(OCCC(=O)NCCNC(=O)CN)c(=O)oc3c2C)OC1(C)C,True,0.5187400000000031,47.0,660.6770000000001,4.536675978676266,0.45159809182064,0.45159809182064,-7.8,3
200,CO[C@@H]1[C@@H](OC(=O)c2ccc(C)[nH]2)[C@@H](O)[C@H](Oc2ccc3c(O)c(Cc4ccccc4F)c(=O)oc3c2C)OC1(C)C,True,4.288640000000004,42.0,581.5930000000002,4.328864120710704,0.5990662142196532,0.5990662142196532,-8.6,3
310,COC(=O)C(N)(N)c1c(O)c2ccc(O[C@@H]3OC(C)(C)[C@H](OC)[C@@H](OC(=O)c4ccc(C)[nH]4)[C@H]3O)c(C)c2oc1=O,True,0.8019399999999999,41.0,575.5710000000001,4.713416053269231,0.5401358110530761,0.5401358110530761,-6.1,3
334,CO[C@@H]1[C@@H](OC(=O)c2ccc(C)[nH]2)[C@@H](O)[C@H](Oc2ccc3c(O)c(COC(=O)C(O)(CN)CO)c(=O)oc3c2C)OC1(C)C,True,0.2840400000000003,44.0,620.6080000000002,4.865293670329943,0.4829636984042714,0.4829636984042714,-6.9,3
401,CO[C@@H]1[C@@H](OC(=O)c2ccc(C)[nH]2)[C@@H](O)[C@H](Oc2ccc3c(O)c(C(O)C(=O)NCCO)c(=O)oc3c2C)OC1(C)C,True,0.7006399999999995,42.0,590.5820000000002,4.65615385940962,0.5236998806901151,0.5236998806901151,-7.6,3
428,CO[C@@H]1[C@@H](OC(=O)c2ccc(C)[nH]2)[C@@H](O)[C@H](Oc2ccc3c(O)c(CC(=O)N(C)CC(=O)NCCO)c(=O)oc3c2C)OC1(C)C,True,0.6681400000000004,46.0,645.6620000000003,4.543396956901001,0.4692427386698516,0.4692427386698516,-7.3,3
652,CO[C@@H]1[C@@H](OC(=O)c2ccc(C)[nH]2)[C@@H](O)[C@H](Oc2ccc3c(O)c(NC[C@@H](O)CN)c(=O)oc3c2C)OC1(C)C,True,1.290239999999999,40.0,561.5880000000002,4.665635699985511,0.5618748560531797,0.5618748560531797,-6.9,3
711,CO[C@@H]1[C@@H](OC(=O)c2ccc(C)[nH]2)[C@@H](O)[C@H](Oc2ccc3c(O)c(NCC(=O)NC(N)=O)c(=O)oc3c2C)OC1(C)C,True,1.1655399999999998,42.0,588.5700000000002,4.51926079808052,0.5385443804195413,0.5385443804195413,-8.2,3
759,CO[C@@H]1[C@@H](OC(=O)c2ccc(C)[nH]2)[C@@H](O)[C@H](Oc2ccc3c(O)c(C(N)(CO)NC(=O)C(C)N)c(=O)oc3c2C)OC1(C)C,True,0.1259400000000019,44.0,618.6400000000001,5.072770083726432,0.4821967896008246,0.4821967896008246,-6.4,3
837,CO[C@@H]1[C@@H](OC(=O)c2ccc(C)[nH]2)[C@@H](O)[C@H](Oc2ccc3c(O)c(C(N)(CO)C(=O)N(C)CC(N)=O)c(=O)oc3c2C)OC1(C)C,True,-0.351259999999997,46.0,646.6500000000002,5.007729509965069,0.452005133090914,0.452005133090914,-7.2,3
869,CO[C@@H]1[C@@H](OC(=O)c2ccc(C)[nH]2)[C@@H](O)[C@H](Oc2ccc3c(O)c(CC(N)CC(=O)NNC(=O)CO)c(=O)oc3c2C)OC1(C)C,True,-0.0416599999999982,46.0,646.6500000000002,4.797605205274637,0.4618327216814467,0.4618327216814467,-8.7,3
931,CO[C@@H]1[C@@H](OC(=O)c2ccc(C)[nH]2)[C@@H](O)[C@H](Oc2ccc3c(O)c(CC(=O)NCC(CO)CO)c(=O)oc3c2C)OC1(C)C,True,0.8182400000000002,44.0,618.6360000000002,4.590471408510931,0.497520081843091,0.497520081843091,-7.6,3
931,CO[C@@H]1[C@@H](OC(=O)c2ccc(C)[nH]2)[C@@H](O)[C@H](Oc2ccc3c(O)c(CS(=O)(=O)CC(N)C(=O)NCO)c(=O)oc3c2C)OC1(C)C,True,-0.133159999999999,46.0,667.6900000000002,4.8878561243813365,0.4358090809429818,0.4358090809429818,-7.0,3
3,CO[C@@H]1[C@@H](OC(=O)c2ccc(C)[nH]2)[C@@H](O)[C@H](Oc2ccc3c(O)c(NC(=O)OCc4ccccc4)c(=O)oc3c2C)OC1(C)C,True,4.307440000000003,45.0,622.6270000000001,4.333810259985251,0.5717003241511984,0.5717003241511984,-8.5,4
19,CO[C@@H]1[C@@H](OC(=O)c2ccc(C)[nH]2)[C@@H](O)[C@H](Oc2ccc3c(O)c(NC4CC4O)c(=O)oc3c2C)OC1(C)C,True,2.10384,39.0,544.5570000000002,4.75130694026313,0.5801806693520348,0.5801806693520348,-7.8,4
24,CO[C@@H]1[C@@H](OC(=O)c2ccc(C)[nH]2)[C@@H](O)[C@H](Oc2ccc3c(O)c(NC(=O)c4cccc(N)c4)c(=O)oc3c2C)OC1(C)C,True,3.3932400000000014,44.0,607.6160000000001,4.368359895478509,0.6761159607693363,0.6761159607693363,-8.0,4
42,C#CCNc1c(O)c2ccc(O[C@@H]3OC(C)(C)[C@H](OC)[C@@H](OC(=O)c4ccc(C)[nH]4)[C@H]3O)c(C)c2oc1=O,True,2.60384,38.0,526.5420000000003,4.569644138571015,0.8005442509772728,0.5336961673181819,-7.6,4
44,CO[C@@H]1[C@@H](OC(=O)c2ccc(C)[nH]2)[C@@H](O)[C@H](Oc2ccc3c(O)c(NCCNC(=O)c4ccccc4)c(=O)oc3c2C)OC1(C)C,True,3.400640000000002,46.0,635.6700000000001,4.36778691459331,0.6301595980735997,0.6301595980735997,-9.0,4
45,CCCCCCNC(=O)c1c(O)c2ccc(O[C@@H]3OC(C)(C)[C@H](OC)[C@@H](OC(=O)c4ccc(C)[nH]4)[C@H]3O)c(C)c2oc1=O,True,3.8688400000000014,43.0,600.6650000000002,4.344550553998429,0.6166916590917392,0.6166916590917392,-6.6,4
47,CO[C@@H]1[C@@H](OC(=O)c2ccc(C)[nH]2)[C@@H](O)[C@H](Oc2ccc3c(O)c(NC(C)C(N)=O)c(=O)oc3c2C)OC1(C)C,True,1.84444,40.0,559.5720000000002,4.610160164817315,0.5657316077221766,0.5657316077221766,-7.0,4
51,CO[C@@H]1[C@@H](OC(=O)c2ccc(C)[nH]2)[C@@H](O)[C@H](Oc2ccc3c(O)c(NCC(=O)N4C(=O)C(O)C4=O)c(=O)oc3c2C)OC1(C)C,True,0.2269399999999999,45.0,629.5750000000002,4.8114636713345575,0.4903326528527632,0.4903326528527632,-8.0,4
51,CO[C@@H]1[C@@H](OC(=O)c2ccc(C)[nH]2)[C@@H](O)[C@H](Oc2ccc3c(O)c(NC4(O)COC4)c(=O)oc3c2C)OC1(C)C,True,1.6894399999999998,40.0,560.5560000000003,4.7394070445547145,0.5618899967110444,0.5618899967110444,-7.9,4
52,CO[C@@H]1[C@@H](OC(=O)c2ccc(C)[nH]2)[C@@H](O)[C@H](Oc2ccc3c(O)c(CCCCCN)c(=O)oc3c2C)OC1(C)C,True,3.230240000000002,40.0,558.6280000000004,4.404463940686105,0.708161218433883,0.708161218433883,-7.1,4
54,CCNC(=O)CNc1c(O)c2ccc(O[C@@H]3OC(C)(C)[C@H](OC)[C@@H](OC(=O)c4ccc(C)[nH]4)[C@H]3O)c(C)c2oc1=O,True,2.1067399999999994,41.0,573.5990000000003,4.45196913268981,0.5561360224447769,0.5561360224447769,-7.8,4
56,CO[C@@H]1[C@@H](OC(=O)c2ccc(C)[nH]2)[C@@H](O)[C@H](Oc2ccc3c(O)c(N4CCCCC4)c(=O)oc3c2C)OC1(C)C,True,3.5490400000000024,40.0,556.6120000000003,4.388269361211526,0.6826527233655975,0.6826527233655975,-8.1,4
60,CO[C@@H]1[C@@H](OC(=O)c2ccc(C)[nH]2)[C@@H](O)[C@H](Oc2ccc3c(O)c(NC(=O)NCCc4ccccc4)c(=O)oc3c2C)OC1(C)C,True,3.9229400000000014,46.0,635.6700000000001,4.337304823247155,0.5872121465722502,0.5872121465722502,-9.1,4
65,CCCCCNc1c(O)c2ccc(O[C@@H]3OC(C)(C)[C@H](OC)[C@@H](OC(=O)c4ccc(C)[nH]4)[C@H]3O)c(C)c2oc1=O,True,4.160840000000002,40.0,558.6280000000003,4.386981283343448,0.6440818489512354,0.6440818489512354,-7.2,4
65,CO[C@@H]1[C@@H](OC(=O)c2ccc(C)[nH]2)[C@@H](O)[C@H](Oc2ccc3c(O)c(NC(=O)NC(=O)c4ccccc4)c(=O)oc3c2C)OC1(C)C,True,3.520640000000002,46.0,635.6260000000001,4.361078923224443,0.6283547133574887,0.6283547133574887,-7.7,4
66,CO[C@@H]1[C@@H](OC(=O)c2ccc(C)[nH]2)[C@@H](O)[C@H](Oc2ccc3c(O)c(C4=NOC4CN)c(=O)oc3c2C)OC1(C)C,True,1.62034,40.0,557.5560000000003,4.843727344304496,0.5532774328523464,0.5532774328523464,-7.5,4
73,CO[C@@H]1[C@@H](OC(=O)c2ccc(C)[nH]2)[C@@H](O)[C@H](Oc2ccc3c(O)c(CC(CN)CO)c(=O)oc3c2C)OC1(C)C,True,1.66844,40.0,560.6000000000003,4.678145509442109,0.5519580144042966,0.5519580144042966,-6.7,4
74,CO[C@@H]1[C@@H](OC(=O)c2ccc(C)[nH]2)[C@@H](O)[C@H](Oc2ccc3c(O)c(C(N)CCO)c(=O)oc3c2C)OC1(C)C,True,1.94094,39.0,546.5730000000003,4.618513707596068,0.569551849581765,0.569551849581765,-7.1,4
74,CO[C@@H]1[C@@H](OC(=O)c2ccc(C)[nH]2)[C@@H](O)[C@H](Oc2ccc3c(O)c(C(N)C(O)CO)c(=O)oc3c2C)OC1(C)C,True,0.91174,40.0,562.5720000000002,4.8144762325109856,0.5481977068498078,0.5481977068498078,-7.4,4
75,CO[C@@H]1[C@@H](OC(=O)c2ccc(C)[nH]2)[C@@H](O)[C@H](Oc2ccc3c(O)c(NCC(=O)N4CC(O)C4)c(=O)oc3c2C)OC1(C)C,True,1.173739999999999,43.0,601.6090000000002,4.565274894586134,0.5220632946249604,0.5220632946249604,-7.9,4
88,CO[C@@H]1[C@@H](OC(=O)c2ccc(C)[nH]2)[C@@H](O)[C@H](Oc2ccc3c(O)c(C(N)C(C)O)c(=O)oc3c2C)OC1(C)C,True,1.93934,39.0,546.5730000000002,4.722507985255873,0.5652000493072389,0.5652000493072389,-7.4,4
89,CO[C@@H]1[C@@H](OC(=O)c2ccc(C)[nH]2)[C@@H](O)[C@H](Oc2ccc3c(O)c(COc4ccc(N)cc4)c(=O)oc3c2C)OC1(C)C,True,3.719940000000002,43.0,594.6170000000002,4.360077947641676,0.6304015107116616,0.6304015107116616,-8.3,4
90,CO[C@@H]1[C@@H](OC(=O)c2ccc(C)[nH]2)[C@@H](O)[C@H](Oc2ccc3c(O)c(Nc4cccc(C)c4)c(=O)oc3c2C)OC1(C)C,True,4.610760000000004,42.0,578.6180000000002,4.349278842196114,0.5874197600184389,0.5874197600184389,-8.5,4
91,CO[C@@H]1[C@@H](OC(=O)c2ccc(C)[nH]2)[C@@H](O)[C@H](Oc2ccc3c(O)c(NCCC(O)O)c(=O)oc3c2C)OC1(C)C,True,1.6714399999999998,40.0,562.5720000000002,4.586027228040952,0.5653955635147986,0.5653955635147986,-7.3,4
91,CO[C@@H]1[C@@H](OC(=O)c2ccc(C)[nH]2)[C@@H](O)[C@H](Oc2ccc3c(O)c(COC(=O)CCNC(=O)CN)c(=O)oc3c2C)OC1(C)C,True,1.066940000000001,45.0,631.6350000000002,4.524468592443038,0.4823689674048708,0.4823689674048708,-7.6,4
97,CO[C@@H]1[C@@H](OC(=O)c2ccc(C)[nH]2)[C@@H](O)[C@H](Oc2ccc3c(O)c(C(=O)N(C)CCN)c(=O)oc3c2C)OC1(C)C,True,1.5894399999999995,41.0,573.5990000000003,4.500934654667834,0.5419010180356751,0.5419010180356751,-5.6,4
100,CO[C@@H]1[C@@H](OC(=O)c2ccc(C)[nH]2)[C@@H](O)[C@H](Oc2ccc3c(O)c(CC(C)(C)N)c(=O)oc3c2C)OC1(C)C,True,2.838540000000001,39.0,544.6010000000003,4.517153122668423,0.7524556786279615,0.7524556786279615,-7.3,4
102,COC(=O)C(N)c1c(O)c2ccc(O[C@@H]3OC(C)(C)[C@H](OC)[C@@H](OC(=O)c4ccc(C)[nH]4)[C@H]3O)c(C)c2oc1=O,True,1.7315399999999992,40.0,560.5560000000003,4.6325755494326994,0.558014029935978,0.558014029935978,-6.7,4
113,CO[C@@H]1[C@@H](OC(=O)c2ccc(C)[nH]2)[C@@H](O)[C@H](Oc2ccc3c(O)c(C(O)C(CO)NC(=O)CN)c(=O)oc3c2C)OC1(C)C,True,0.0279400000000014,44.0,619.6240000000001,4.871967376463605,0.4856896138563642,0.4856896138563642,-7.3,4
118,CO[C@@H]1[C@@H](OC(=O)c2ccc(C)[nH]2)[C@@H](O)[C@H](Oc2ccc3c(O)c(OCC(C)N)c(=O)oc3c2C)OC1(C)C,True,2.28474,39.0,546.5730000000003,4.574381051572846,0.5725733915977006,0.5725733915977006,-6.8,4
122,CO[C@@H]1[C@@H](OC(=O)c2ccc(C)[nH]2)[C@@H](O)[C@H](Oc2ccc3c(O)c(C(=O)C(C)O)c(=O)oc3c2C)OC1(C)C,True,2.12224,39.0,545.5410000000003,4.590660782031067,0.5716552393265124,0.5716552393265124,-5.7,4
122,CO[C@@H]1[C@@H](OC(=O)c2ccc(C)[nH]2)[C@@H](O)[C@H](Oc2ccc3c(O)c(CC(C)O)c(=O)oc3c2C)OC1(C)C,True,2.4820400000000005,38.0,531.5580000000003,4.554339266521831,0.5883220721287428,0.5883220721287428,-7.2,4
138,CO[C@@H]1[C@@H](OC(=O)c2ccc(C)[nH]2)[C@@H](O)[C@H](Oc2ccc3c(O)c(C4=NO[C@@H]4CN)c(=O)oc3c2C)OC1(C)C,True,1.62034,40.0,557.5560000000003,4.843727344304496,0.5532774328523464,0.5532774328523464,-6.5,4
142,CO[C@@H]1[C@@H](OC(=O)c2ccc(C)[nH]2)[C@@H](O)[C@H](Oc2ccc3c(O)c(C(C)(N)CO)c(=O)oc3c2C)OC1(C)C,True,1.7249399999999997,39.0,546.5730000000003,4.735699902910188,0.5694987323162812,0.3796658215441875,-7.3,4
143,CO[C@@H]1[C@@H](OC(=O)c2ccc(C)[nH]2)[C@@H](O)[C@H](Oc2ccc3c(O)c(C4CN(CC(N)=O)CC4NC(=O)CN)c(=O)oc3c2C)OC1(C)C,True,-0.1132599999999965,48.0,671.7040000000001,4.989317550946879,0.4272927228948296,0.4272927228948296,-8.0,4
155,CO[C@@H]1[C@@H](OC(=O)c2ccc(C)[nH]2)[C@@H](O)[C@H](Oc2ccc3c(O)c(CC(N)C(O)CO)c(=O)oc3c2C)OC1(C)C,True,0.7817399999999997,41.0,576.5990000000003,4.818423369349135,0.531890048240349,0.531890048240349,-7.6,4
201,CO[C@@H]1[C@@H](OC(=O)c2ccc(C)[nH]2)[C@@H](O)[C@H](Oc2ccc3c(O)c(CCCC(N)=O)c(=O)oc3c2C)OC1(C)C,True,2.36674,40.0,558.5840000000003,4.4209226408849895,0.5633716252527476,0.5633716252527476,-6.9,4
228,CO[C@@H]1[C@@H](OC(=O)c2ccc(C)[nH]2)[C@@H](O)[C@H](Oc2ccc3c(O)c(CN4CC(N)(CO)C4)c(=O)oc3c2C)OC1(C)C,True,1.06414,42.0,587.6260000000003,4.67697091953801,0.5218623697858759,0.5218623697858759,-7.0,4
229,CO[C@@H]1[C@@H](OC(=O)c2ccc(C)[nH]2)[C@@H](O)[C@H](Oc2ccc3c(O)c(S(=O)(=O)N(C)CCO)c(=O)oc3c2C)OC1(C)C,True,1.17154,42.0,610.6380000000001,4.564532884354749,0.5039960984268692,0.5039960984268692,-5.9,4
246,CO[C@@H]1[C@@H](OC(=O)c2ccc(C)[nH]2)[C@@H](O)[C@H](Oc2ccc3c(O)c(CCCCCO)c(=O)oc3c2C)OC1(C)C,True,3.263840000000002,40.0,559.6120000000003,4.398112332294497,0.707163279793835,0.2357210932646117,-7.4,4
247,CO[C@@H]1[C@@H](OC(=O)c2ccc(C)[nH]2)[C@@H](O)[C@H](Oc2ccc3c(O)c(CS(=O)(=O)CC(=O)NCN)c(=O)oc3c2C)OC1(C)C,True,0.5059400000000012,44.0,637.6640000000002,4.693401602434655,0.4718843431533402,0.4718843431533402,-7.8,4
262,CO[C@@H]1[C@@H](OC(=O)c2ccc(C)[nH]2)[C@@H](O)[C@H](Oc2ccc3c(O)c(CC(=O)NNC(=O)CC(N)CO)c(=O)oc3c2C)OC1(C)C,True,-0.0416599999999975,46.0,646.6500000000002,4.756550805274637,0.4627450416814468,0.4627450416814468,-7.4,4
283,CO[C@@H]1[C@@H](OC(=O)c2ccc(C)[nH]2)[C@@H](O)[C@H](Oc2ccc3c(O)c(CC(CO)CO)c(=O)oc3c2C)OC1(C)C,True,1.70204,40.0,561.5840000000003,4.561215936580119,0.5585869912287065,0.5585869912287065,-7.0,4
286,CO[C@@H]1[C@@H](OC(=O)c2ccc(C)[nH]2)[C@@H](O)[C@H](Oc2ccc3c(O)c(CN(C)CCO)c(=O)oc3c2C)OC1(C)C,True,1.98284,40.0,560.6000000000003,4.46748128590969,0.5578515628060272,0.5578515628060272,-7.5,4
293,CO[C@@H]1[C@@H](OC(=O)c2ccc(C)[nH]2)[C@@H](O)[C@H](Oc2ccc3c(O)c(CC(=O)N(C)CCO)c(=O)oc3c2C)OC1(C)C,True,1.5519399999999994,42.0,588.6100000000002,4.494484684720197,0.5284433069514831,0.5284433069514831,-6.1,4
296,CO[C@@H]1[C@@H](OC(=O)c2ccc(C)[nH]2)[C@@H](O)[C@H](Oc2ccc3c(O)c(CS(=O)(=O)CC(N)=O)c(=O)oc3c2C)OC1(C)C,True,0.9588399999999996,42.0,608.6220000000002,4.589219473871427,0.5054337144452725,0.5054337144452725,-6.7,4
316,CO[C@@H]1[C@@H](OC(=O)c2ccc(C)[nH]2)[C@@H](O)[C@H](Oc2ccc3c(O)c(CNC(=O)CCCCN)c(=O)oc3c2C)OC1(C)C,True,2.30394,43.0,601.6530000000002,4.426079758692039,0.514420862421049,0.514420862421049,-7.6,4
333,CO[C@@H]1[C@@H](OC(=O)c2ccc(C)[nH]2)[C@@H](O)[C@H](Oc2ccc3c(O)c(CS(C)(=O)=O)c(=O)oc3c2C)OC1(C)C,True,2.10334,39.0,565.5970000000002,4.452591803987103,0.5570471662606039,0.5570471662606039,-6.9,4
343,CO[C@@H]1[C@@H](OC(=O)c2ccc(C)[nH]2)[C@@H](O)[C@H](Oc2ccc3c(O)c(CSCC(=O)NNC(=O)CN)c(=O)oc3c2C)OC1(C)C,True,0.898040000000001,45.0,648.6910000000001,4.622371031467428,0.4625987608770783,0.4625987608770783,-7.6,4
345,CO[C@@H]1[C@@H](OC(=O)c2ccc(C)[nH]2)[C@@H](O)[C@H](Oc2ccc3c(O)c(CC(=O)OCCN)c(=O)oc3c2C)OC1(C)C,True,1.6031399999999991,41.0,574.5830000000003,4.475233143678821,0.5426908234081222,0.5426908234081222,-6.8,4
351,CO[C@@H]1[C@@H](OC(=O)c2ccc(C)[nH]2)[C@@H](O)[C@H](Oc2ccc3c(O)c(CC(=O)NNC(=O)CCOCCN)c(=O)oc3c2C)OC1(C)C,True,0.6140400000000008,47.0,660.6770000000001,4.602867034132439,0.4501271794771695,0.4501271794771695,-7.2,4
356,CO[C@@H]1[C@@H](OC(=O)c2ccc(C)[nH]2)[C@@H](O)[C@H](Oc2ccc3c(O)c(CC(=O)COCC(=O)NN)c(=O)oc3c2C)OC1(C)C,True,0.6768400000000003,44.0,617.6080000000002,4.628259870049392,0.4953476688689475,0.4953476688689475,-8.2,4
370,CO[C@@H]1[C@@H](OC(=O)c2ccc(C)[nH]2)[C@@H](O)[C@H](Oc2ccc3c(O)c(CN4CCOCC4)c(=O)oc3c2C)OC1(C)C,True,2.3909400000000005,41.0,572.6110000000003,4.390742346975523,0.5453231349991714,0.5453231349991714,-7.9,4
372,CO[C@@H]1[C@@H](OC(=O)c2ccc(C)[nH]2)[C@@H](O)[C@H](Oc2ccc3c(O)c(NC(=O)NC(N)=O)c(=O)oc3c2C)OC1(C)C,True,1.7589399999999993,41.0,574.5430000000002,4.4739334072665855,0.561056987646926,0.561056987646926,-7.4,4
372,CO[C@@H]1[C@@H](OC(=O)c2ccc(C)[nH]2)[C@@H](O)[C@H](Oc2ccc3c(O)c(OCC(N)CO)c(=O)oc3c2C)OC1(C)C,True,1.25714,40.0,562.5720000000002,4.630026949103366,0.5543167818346236,0.5543167818346236,-7.5,4
375,CO[C@@H]1[C@@H](OC(=O)c2ccc(C)[nH]2)[C@@H](O)[C@H](Oc2ccc3c(O)c(CC(=O)NCC(O)CN)c(=O)oc3c2C)OC1(C)C,True,0.5370400000000004,43.0,603.6250000000002,4.644878513373969,0.5076158107297045,0.5076158107297045,-7.2,4
389,CO[C@@H]1[C@@H](OC(=O)c2ccc(C)[nH]2)[C@@H](O)[C@H](Oc2ccc3c(O)c(CN(CCO)C(=O)C(O)CN)c(=O)oc3c2C)OC1(C)C,True,0.1992400000000012,45.0,633.6510000000002,4.83774199183934,0.467551108446263,0.467551108446263,-7.5,4
399,CNC(=O)C(N)Cc1c(O)c2ccc(O[C@@H]3OC(C)(C)[C@H](OC)[C@@H](OC(=O)c4ccc(C)[nH]4)[C@H]3O)c(C)c2oc1=O,True,1.174540000000001,41.0,573.5990000000003,4.614420953769118,0.54256721908975,0.54256721908975,-7.8,4
411,CO[C@@H]1[C@@H](OC(=O)c2ccc(C)[nH]2)[C@@H](O)[C@H](Oc2ccc3c(O)c(-c4ccccc4N)c(=O)oc3c2C)OC1(C)C,True,3.807940000000002,41.0,564.5910000000002,4.357556710488119,0.6532943361447409,0.6532943361447409,-8.5,4
411,CO[C@@H]1[C@@H](OC(=O)c2ccc(C)[nH]2)[C@@H](O)[C@H](Oc2ccc3c(O)c(CCNC(=O)CCS(=O)(=O)NCCN)c(=O)oc3c2C)OC1(C)C,True,0.4856400000000029,48.0,694.76,4.66637268416515,0.4274536228915681,0.4274536228915681,-8.2,4
418,CO[C@@H]1[C@@H](OC(=O)c2ccc(C)[nH]2)[C@@H](O)[C@H](Oc2ccc3c(O)c(SCC(=O)NCC(=O)NCCN)c(=O)oc3c2C)OC1(C)C,True,0.8419400000000009,46.0,662.7180000000001,4.572727093164738,0.4477104704708384,0.4477104704708384,-7.2,4
422,CO[C@@H]1[C@@H](OC(=O)c2ccc(C)[nH]2)[C@@H](O)[C@H](Oc2ccc3c(O)c(NC(=O)NC(=O)CO)c(=O)oc3c2C)OC1(C)C,True,1.19914,42.0,589.5540000000002,4.498993186744489,0.5478386006714199,0.5478386006714199,-7.1,4
422,CO[C@@H]1[C@@H](OC(=O)c2ccc(C)[nH]2)[C@@H](O)[C@H](Oc2ccc3c(O)c(NCCF)c(=O)oc3c2C)OC1(C)C,True,2.9401400000000013,38.0,534.5370000000003,4.524086298334329,0.766449030905567,0.766449030905567,-7.0,4
425,CO[C@@H]1[C@@H](OC(=O)c2ccc(C)[nH]2)[C@@H](O)[C@H](Oc2ccc3c(O)c(C4[C@@H](O)CN4C(O)CN)c(=O)oc3c2C)OC1(C)C,True,0.5534399999999999,43.0,603.6250000000001,5.184267059920372,0.4904712389868171,0.4904712389868171,-7.8,4
429,CO[C@@H]1[C@@H](OC(=O)c2ccc(C)[nH]2)[C@@H](O)[C@H](Oc2ccc3c(O)c(C4CN(C(=O)CN)C4)c(=O)oc3c2C)OC1(C)C,True,1.4432399999999996,42.0,585.6100000000002,4.58901019079307,0.5258032595434262,0.5258032595434262,-7.5,4
431,CNCCC(=O)NCc1c(O)c2ccc(O[C@@H]3OC(C)(C)[C@H](OC)[C@@H](OC(=O)c4ccc(C)[nH]4)[C@H]3O)c(C)c2oc1=O,True,1.7844399999999996,42.0,587.6260000000002,4.440844547420426,0.5302126112679229,0.5302126112679229,-7.5,4
436,CO[C@@H]1[C@@H](OC(=O)c2ccc(C)[nH]2)[C@@H](O)[C@H](Oc2ccc3c(O)c(C(N)C(=O)NCC(=O)O)c(=O)oc3c2C)OC1(C)C,True,0.7593400000000012,43.0,603.5810000000001,4.665744775361318,0.5094956166021319,0.5094956166021319,-6.3,4
459,CO[C@@H]1[C@@H](OC(=O)c2ccc(C)[nH]2)[C@@H](O)[C@H](Oc2ccc3c(O)c(C(C#N)CN)c(=O)oc3c2C)OC1(C)C,True,2.12462,39.0,541.5570000000004,4.750054781616387,0.567933488121,0.567933488121,-7.0,4
460,CO[C@@H]1[C@@H](OC(=O)c2ccc(C)[nH]2)[C@@H](O)[C@H](Oc2ccc3c(O)c(CN(C)C(=O)CN)c(=O)oc3c2C)OC1(C)C,True,1.47584,41.0,573.5990000000003,4.508732159865338,0.5417277401423973,0.5417277401423973,-7.5,4
460,CO[C@@H]1[C@@H](OC(=O)c2ccc(C)[nH]2)[C@@H](O)[C@H](Oc2ccc3c(O)c(CN(C)Cc4ccccc4)c(=O)oc3c2C)OC1(C)C,True,4.190740000000004,44.0,606.6720000000001,4.344028520742961,0.5795950374976357,0.5795950374976357,-7.8,4
468,CO[C@@H]1[C@@H](OC(=O)c2ccc(C)[nH]2)[C@@H](O)[C@H](Oc2ccc3c(O)c(CN(C)CCN)c(=O)oc3c2C)OC1(C)C,True,1.9492399999999992,40.0,559.6160000000003,4.495373029028954,0.555800964396342,0.555800964396342,-6.0,4
479,CO[C@@H]1[C@@H](OC(=O)c2ccc(C)[nH]2)[C@@H](O)[C@H](Oc2ccc3c(O)c(CC(=O)NCCN(C)C)c(=O)oc3c2C)OC1(C)C,True,1.7790399999999993,43.0,601.6530000000002,4.437827557308026,0.5164599510591452,0.5164599510591452,-7.4,4
487,CO[C@@H]1[C@@H](OC(=O)c2ccc(C)[nH]2)[C@@H](O)[C@H](Oc2ccc3c(O)c(CC(=O)NC[C@H](O)CN)c(=O)oc3c2C)OC1(C)C,True,0.5370400000000004,43.0,603.6250000000002,4.644878513373969,0.5076158107297045,0.5076158107297045,-7.6,4
490,CO[C@@H]1[C@@H](OC(=O)c2ccc(C)[nH]2)[C@@H](O)[C@H](Oc2ccc3c(O)c(CN(C)C(=O)CCNC(=O)CN)c(=O)oc3c2C)OC1(C)C,True,0.9821400000000012,46.0,644.6780000000002,4.565682618439464,0.4664365365944302,0.4664365365944302,-6.9,4
518,CO[C@@H]1[C@@H](OC(=O)c2ccc(C)[nH]2)[C@@H](O)[C@H](Oc2ccc3c(O)c(CC(=O)N4CCCCC4)c(=O)oc3c2C)OC1(C)C,True,3.1137400000000017,43.0,598.6490000000003,4.381203222366951,0.6750446666120224,0.6750446666120224,-7.0,4
527,CO[C@@H]1[C@@H](OC(=O)c2ccc(C)[nH]2)[C@@H](O)[C@H](Oc2ccc3c(O)c(CC(=O)N(C)C(=O)CN)c(=O)oc3c2C)OC1(C)C,True,1.0449400000000004,43.0,601.6090000000003,4.655911325926676,0.5108610328944004,0.5108610328944004,-7.0,4
545,CO[C@@H]1[C@@H](OC(=O)c2ccc(C)[nH]2)[C@@H](O)[C@H](Oc2ccc3c(O)c(COCC(=O)NC[C@H](O)CN)c(=O)oc3c2C)OC1(C)C,True,0.511140000000001,45.0,633.6510000000002,4.730146940629055,0.4707576039777453,0.4707576039777453,-7.5,4
552,CO[C@@H]1[C@@H](OC(=O)c2ccc(C)[nH]2)[C@@H](O)[C@H](Oc2ccc3c(O)c(S(=O)(=O)N(C)CCN)c(=O)oc3c2C)OC1(C)C,True,1.1379400000000002,42.0,609.6540000000001,4.589036900692395,0.5021139960393691,0.5021139960393691,-6.9,4
583,CO[C@@H]1[C@@H](OC(=O)c2ccc(C)[nH]2)[C@@H](O)[C@H](Oc2ccc3c(O)c(OCCOCCN)c(=O)oc3c2C)OC1(C)C,True,1.912839999999999,41.0,576.5990000000004,4.457404634245777,0.5399126867982014,0.5399126867982014,-6.8,4
603,CO[C@@H]1[C@@H](OC(=O)c2ccc(C)[nH]2)[C@@H](O)[C@H](Oc2ccc3c(O)c([C@](C)(O)CN)c(=O)oc3c2C)OC1(C)C,True,1.7249399999999997,39.0,546.5730000000002,4.761245397415683,0.5663800342524403,0.5663800342524403,-6.7,4
620,CO[C@@H]1[C@@H](OC(=O)c2ccc(C)[nH]2)[C@@H](O)[C@H](Oc2ccc3c(O)c(CN4CCN(C)CC4)c(=O)oc3c2C)OC1(C)C,True,2.30614,42.0,585.6540000000003,4.396953775883117,0.5323348569402506,0.5323348569402506,-7.0,4
629,CO[C@@H]1[C@@H](OC(=O)c2ccc(C)[nH]2)[C@@H](O)[C@H](Oc2ccc3c(O)c(C(N)(CO)CNCCO)c(=O)oc3c2C)OC1(C)C,True,0.2869400000000013,43.0,605.6410000000002,4.930940051835506,0.4992726807562299,0.4992726807562299,-6.7,4
692,CO[C@@H]1[C@@H](OC(=O)c2ccc(C)[nH]2)[C@@H](O)[C@H](Oc2ccc3c(O)c(C(N)(F)CO)c(=O)oc3c2C)OC1(C)C,True,1.63204,39.0,550.5360000000003,4.818577705107989,0.5612015494728521,0.5612015494728521,-6.5,4
821,CO[C@@H]1[C@@H](OC(=O)c2ccc(C)[nH]2)[C@@H](O)[C@H](Oc2ccc3c(O)c(Cc4cccc(N)c4)c(=O)oc3c2C)OC1(C)C,True,3.731740000000002,42.0,578.6180000000003,4.373662396572772,0.6457026920071944,0.6457026920071944,-7.7,4
821,CO[C@@H]1[C@@H](OC(=O)c2ccc(C)[nH]2)[C@@H](O)[C@H](Oc2ccc3c(O)c(C4(N)CC(O)C4O)c(=O)oc3c2C)OC1(C)C,True,0.838239999999999,41.0,574.5830000000002,5.059623445621775,0.5288962914457537,0.5288962914457537,-6.5,4
823,CO[C@@H]1[C@@H](OC(=O)c2ccc(C)[nH]2)[C@@H](O)[C@H](Oc2ccc3c(O)c(NC(=O)C(C)O)c(=O)oc3c2C)OC1(C)C,True,1.87804,40.0,560.5560000000002,4.55875631866347,0.5744394035229646,0.5744394035229646,-8.2,4
831,CO[C@@H]1[C@@H](OC(=O)c2ccc(C)[nH]2)[C@@H](O)[C@H](Oc2ccc3c(O)c(CS(=O)(=O)CCNC(=O)CN)c(=O)oc3c2C)OC1(C)C,True,0.5484400000000011,45.0,651.6910000000003,4.62527716439887,0.4574067305189467,0.4574067305189467,-8.1,4
851,COC(=O)C(O)c1c(O)c2ccc(O[C@@H]3OC(C)(C)[C@H](OC)[C@@H](OC(=O)c4ccc(C)[nH]4)[C@H]3O)c(C)c2oc1=O,True,1.7651399999999997,40.0,561.5400000000003,4.6072614468685975,0.5576071074204348,0.5576071074204348,-6.6,4
906,CO[C@@H]1[C@@H](OC(=O)c2ccc(C)[nH]2)[C@@H](O)[C@H](Oc2ccc3c(O)c(-c4ccccc4CO)c(=O)oc3c2C)OC1(C)C,True,3.718040000000003,42.0,579.6020000000002,4.371100858111233,0.6487406051515112,0.6487406051515112,-6.5,4
907,CO[C@@H]1[C@@H](OC(=O)c2ccc(C)[nH]2)[C@@H](O)[C@H](Oc2ccc3c(O)c(CNC(=O)COCCCNC(=O)CN)c(=O)oc3c2C)OC1(C)C,True,0.656540000000003,48.0,674.7040000000001,4.5787033973451,0.4316600150373258,0.4316600150373258,-8.0,4
920,CO[C@@H]1[C@@H](OC(=O)c2ccc(C)[nH]2)[C@@H](O)[C@H](Oc2ccc3c(O)c(C4(CN)COC4)c(=O)oc3c2C)OC1(C)C,True,1.78544,40.0,558.5840000000003,4.671813678287954,0.5540849286598295,0.5540849286598295,-6.4,4
928,CO[C@@H]1[C@@H](OC(=O)c2ccc(C)[nH]2)[C@@H](O)[C@H](Oc2ccc3c(O)c(NCCCO)c(=O)oc3c2C)OC1(C)C,True,2.35304,39.0,546.5730000000003,4.439098440528133,0.5872600886907288,0.5872600886907288,-7.1,4
967,CO[C@@H]1[C@@H](OC(=O)c2ccc(C)[nH]2)[C@@H](O)[C@H](Oc2ccc3c(O)c(NCc4ccc(F)cc4)c(=O)oc3c2C)OC1(C)C,True,4.309940000000003,43.0,596.6080000000002,4.345610462185953,0.5927885183913892,0.5927885183913892,-8.1,4
990,CO[C@@H]1[C@@H](OC(=O)c2ccc(C)[nH]2)[C@@H](O)[C@H](Oc2ccc3c(O)c(CNC(=O)C(N)CCO)c(=O)oc3c2C)OC1(C)C,True,0.8846400000000006,43.0,603.6250000000002,4.632203957160951,0.5078974675344383,0.5078974675344383,-7.3,4
995,CO[C@@H]1[C@@H](OC(=O)c2ccc(C)[nH]2)[C@@H](O)[C@H](Oc2ccc3c(O)c(C4(O)CC(N)C4)c(=O)oc3c2C)OC1(C)C,True,1.8674399999999995,40.0,558.5840000000003,4.669174593366758,0.553335494183331,0.368890329455554,-8.1,4
997,CO[C@@H]1[C@@H](OC(=O)c2ccc(C)[nH]2)[C@@H](O)[C@H](Oc2ccc3c(O)c(COC(=O)NCCO)c(=O)oc3c2C)OC1(C)C,True,1.7772399999999997,42.0,590.5820000000002,4.470938861801696,0.5278157695258467,0.5278157695258467,-7.6,4
18,CO[C@@H]1[C@@H](OC(=O)c2ccc(C)[nH]2)[C@@H](O)[C@H](Oc2ccc3c(O)c(C4(O)CN(CCN)C4)c(=O)oc3c2C)OC1(C)C,True,1.0206400000000002,42.0,587.6260000000003,4.697605332493476,0.5202835882914376,0.5202835882914376,-7.0,4
28,CO[C@@H]1[C@@H](OC(=O)c2ccc(C)[nH]2)[C@@H](O)[C@H](Oc2ccc3c(O)c(OCC4(N)CO4)c(=O)oc3c2C)OC1(C)C,True,1.6227399999999994,40.0,560.5560000000003,4.824481571545144,0.554001976919338,0.554001976919338,-7.4,4
44,CO[C@@H]1[C@@H](OC(=O)c2ccc(C)[nH]2)[C@@H](O)[C@H](Oc2ccc3c(O)c(C4(O)CCC4)c(=O)oc3c2C)OC1(C)C,True,2.9302400000000013,39.0,543.5690000000003,4.527379732662202,0.7437582125118946,0.7437582125118946,-5.7,4
48,CO[C@@H]1[C@@H](OC(=O)c2ccc(C)[nH]2)[C@@H](O)[C@H](Oc2ccc3c(O)c(C(O)C4(O)C(N)C4CO)c(=O)oc3c2C)OC1(C)C,True,0.2726399999999993,43.0,604.6090000000002,5.257541160578999,0.4911085501851038,0.4911085501851038,-7.4,4
57,C=CCNc1c(O)c2ccc(O[C@@H]3OC(C)(C)[C@H](OC)[C@@H](OC(=O)c4ccc(C)[nH]4)[C@H]3O)c(C)c2oc1=O,True,3.156640000000001,38.0,528.5580000000002,4.507237925553263,0.757311374785678,0.757311374785678,-7.1,4
59,CO[C@@H]1[C@@H](OC(=O)c2ccc(C)[nH]2)[C@@H](O)[C@H](Oc2ccc3c(O)c(S(=O)(=O)NCCNC(=O)OCCN)c(=O)oc3c2C)OC1(C)C,True,0.5219400000000016,47.0,682.705,4.668147632857841,0.4293946990678055,0.4293946990678055,-7.7,4
65,CO[C@@H]1[C@@H](OC(=O)c2ccc(C)[nH]2)[C@@H](O)[C@H](Oc2ccc3c(O)c(C4OCC4N)c(=O)oc3c2C)OC1(C)C,True,1.95734,39.0,544.5570000000002,4.850742003947461,0.5619284480786714,0.5619284480786714,-7.2,4
65,CO[C@@H]1[C@@H](OC(=O)c2ccc(C)[nH]2)[C@@H](O)[C@H](Oc2ccc3c(O)c(CCNC(=O)NCCO)c(=O)oc3c2C)OC1(C)C,True,1.3927399999999994,43.0,603.6250000000002,4.475755769122287,0.5160664016276052,0.5160664016276052,-7.1,4
78,CO[C@@H]1[C@@H](OC(=O)c2ccc(C)[nH]2)[C@@H](O)[C@H](Oc2ccc3c(O)c(-c4noc(=O)n4CCNC(=O)CN)c(=O)oc3c2C)OC1(C)C,True,0.4503400000000008,47.0,657.6330000000002,4.752386175456231,0.4492546615933346,0.4492546615933346,-6.8,4
82,CO[C@@H]1[C@@H](OC(=O)c2ccc(C)[nH]2)[C@@H](O)[C@H](Oc2ccc3c(O)c(-c4ccc(C(=O)NN)cc4)c(=O)oc3c2C)OC1(C)C,True,2.8292400000000013,44.0,607.6160000000001,4.377304968587218,0.7024801306606164,0.4683200871070777,-8.1,4
86,CO[C@@H]1[C@@H](OC(=O)c2ccc(C)[nH]2)[C@@H](O)[C@H](Oc2ccc3c(O)c(C(O)(CN)CNCCO)c(=O)oc3c2C)OC1(C)C,True,0.2869400000000017,43.0,605.6410000000002,4.904059578462727,0.4987528084917422,0.4987528084917422,-7.1,4
102,C#CC(N)(CO)c1c(O)c2ccc(O[C@@H]3OC(C)(C)[C@H](OC)[C@@H](OC(=O)c4ccc(C)[nH]4)[C@H]3O)c(C)c2oc1=O,True,1.3382399999999994,40.0,556.5680000000002,4.954890934048086,0.5497805298728229,0.5497805298728229,-6.2,4
108,CO[C@@H]1[C@@H](OC(=O)c2ccc(C)[nH]2)[C@@H](O)[C@H](Oc2ccc3c(O)c(S(=O)(=O)NCCCN)c(=O)oc3c2C)OC1(C)C,True,1.18584,42.0,609.6540000000001,4.536569704963111,0.5052216812950576,0.5052216812950576,-6.0,4
112,CO[C@@H]1[C@@H](OC(=O)c2ccc(C)[nH]2)[C@@H](O)[C@H](Oc2ccc3c(O)c(OC[C@@H](C)N)c(=O)oc3c2C)OC1(C)C,True,2.28474,39.0,546.5730000000003,4.574381051572846,0.5725733915977006,0.5725733915977006,-6.9,4
120,CO[C@@H]1[C@@H](OC(=O)c2ccc(C)[nH]2)[C@@H](O)[C@H](Oc2ccc3c(O)c(NC[C@@H]4CO4)c(=O)oc3c2C)OC1(C)C,True,2.36944,39.0,544.5570000000002,4.624816686313701,0.5836858527980182,0.5836858527980182,-7.2,4
122,CO[C@@H]1[C@@H](OC(=O)c2ccc(C)[nH]2)[C@@H](O)[C@H](Oc2ccc3c(O)c(Nc4ccc(F)cc4)c(=O)oc3c2C)OC1(C)C,True,4.441440000000003,42.0,582.5810000000001,4.330654571639085,0.596930557770839,0.596930557770839,-7.6,4
125,CO[C@@H]1[C@@H](OC(=O)c2ccc(C)[nH]2)[C@@H](O)[C@H](Oc2ccc3c(O)c(OCCN(C)N)c(=O)oc3c2C)OC1(C)C,True,1.7430399999999997,40.0,561.5880000000003,4.558511490567417,0.552455030330408,0.552455030330408,-7.1,4
136,CO[C@@H]1[C@@H](OC(=O)c2ccc(C)[nH]2)[C@@H](O)[C@H](Oc2ccc3c(O)c(C(O)C(N)C#N)c(=O)oc3c2C)OC1(C)C,True,1.44302,40.0,557.5560000000002,4.908482642767395,0.5455247007296417,0.5455247007296417,-7.5,4
155,CO[C@@H]1[C@@H](OC(=O)c2ccc(C)[nH]2)[C@@H](O)[C@H](Oc2ccc3c(O)c(CCNCC(O)CN)c(=O)oc3c2C)OC1(C)C,True,1.0104400000000004,42.0,589.6420000000003,4.674540453319144,0.5196157950712875,0.5196157950712875,-7.2,4
155,CO[C@@H]1[C@@H](OC(=O)c2ccc(C)[nH]2)[C@@H](O)[C@H](Oc2ccc3c(O)c(C(N)C(O)CNCCO)c(=O)oc3c2C)OC1(C)C,True,0.501340000000001,43.0,605.6410000000002,4.892223772389138,0.4990158264044886,0.4990158264044886,-8.1,4
159,CO[C@@H]1[C@@H](OC(=O)c2ccc(C)[nH]2)[C@@H](O)[C@H](Oc2ccc3c(O)c(CS(=O)(=O)NCC(O)CN)c(=O)oc3c2C)OC1(C)C,True,0.2977400000000005,44.0,639.6800000000002,4.783368654169633,0.466802731872621,0.466802731872621,-7.0,4
170,CO[C@@H]1[C@@H](OC(=O)c2ccc(C)[nH]2)[C@@H](O)[C@H](Oc2ccc3c(O)c(NC(=O)CCc4ccc(C)cc4)c(=O)oc3c2C)OC1(C)C,True,4.438460000000004,46.0,634.6820000000001,4.332903635520021,0.5492347171883053,0.5492347171883053,-8.5,4
177,CO[C@@H]1[C@@H](OC(=O)c2ccc(C)[nH]2)[C@@H](O)[C@H](Oc2ccc3c(O)c(S(=O)(=O)NCCNC(=O)C(C)N)c(=O)oc3c2C)OC1(C)C,True,0.3004400000000031,46.0,666.706,4.7287269680537936,0.439259013919184,0.2928393426127894,-6.8,4
188,CO[C@@H]1[C@@H](OC(=O)c2ccc(C)[nH]2)[C@@H](O)[C@H](Oc2ccc3c(O)c(CCCl)c(=O)oc3c2C)OC1(C)C,True,3.340040000000002,37.0,535.9770000000003,4.434381764027831,0.7261325406899526,0.7261325406899526,-7.1,4
226,C#CC(N)Cc1c(O)c2ccc(O[C@@H]3OC(C)(C)[C@H](OC)[C@@H](OC(=O)c4ccc(C)[nH]4)[C@H]3O)c(C)c2oc1=O,True,2.06174,39.0,540.5690000000002,4.782266682922629,0.5681910671067509,0.5681910671067509,-7.3,4
287,CCOCCc1c(O)c2ccc(O[C@@H]3OC(C)(C)[C@H](OC)[C@@H](OC(=O)c4ccc(C)[nH]4)[C@H]3O)c(C)c2oc1=O,True,3.137740000000001,39.0,545.5850000000003,4.415405989054372,0.7282581866514061,0.7282581866514061,-7.2,4
301,CO[C@@H]1[C@@H](OC(=O)c2ccc(C)[nH]2)[C@@H](O)[C@H](Oc2ccc3c(O)c(OCCCCN)c(=O)oc3c2C)OC1(C)C,True,2.6764400000000013,40.0,560.6000000000004,4.382767017609182,0.750305762020622,0.750305762020622,-7.3,4
446,CO[C@@H]1[C@@H](OC(=O)c2ccc(C)[nH]2)[C@@H](O)[C@H](Oc2ccc3c(O)c(C(O)C(CO)C(N)C(O)CO)c(=O)oc3c2C)OC1(C)C,True,-0.1188599999999988,45.0,636.6510000000001,5.241706040859378,0.462953955385157,0.462953955385157,-6.7,4
515,CO[C@@H]1[C@@H](OC(=O)c2ccc(C)[nH]2)[C@@H](O)[C@H](Oc2ccc3c(O)c(C(O)C(O)C(C)C(O)C(O)C(O)CN)c(=O)oc3c2C)OC1(C)C,True,-0.3694599999999988,48.0,680.7039999999998,5.414871088710812,0.4150993007540154,0.4150993007540154,-6.8,4
599,CO[C@@H]1[C@@H](OC(=O)c2ccc(C)[nH]2)[C@@H](O)[C@H](Oc2ccc3c(O)c(CNC(=O)C(C)NC(=O)CN)c(=O)oc3c2C)OC1(C)C,True,0.6383400000000015,45.0,630.6510000000002,4.625458889695582,0.4781317562184287,0.4781317562184287,-8.1,4
679,CO[C@@H]1[C@@H](OC(=O)c2ccc(C)[nH]2)[C@@H](O)[C@H](Oc2ccc3c(O)c(C[C@@H](N)[C@@H](O)CO)c(=O)oc3c2C)OC1(C)C,True,0.7817399999999997,41.0,576.5990000000003,4.818423369349135,0.531890048240349,0.531890048240349,-7.6,4
717,CO[C@@H]1[C@@H](OC(=O)c2ccc(C)[nH]2)[C@@H](O)[C@H](Oc2ccc3c(O)c(CN4CCN(CCO)CC4)c(=O)oc3c2C)OC1(C)C,True,1.6686399999999997,44.0,615.6800000000003,4.438017801953554,0.5006752346531327,0.5006752346531327,-7.5,4
755,CO[C@@H]1[C@@H](OC(=O)c2ccc(C)[nH]2)[C@@H](O)[C@H](Oc2ccc3c(O)c(C(CO)NC(=O)CN)c(=O)oc3c2C)OC1(C)C,True,0.6670400000000002,42.0,589.5980000000002,4.687130377628245,0.522796735676003,0.522796735676003,-6.8,4
768,CO[C@@H]1[C@@H](OC(=O)c2ccc(C)[nH]2)[C@@H](O)[C@H](Oc2ccc3c(O)c(CC(N)C(O)CN)c(=O)oc3c2C)OC1(C)C,True,0.7481400000000005,41.0,575.6150000000002,4.849854138579904,0.530996222465377,0.530996222465377,-7.2,4
791,CO[C@@H]1[C@@H](OC(=O)c2ccc(C)[nH]2)[C@@H](O)[C@H](Oc2ccc3c(O)c(C4(O)CN(CCO)C4)c(=O)oc3c2C)OC1(C)C,True,1.05424,42.0,588.6100000000002,4.669557154355824,0.5221998664497762,0.5221998664497762,-7.5,4
842,CO[C@@H]1[C@@H](OC(=O)c2ccc(C)[nH]2)[C@@H](O)[C@H](Oc2ccc3c(O)c(OCCNC(=O)CCN)c(=O)oc3c2C)OC1(C)C,True,1.40254,43.0,603.6250000000002,4.459112222838064,0.5106267344021752,0.5106267344021752,-7.3,4
900,CO[C@@H]1[C@@H](OC(=O)c2ccc(C)[nH]2)[C@@H](O)[C@H](Oc2ccc3c(O)c(CC(=O)NCC(CN)(CO)CO)c(=O)oc3c2C)OC1(C)C,True,0.1471400000000018,46.0,647.6780000000002,4.756192403054849,0.4606229821762303,0.4606229821762303,-7.4,4
3,CO[C@@H]1[C@@H](OC(=O)c2ccc(C)[nH]2)[C@@H](O)[C@H](Oc2ccc3c(O)c(NCCn4[nH]c(=O)c(=O)[nH]c4=O)c(=O)oc3c2C)OC1(C)C,True,0.2091400000000003,46.0,643.6060000000001,4.812876543714189,0.4726748771540765,0.4726748771540765,-8.8,4
27,CO[C@@H]1[C@@H](OC(=O)c2ccc(C)[nH]2)[C@@H](O)[C@H](Oc2ccc3c(O)c(C(O)C4(O)CC(N)C4O)c(=O)oc3c2C)OC1(C)C,True,0.4151399999999992,43.0,604.6090000000002,5.255329356865472,0.4892346244556608,0.4892346244556608,-6.9,4
36,CO[C@@H]1[C@@H](OC(=O)c2ccc(C)[nH]2)[C@@H](O)[C@H](Oc2ccc3c(O)c(COc4ccccc4-c4ccccc4)c(=O)oc3c2C)OC1(C)C,True,5.804740000000005,48.0,655.7000000000002,4.328852464944168,0.4636725596025477,0.4636725596025477,-8.5,4
72,CO[C@@H]1[C@@H](OC(=O)c2ccc(C)[nH]2)[C@@H](O)[C@H](Oc2ccc3c(O)c(OCC(C)O)c(=O)oc3c2C)OC1(C)C,True,2.31834,39.0,547.5570000000002,4.552225899178071,0.5733796701474271,0.5733796701474271,-7.1,4
79,CO[C@@H]1[C@@H](OC(=O)c2ccc(C)[nH]2)[C@@H](O)[C@H](Oc2ccc3c(O)c(CNC(=O)CCNC(N)=O)c(=O)oc3c2C)OC1(C)C,True,1.2333400000000008,44.0,616.6240000000001,4.4676317931263165,0.5018283873903547,0.5018283873903547,-7.5,4
83,CO[C@@H]1[C@@H](OC(=O)c2ccc(C)[nH]2)[C@@H](O)[C@H](Oc2ccc3c(O)c(Cc4ccc(CCN)cc4)c(=O)oc3c2C)OC1(C)C,True,3.6507400000000017,44.0,606.6720000000003,4.368653110906896,0.6251254619156275,0.6251254619156275,-8.4,4
86,CO[C@@H]1[C@@H](OC(=O)c2ccc(C)[nH]2)[C@@H](O)[C@H](Oc2ccc3c(O)c(C(N)C(=O)N4CCNC(=O)C4)c(=O)oc3c2C)OC1(C)C,True,0.5169400000000008,45.0,628.6350000000002,4.789846377777272,0.4707030969694361,0.4707030969694361,-6.6,4
98,CO[C@@H]1[C@@H](OC(=O)c2ccc(C)[nH]2)[C@@H](O)[C@H](Oc2ccc3c(O)c(OS(C)(=O)=O)c(=O)oc3c2C)OC1(C)C,True,1.89714,39.0,567.5690000000002,4.470976858932158,0.5539062786569795,0.5539062786569795,-7.7,4
127,CO[C@@H]1[C@@H](OC(=O)c2ccc(C)[nH]2)[C@@H](O)[C@H](Oc2ccc3c(O)c(C4CC4O)c(=O)oc3c2C)OC1(C)C,True,2.4069400000000005,38.0,529.5420000000003,4.722582394210522,0.5857800691702242,0.5857800691702242,-6.3,4
154,CO[C@@H]1[C@@H](OC(=O)c2ccc(C)[nH]2)[C@@H](O)[C@H](Oc2ccc3c(O)c(NCCNCCO)c(=O)oc3c2C)OC1(C)C,True,1.5525399999999991,41.0,575.6150000000002,4.507924715933999,0.5542809285895343,0.5542809285895343,-6.9,4
156,CO[C@@H]1[C@@H](OC(=O)c2ccc(C)[nH]2)[C@@H](O)[C@H](Oc2ccc3c(O)c(CNC(=O)Cc4ccc(C)cc4)c(=O)oc3c2C)OC1(C)C,True,3.726060000000003,46.0,634.6820000000001,4.354925561625411,0.5901822759696731,0.5901822759696731,-8.9,4
165,CO[C@@H]1[C@@H](OC(=O)c2ccc(C)[nH]2)[C@@H](O)[C@H](Oc2ccc3c(O)c(CCNC(=O)CCS(=O)(=O)NCCO)c(=O)oc3c2C)OC1(C)C,True,0.5192400000000013,48.0,695.7440000000001,4.6486834299079565,0.4298272369111363,0.4298272369111363,-8.0,4
169,CO[C@@H]1[C@@H](OC(=O)c2ccc(C)[nH]2)[C@@H](O)[C@H](Oc2ccc3c(O)c(C(N)C(CO)CO)c(=O)oc3c2C)OC1(C)C,True,1.1593399999999998,41.0,576.5990000000003,4.785807648155812,0.536251940448363,0.536251940448363,-6.6,4
172,CO[C@@H]1[C@@H](OC(=O)c2ccc(C)[nH]2)[C@@H](O)[C@H](Oc2ccc3c(O)c(C(N)[C@@H]4CNC(=O)[C@@H]4O)c(=O)oc3c2C)OC1(C)C,True,0.6654400000000004,43.0,601.6090000000002,5.123243391281319,0.4940449470793531,0.4940449470793531,-7.5,4
187,CO[C@@H]1[C@@H](OC(=O)c2ccc(C)[nH]2)[C@@H](O)[C@H](Oc2ccc3c(O)c(CC(=O)NCCS(=O)(=O)N(C)CCO)c(=O)oc3c2C)OC1(C)C,True,0.4713400000000016,48.0,695.7440000000001,4.668518894924443,0.4293864487996588,0.4293864487996588,-7.6,4
188,CO[C@@H]1[C@@H](OC(=O)c2ccc(C)[nH]2)[C@@H](O)[C@H](Oc2ccc3c(O)c(NCC(=O)NS(C)(=O)=O)c(=O)oc3c2C)OC1(C)C,True,1.0464399999999996,43.0,623.6370000000001,4.57586145855267,0.5014185038866685,0.5014185038866685,-8.4,4
222,COCCCCc1c(O)c2ccc(O[C@@H]3OC(C)(C)[C@H](OC)[C@@H](OC(=O)c4ccc(C)[nH]4)[C@H]3O)c(C)c2oc1=O,True,3.527840000000002,40.0,559.6120000000003,4.382128835790999,0.6882252837197337,0.6882252837197337,-6.8,4
229,CO[C@@H]1[C@@H](OC(=O)c2ccc(C)[nH]2)[C@@H](O)[C@H](Oc2ccc3c(O)c(C(C)(C)N)c(=O)oc3c2C)OC1(C)C,True,2.7525400000000007,38.0,530.5740000000003,4.556917058863393,0.7728544888975444,0.7728544888975444,-6.2,4
237,COc1cccc(Nc2c(O)c3ccc(O[C@@H]4OC(C)(C)[C@H](OC)[C@@H](OC(=O)c5ccc(C)[nH]5)[C@H]4O)c(C)c3oc2=O)c1,True,4.310940000000003,43.0,594.6170000000002,4.347526816419955,0.5933072218314756,0.5933072218314756,-6.9,4
259,CO[C@@H]1[C@@H](OC(=O)c2ccc(C)[nH]2)[C@@H](O)[C@H](Oc2ccc3c(O)c(CC(N)(O)C#N)c(=O)oc3c2C)OC1(C)C,True,1.2721199999999993,40.0,557.5560000000003,4.852022985330136,0.5487401440975284,0.5487401440975284,-6.2,4
304,CO[C@@H]1[C@@H](OC(=O)c2ccc(C)[nH]2)[C@@H](O)[C@H](Oc2ccc3c(O)c(CN(CCO)C(=O)C(O)CO)c(=O)oc3c2C)OC1(C)C,True,0.2328399999999999,45.0,634.6350000000002,4.807988650099113,0.4704174388647922,0.4704174388647922,-6.6,4
344,CO[C@@H]1[C@@H](OC(=O)c2ccc(C)[nH]2)[C@@H](O)[C@H](Oc2ccc3c(O)c(C(O)(CN)C(=O)N(C)CC(N)=O)c(=O)oc3c2C)OC1(C)C,True,-0.3512599999999959,46.0,646.6500000000002,5.0077418927042805,0.4509664363197624,0.4509664363197624,-6.1,4
400,CO[C@@H]1[C@@H](OC(=O)c2ccc(C)[nH]2)[C@@H](O)[C@H](Oc2ccc3c(O)c(C(N)(C#N)CO)c(=O)oc3c2C)OC1(C)C,True,1.2286199999999996,40.0,557.5560000000003,4.8942729853301365,0.55015419638511,0.55015419638511,-6.6,4
416,CO[C@@H]1[C@@H](OC(=O)c2ccc(C)[nH]2)[C@@H](O)[C@H](Oc2ccc3c(O)c(C4(O)CN(C(=O)CO)CC4N)c(=O)oc3c2C)OC1(C)C,True,-0.091859999999998,45.0,631.6350000000002,5.099302742172775,0.4637248542242939,0.4637248542242939,-7.5,4
512,CO[C@@H]1[C@@H](OC(=O)c2ccc(C)[nH]2)[C@@H](O)[C@H](Oc2ccc3c(O)c(OCCN(C)C)c(=O)oc3c2C)OC1(C)C,True,2.4991400000000006,40.0,560.6000000000003,4.396271405881461,0.5594340045844323,0.5594340045844323,-5.2,4
557,CO[C@@H]1[C@@H](OC(=O)c2ccc(C)[nH]2)[C@@H](O)[C@H](Oc2ccc3c(O)c(COC(=O)C(O)CO)c(=O)oc3c2C)OC1(C)C,True,0.95514,42.0,591.5660000000003,4.684249405968324,0.5225261190871544,0.5225261190871544,-7.1,4
613,CO[C@@H]1[C@@H](OC(=O)c2ccc(C)[nH]2)[C@@H](O)[C@H](Oc2ccc3c(O)c(C(O)C(O)C(CO)C(O)CN)c(=O)oc3c2C)OC1(C)C,True,-0.1188599999999997,45.0,636.6510000000001,5.2455600777315965,0.4587074224652966,0.4587074224652966,-6.7,4
628,COC(=O)C(NCC(=O)NN)c1c(O)c2ccc(O[C@@H]3OC(C)(C)[C@H](OC)[C@@H](OC(=O)c4ccc(C)[nH]4)[C@H]3O)c(C)c2oc1=O,True,0.3523400000000029,45.0,632.623,4.777124211259263,0.47499034319807,0.47499034319807,-7.5,4
652,CO[C@@H]1[C@@H](OC(=O)c2ccc(C)[nH]2)[C@@H](O)[C@H](Oc2ccc3c(O)c(C(=O)NCCNC(=O)C(C)O)c(=O)oc3c2C)OC1(C)C,True,0.7855400000000006,45.0,631.6350000000001,4.625393063718281,0.4847136967520409,0.4847136967520409,-8.3,4
751,CO[C@@H]1[C@@H](OC(=O)c2ccc(C)[nH]2)[C@@H](O)[C@H](Oc2ccc3c(O)c(CC(=O)NC[C@@](O)(CN)CO)c(=O)oc3c2C)OC1(C)C,True,-0.1004599999999988,45.0,633.6510000000002,4.856983605962922,0.4771662520640295,0.4771662520640295,-7.6,4
760,CO[C@@H]1[C@@H](OC(=O)c2ccc(C)[nH]2)[C@@H](O)[C@H](Oc2ccc3c(O)c(CC(=O)NCCOCCO)c(=O)oc3c2C)OC1(C)C,True,1.2263399999999995,44.0,618.6360000000002,4.483163964137123,0.4975592144518912,0.4975592144518912,-7.2,4
857,CO[C@@H]1[C@@H](OC(=O)c2ccc(C)[nH]2)[C@@H](O)[C@H](Oc2ccc3c(O)c(C(N)[C@@H]4[C@H](O)[C@@H]4O)c(=O)oc3c2C)OC1(C)C,True,0.9101399999999992,41.0,574.5830000000002,5.037006654740941,0.5318564521428243,0.5318564521428243,-7.7,4
876,CO[C@@H]1[C@@H](OC(=O)c2ccc(C)[nH]2)[C@@H](O)[C@H](Oc2ccc3c(O)c(CC(=O)NCC(N)C(O)CO)c(=O)oc3c2C)OC1(C)C,True,-0.1020599999999987,45.0,633.6510000000002,4.879243095262309,0.4706120902150607,0.4706120902150607,-7.2,4
908,CO[C@@H]1[C@@H](OC(=O)c2ccc(C)[nH]2)[C@@H](O)[C@H](Oc2ccc3c(O)c(-c4nnc(CO)n4N)c(=O)oc3c2C)OC1(C)C,True,1.0233399999999993,42.0,585.5700000000002,4.697831570831797,0.5234244155206719,0.5234244155206719,-7.5,4
944,COC(=O)C(=O)C(N)(O)Cc1c(O)c2ccc(O[C@@H]3OC(C)(C)[C@H](OC)[C@@H](OC(=O)c4ccc(C)[nH]4)[C@H]3O)c(C)c2oc1=O,True,0.4906400000000011,44.0,618.5920000000001,4.89571507644128,0.4895960029054453,0.4895960029054453,-7.5,4
11,CO[C@@H]1[C@@H](OC(=O)c2ccc(C)[nH]2)[C@@H](O)[C@H](Oc2ccc3c(O)c(NC4CC(O)C4)c(=O)oc3c2C)OC1(C)C,True,2.4939400000000003,40.0,558.5840000000002,4.5238579972717226,0.570004411629781,0.570004411629781,-7.3,5
19,CO[C@@H]1[C@@H](OC(=O)c2ccc(C)[nH]2)[C@@H](O)[C@H](Oc2ccc3c(O)c(N4CCCC4=O)c(=O)oc3c2C)OC1(C)C,True,2.6855400000000005,40.0,556.5680000000003,4.464456807818973,0.7473455669933294,0.7473455669933294,-8.0,5
28,CO[C@@H]1[C@@H](OC(=O)c2ccc(C)[nH]2)[C@@H](O)[C@H](Oc2ccc3c(O)c(NCc4ccc(C)cc4)c(=O)oc3c2C)OC1(C)C,True,4.479260000000004,43.0,592.6450000000002,4.334397404655249,0.5859530979230481,0.5859530979230481,-8.2,5
29,CO[C@@H]1[C@@H](OC(=O)c2ccc(C)[nH]2)[C@@H](O)[C@H](Oc2ccc3c(O)c(NCCNC(C)=O)c(=O)oc3c2C)OC1(C)C,True,2.1067399999999994,41.0,573.5990000000003,4.454235204118382,0.5609690076784798,0.5609690076784798,-7.5,5
34,COCCNC(=O)Nc1c(O)c2ccc(O[C@@H]3OC(C)(C)[C@H](OC)[C@@H](OC(=O)c4ccc(C)[nH]4)[C@H]3O)c(C)c2oc1=O,True,2.3266400000000003,42.0,589.5980000000002,4.410732172838485,0.5503837064463568,0.5503837064463568,-7.2,5
43,CO[C@@H]1[C@@H](OC(=O)c2ccc(C)[nH]2)[C@@H](O)[C@H](Oc2ccc3c(O)c(NCC(O)CO)c(=O)oc3c2C)OC1(C)C,True,1.3238399999999997,40.0,562.5720000000002,4.630799285024326,0.564400628915168,0.564400628915168,-7.1,5
47,CO[C@@H]1[C@@H](OC(=O)c2ccc(C)[nH]2)[C@@H](O)[C@H](Oc2ccc3c(O)c(CNC(=O)C(C)N)c(=O)oc3c2C)OC1(C)C,True,1.5221399999999998,41.0,573.5990000000003,4.558319082667246,0.5426060065443791,0.5426060065443791,-7.6,5
47,CO[C@@H]1[C@@H](OC(=O)c2ccc(C)[nH]2)[C@@H](O)[C@H](Oc2ccc3c(O)c(C(O)CCNC(=O)[C@@H](N)CO)c(=O)oc3c2C)OC1(C)C,True,0.4180400000000008,45.0,633.6510000000002,4.822686096523343,0.4707932643754035,0.4707932643754035,-7.4,5
49,CO[C@@H]1[C@@H](OC(=O)c2ccc(C)[nH]2)[C@@H](O)[C@H](Oc2ccc3c(O)c(C(O)C(O)CN)c(=O)oc3c2C)OC1(C)C,True,0.91174,40.0,562.5720000000002,4.823113411998165,0.5480057695278706,0.5480057695278706,-7.2,5
49,CO[C@@H]1[C@@H](OC(=O)c2ccc(C)[nH]2)[C@@H](O)[C@H](Oc2ccc3c(O)c(NCCNC(=O)C4(O)CNC4=O)c(=O)oc3c2C)OC1(C)C,True,-0.0522599999999984,46.0,644.6340000000001,4.974236290988923,0.4644908629369729,0.4644908629369729,-7.8,5
54,CCNC(=O)NC(=O)Cc1c(O)c2ccc(O[C@@H]3OC(C)(C)[C@H](OC)[C@@H](OC(=O)c4ccc(C)[nH]4)[C@H]3O)c(C)c2oc1=O,True,1.94694,43.0,601.6090000000003,4.456451225947079,0.5172736775804156,0.5172736775804156,-7.9,5
54,CO[C@@H]1[C@@H](OC(=O)c2ccc(C)[nH]2)[C@@H](O)[C@H](Oc2ccc3c(O)c(CNC(=O)c4ccccc4N)c(=O)oc3c2C)OC1(C)C,True,3.070940000000002,45.0,621.6430000000001,4.391302590506343,0.6572081043877855,0.6572081043877855,-8.3,5
59,CO[C@@H]1[C@@H](OC(=O)c2ccc(C)[nH]2)[C@@H](O)[C@H](Oc2ccc3c(O)c(C(O)C(C)N)c(=O)oc3c2C)OC1(C)C,True,1.93934,39.0,546.5730000000002,4.7440974358053225,0.5647202837394734,0.5647202837394734,-7.0,5
59,CO[C@@H]1[C@@H](OC(=O)c2ccc(C)[nH]2)[C@@H](O)[C@H](Oc2ccc3c(O)c(NCC(=O)NCCNC(C)=O)c(=O)oc3c2C)OC1(C)C,True,1.2229400000000004,45.0,630.6510000000002,4.516827316645664,0.4978402308994399,0.4978402308994399,-8.3,5
64,CO[C@@H]1[C@@H](OC(=O)c2ccc(C)[nH]2)[C@@H](O)[C@H](Oc2ccc3c(O)c(COc4ccc(CN)cc4)c(=O)oc3c2C)OC1(C)C,True,3.596440000000002,44.0,608.6440000000002,4.369556515698825,0.6240641446132628,0.6240641446132628,-8.2,5
64,CO[C@@H]1[C@@H](OC(=O)c2ccc(C)[nH]2)[C@@H](O)[C@H](Oc2ccc3c(O)c(NCCOc4ccccc4)c(=O)oc3c2C)OC1(C)C,True,4.049640000000003,44.0,608.6440000000001,4.349660507948079,0.5993050674745992,0.5993050674745992,-8.2,5
65,C#CC(CN)c1c(O)c2ccc(O[C@@H]3OC(C)(C)[C@H](OC)[C@@H](OC(=O)c4ccc(C)[nH]4)[C@H]3O)c(C)c2oc1=O,True,2.2342400000000007,39.0,540.5690000000002,4.810604273633804,0.5687494616806059,0.1895831538935353,-6.8,5
71,CO[C@@H]1[C@@H](OC(=O)c2ccc(C)[nH]2)[C@@H](O)[C@H](Oc2ccc3c(O)c(C(O)C(C)O)c(=O)oc3c2C)OC1(C)C,True,1.97294,39.0,547.5570000000002,4.722267985255872,0.5667444279138539,0.5667444279138539,-7.5,5
72,COCCCNc1c(O)c2ccc(O[C@@H]3OC(C)(C)[C@H](OC)[C@@H](OC(=O)c4ccc(C)[nH]4)[C@H]3O)c(C)c2oc1=O,True,3.007140000000001,40.0,560.6000000000003,4.421971772853937,0.7382872013532195,0.7382872013532195,-7.2,5
72,CO[C@@H]1[C@@H](OC(=O)c2ccc(C)[nH]2)[C@@H](O)[C@H](Oc2ccc3c(O)c(CNC(=O)c4ccc(CN)cc4)c(=O)oc3c2C)OC1(C)C,True,2.947440000000001,46.0,635.6700000000002,4.381784919590281,0.6587017503162909,0.6587017503162909,-8.3,5
73,CO[C@@H]1[C@@H](OC(=O)c2ccc(C)[nH]2)[C@@H](O)[C@H](Oc2ccc3c(O)c(NC(=O)CCl)c(=O)oc3c2C)OC1(C)C,True,2.73604,39.0,564.9750000000003,4.4157653640119845,0.7664768357157591,0.7664768357157591,-7.7,5
73,CO[C@@H]1[C@@H](OC(=O)c2ccc(C)[nH]2)[C@@H](O)[C@H](Oc2ccc3c(O)c(COC(=O)CNC(=O)CCN)c(=O)oc3c2C)OC1(C)C,True,1.066940000000001,45.0,631.6350000000002,4.53778566561377,0.4791105919588346,0.4791105919588346,-7.5,5
75,CO[C@@H]1[C@@H](OC(=O)c2ccc(C)[nH]2)[C@@H](O)[C@H](Oc2ccc3c(O)c(NCC(O)C4(O)CN(C(=O)CN)C4)c(=O)oc3c2C)OC1(C)C,True,-0.1364599999999987,47.0,660.6770000000001,5.007944175878659,0.4434623182540514,0.4434623182540514,-7.7,5
82,CO[C@@H]1[C@@H](OC(=O)c2ccc(C)[nH]2)[C@@H](O)[C@H](Oc2ccc3c(O)c(C4(N)CC(O)C4)c(=O)oc3c2C)OC1(C)C,True,1.867439999999999,40.0,558.5840000000003,4.672441260033424,0.5544791456641252,0.5544791456641252,-7.1,5
83,CO[C@@H]1[C@@H](OC(=O)c2ccc(C)[nH]2)[C@@H](O)[C@H](Oc2ccc3c(O)c(C(C)CN)c(=O)oc3c2C)OC1(C)C,True,2.620940000000001,38.0,530.5740000000003,4.5899104390386345,0.7856499801343159,0.7856499801343159,-6.9,5
83,CO[C@@H]1[C@@H](OC(=O)c2ccc(C)[nH]2)[C@@H](O)[C@H](Oc2ccc3c(O)c(Nc4ccccc4F)c(=O)oc3c2C)OC1(C)C,True,4.441440000000003,42.0,582.5810000000001,4.352714120710703,0.5937617741406761,0.5937617741406761,-7.5,5
89,CO[C@@H]1[C@@H](OC(=O)c2ccc(C)[nH]2)[C@@H](O)[C@H](Oc2ccc3c(O)c(CS(=O)(=O)CCS(=O)(=O)NCCN)c(=O)oc3c2C)OC1(C)C,True,0.3516400000000028,47.0,701.7729999999999,4.761844400915079,0.4293664207204056,0.4293664207204056,-7.0,5
89,CO[C@@H]1[C@@H](OC(=O)c2ccc(C)[nH]2)[C@@H](O)[C@H](Oc2ccc3c(O)c(CS(=O)(=O)CCS(=O)(=O)NCCO)c(=O)oc3c2C)OC1(C)C,True,0.3852400000000011,47.0,702.7570000000001,4.743598004791517,0.4319032728494967,0.4319032728494967,-7.1,5
91,CO[C@@H]1[C@@H](OC(=O)c2ccc(C)[nH]2)[C@@H](O)[C@H](Oc2ccc3c(O)c(NCCNS(=O)(=O)CCO)c(=O)oc3c2C)OC1(C)C,True,0.8823400000000005,44.0,639.6800000000002,4.635529100818625,0.4817263889251064,0.4817263889251064,-8.1,5
96,CO[C@@H]1[C@@H](OC(=O)c2ccc(C)[nH]2)[C@@H](O)[C@H](Oc2ccc3c(O)c(Oc4ccc(CN)cc4)c(=O)oc3c2C)OC1(C)C,True,3.8097400000000015,43.0,594.6170000000002,4.367743364577679,0.622959913052355,0.622959913052355,-7.7,5
96,COCC(N)Cc1c(O)c2ccc(O[C@@H]3OC(C)(C)[C@H](OC)[C@@H](OC(=O)c4ccc(C)[nH]4)[C@H]3O)c(C)c2oc1=O,True,2.07494,40.0,560.6000000000003,4.624377972392003,0.557642644479333,0.557642644479333,-6.9,5
98,CO[C@@H]1[C@@H](OC(=O)c2ccc(C)[nH]2)[C@@H](O)[C@H](Oc2ccc3c(O)c(C4(CN)CC4)c(=O)oc3c2C)OC1(C)C,True,2.5490400000000006,39.0,542.5850000000004,4.589068266769605,0.5741352567506508,0.5741352567506508,-7.5,5
100,CO[C@@H]1[C@@H](OC(=O)c2ccc(C)[nH]2)[C@@H](O)[C@H](Oc2ccc3c(O)c(Oc4ccc(N)cc4)c(=O)oc3c2C)OC1(C)C,True,3.9332400000000014,42.0,580.5900000000003,4.359866375352613,0.6273346996946543,0.6273346996946543,-7.9,5
108,CO[C@@H]1[C@@H](OC(=O)c2ccc(C)[nH]2)[C@@H](O)[C@H](Oc2ccc3c(O)c(Cc4ccccc4N)c(=O)oc3c2C)OC1(C)C,True,3.731740000000002,42.0,578.6180000000003,4.37950642840301,0.6459649814959342,0.6459649814959342,-7.7,5
110,CCC(N)Cc1c(O)c2ccc(O[C@@H]3OC(C)(C)[C@H](OC)[C@@H](OC(=O)c4ccc(C)[nH]4)[C@H]3O)c(C)c2oc1=O,True,2.838540000000001,39.0,544.6010000000002,4.575785260571395,0.7486535232360534,0.7486535232360534,-7.3,5
112,CO[C@@H]1[C@@H](OC(=O)c2ccc(C)[nH]2)[C@@H](O)[C@H](Oc2ccc3c(O)c(NCC(C)O)c(=O)oc3c2C)OC1(C)C,True,2.35144,39.0,546.5730000000002,4.595220819352237,0.5823573318339433,0.5823573318339433,-7.2,5
113,CO[C@@H]1[C@@H](OC(=O)c2ccc(C)[nH]2)[C@@H](O)[C@H](Oc2ccc3c(O)c(COC(=O)C4(N)CNC4=O)c(=O)oc3c2C)OC1(C)C,True,0.4292400000000005,44.0,615.5920000000002,4.938361210730719,0.4862818472054364,0.4862818472054364,-8.8,5
117,CO[C@@H]1[C@@H](OC(=O)c2ccc(C)[nH]2)[C@@H](O)[C@H](Oc2ccc3c(O)c(C4(N)CCO4)c(=O)oc3c2C)OC1(C)C,True,2.0905399999999994,39.0,544.5570000000004,4.800320238800714,0.5674979113404357,0.5674979113404357,-7.9,5
118,CO[C@@H]1[C@@H](OC(=O)c2ccc(C)[nH]2)[C@@H](O)[C@H](Oc2ccc3c(O)c(C(=O)N(C)OC)c(=O)oc3c2C)OC1(C)C,True,2.19214,40.0,560.5560000000003,4.506860490802657,0.557457182441617,0.557457182441617,-6.8,5
119,CO[C@@H]1[C@@H](OC(=O)c2ccc(C)[nH]2)[C@@H](O)[C@H](Oc2ccc3c(O)c(-c4ccccc4CN)c(=O)oc3c2C)OC1(C)C,True,3.684440000000001,42.0,578.6180000000003,4.383728311692135,0.6497011213814571,0.6497011213814571,-6.2,5
119,C#CCCNc1c(O)c2ccc(O[C@@H]3OC(C)(C)[C@H](OC)[C@@H](OC(=O)c4ccc(C)[nH]4)[C@H]3O)c(C)c2oc1=O,True,2.993940000000001,39.0,540.5690000000003,4.566963142181619,0.7509856298275446,0.7509856298275446,-7.2,5
123,COCC(N)c1c(O)c2ccc(O[C@@H]3OC(C)(C)[C@H](OC)[C@@H](OC(=O)c4ccc(C)[nH]4)[C@H]3O)c(C)c2oc1=O,True,2.204940000000001,39.0,546.5730000000002,4.616050137204196,0.5729308118749253,0.5729308118749253,-7.1,5
135,CCC(C)c1c(O)c2ccc(O[C@@H]3OC(C)(C)[C@H](OC)[C@@H](OC(=O)c4ccc(C)[nH]4)[C@H]3O)c(C)c2oc1=O,True,4.0722400000000025,38.0,529.5860000000002,4.527415890868359,0.6684146435123923,0.6684146435123923,-5.6,5
137,CO[C@@H]1[C@@H](OC(=O)c2ccc(C)[nH]2)[C@@H](O)[C@H](Oc2ccc3c(O)c(S(=O)(=O)N(C)C(=O)C(N)O)c(=O)oc3c2C)OC1(C)C,True,-0.0170599999999989,44.0,639.6360000000001,4.920379583511784,0.4621685931464981,0.4621685931464981,-7.6,5
140,CO[C@@H]1[C@@H](OC(=O)c2ccc(C)[nH]2)[C@@H](O)[C@H](Oc2ccc3c(O)c(C(O)C(CO)CO)c(=O)oc3c2C)OC1(C)C,True,1.1929400000000003,41.0,577.5830000000002,4.756828022376187,0.5371888346186248,0.5371888346186248,-7.5,5
140,CO[C@@H]1[C@@H](OC(=O)c2ccc(C)[nH]2)[C@@H](O)[C@H](Oc2ccc3c(O)c(CCNCCNCCO)c(=O)oc3c2C)OC1(C)C,True,1.2727400000000002,43.0,603.6690000000002,4.538609557208579,0.5158586242598718,0.5158586242598718,-7.2,5
144,CO[C@@H]1[C@@H](OC(=O)c2ccc(C)[nH]2)[C@@H](O)[C@H](Oc2ccc3c(O)c(CC(N)CCO)c(=O)oc3c2C)OC1(C)C,True,1.81094,40.0,560.6000000000003,4.643490745857071,0.5527281202617419,0.5527281202617419,-7.5,5
146,CO[C@@H]1[C@@H](OC(=O)c2ccc(C)[nH]2)[C@@H](O)[C@H](Oc2ccc3c(O)c(CN4C[C@@H](N)[C@@H](O)C4)c(=O)oc3c2C)OC1(C)C,True,1.0625400000000005,42.0,587.6260000000002,4.8158950048478175,0.5176549289057858,0.5176549289057858,-7.2,5
147,CCC(N)c1c(O)c2ccc(O[C@@H]3OC(C)(C)[C@H](OC)[C@@H](OC(=O)c4ccc(C)[nH]4)[C@H]3O)c(C)c2oc1=O,True,2.968540000000001,38.0,530.5740000000003,4.573036951361264,0.7545072044121444,0.5030048029414297,-6.8,5
161,CO[C@@H]1[C@@H](OC(=O)c2ccc(C)[nH]2)[C@@H](O)[C@H](Oc2ccc3c(O)c(NC(=O)C(C)NC(=O)CN)c(=O)oc3c2C)OC1(C)C,True,0.9606400000000008,44.0,616.6240000000001,4.59406846024591,0.5106303341620229,0.5106303341620229,-7.7,5
163,CO[C@@H]1[C@@H](OC(=O)c2ccc(C)[nH]2)[C@@H](O)[C@H](Oc2ccc3c(O)c(C(C)(CO)CO)c(=O)oc3c2C)OC1(C)C,True,1.8010399999999995,40.0,561.5840000000003,4.682411772853937,0.5572095398963057,0.5572095398963057,-6.0,5
165,CO[C@@H]1[C@@H](OC(=O)c2ccc(C)[nH]2)[C@@H](O)[C@H](Oc2ccc3c(O)c(NCCCl)c(=O)oc3c2C)OC1(C)C,True,3.2094400000000016,38.0,550.9920000000002,4.489006268748529,0.7292110964422921,0.7292110964422921,-6.9,5
205,CO[C@@H]1[C@@H](OC(=O)c2ccc(C)[nH]2)[C@@H](O)[C@H](Oc2ccc3c(O)c(C(O)C(CN)(CO)CO)c(=O)oc3c2C)OC1(C)C,True,0.5218399999999999,43.0,606.6250000000002,4.941735624167685,0.4984026875366063,0.4984026875366063,-7.3,5
222,CO[C@@H]1[C@@H](OC(=O)c2ccc(C)[nH]2)[C@@H](O)[C@H](Oc2ccc3c(O)c(NCC#CCO)c(=O)oc3c2C)OC1(C)C,True,1.96634,40.0,556.5680000000002,4.658318066560231,0.572541250805177,0.572541250805177,-7.4,5
223,CO[C@@H]1[C@@H](OC(=O)c2ccc(C)[nH]2)[C@@H](O)[C@H](Oc2ccc3c(O)c(C4(n5c(=O)c5=O)CS4(=O)=O)c(=O)oc3c2C)OC1(C)C,True,0.0857400000000003,44.0,632.6000000000001,4.9935807669437375,0.4696986559340425,0.4696986559340425,-7.7,5
256,CO[C@@H]1[C@@H](OC(=O)c2ccc(C)[nH]2)[C@@H](O)[C@H](Oc2ccc3c(O)c(COC(=O)CCNC(=O)CO)c(=O)oc3c2C)OC1(C)C,True,1.10054,45.0,632.6190000000003,4.531334258484314,0.4834965760756168,0.4834965760756168,-8.0,5
256,CO[C@@H]1[C@@H](OC(=O)c2ccc(C)[nH]2)[C@@H](O)[C@H](Oc2ccc3c(O)c(CS(=O)(=O)CCO)c(=O)oc3c2C)OC1(C)C,True,1.46584,41.0,595.6230000000003,4.567024467557646,0.5211340733835275,0.5211340733835275,-6.7,5
259,CO[C@@H]1[C@@H](OC(=O)c2ccc(C)[nH]2)[C@@H](O)[C@H](Oc2ccc3c(O)c(NC(=O)CC(N)CO)c(=O)oc3c2C)OC1(C)C,True,1.2069399999999997,42.0,589.5980000000002,4.6523400942274336,0.5400444841744593,0.5400444841744593,-8.5,5
262,CO[C@@H]1[C@@H](OC(=O)c2ccc(C)[nH]2)[C@@H](O)[C@H](Oc2ccc3c(O)c(NS(=O)(=O)CO)c(=O)oc3c2C)OC1(C)C,True,1.2502399999999994,40.0,582.5840000000002,4.62071305490522,0.547745390637248,0.547745390637248,-6.8,5
262,CO[C@@H]1[C@@H](OC(=O)c2ccc(C)[nH]2)[C@@H](O)[C@H](Oc2ccc3c(O)c(COCC(=O)NCC(N)CO)c(=O)oc3c2C)OC1(C)C,True,0.511140000000001,45.0,633.6510000000002,4.755409980028679,0.4712325605605739,0.4712325605605739,-7.9,5
271,CO[C@@H]1[C@@H](OC(=O)c2ccc(C)[nH]2)[C@@H](O)[C@H](Oc2ccc3c(O)c(CNC(=O)C(C)NC(=O)CO)c(=O)oc3c2C)OC1(C)C,True,0.6719400000000008,45.0,631.6350000000001,4.643225093983098,0.4789392781523186,0.4789392781523186,-7.9,5
287,CO[C@@H]1[C@@H](OC(=O)c2ccc(C)[nH]2)[C@@H](O)[C@H](Oc2ccc3c(O)c(CC(=O)NCCN4CCCC4)c(=O)oc3c2C)OC1(C)C,True,2.313239999999998,45.0,627.6910000000003,4.420692106139098,0.4866740333778424,0.4866740333778424,-7.2,5
291,CO[C@@H]1[C@@H](OC(=O)c2ccc(C)[nH]2)[C@@H](O)[C@H](Oc2ccc3c(O)c(CC(=O)N(CO)CCN)c(=O)oc3c2C)OC1(C)C,True,0.838340000000001,43.0,603.6250000000002,4.655240575059506,0.5096856935218108,0.5096856935218108,-6.6,5
319,CO[C@@H]1[C@@H](OC(=O)c2ccc(C)[nH]2)[C@@H](O)[C@H](Oc2ccc3c(O)c(CCOCC(N)=O)c(=O)oc3c2C)OC1(C)C,True,1.6031399999999991,41.0,574.5830000000003,4.505940698623878,0.5408203144863509,0.5408203144863509,-7.1,5
323,CO[C@@H]1[C@@H](OC(=O)c2ccc(C)[nH]2)[C@@H](O)[C@H](Oc2ccc3c(O)c(CC(=O)NCCN4CCOCC4)c(=O)oc3c2C)OC1(C)C,True,1.5496400000000006,46.0,643.6900000000003,4.465216241516387,0.4677906699112027,0.4677906699112027,-7.9,5
328,CO[C@@H]1[C@@H](OC(=O)c2ccc(C)[nH]2)[C@@H](O)[C@H](Oc2ccc3c(O)c(CC(=O)C(C)N)c(=O)oc3c2C)OC1(C)C,True,2.01754,40.0,558.5840000000003,4.648408882766033,0.5570540148188201,0.5570540148188201,-7.5,5
329,CO[C@@H]1[C@@H](OC(=O)c2ccc(C)[nH]2)[C@@H](O)[C@H](Oc2ccc3c(O)c(CC(=O)N(C)CCN)c(=O)oc3c2C)OC1(C)C,True,1.5183400000000002,42.0,587.6260000000003,4.521311000509671,0.5264636835522141,0.5264636835522141,-6.6,5
330,CO[C@@H]1[C@@H](OC(=O)c2ccc(C)[nH]2)[C@@H](O)[C@H](Oc2ccc3c(O)c(CC(=O)NCCNC(=O)C(C)N)c(=O)oc3c2C)OC1(C)C,True,0.6808400000000014,46.0,644.6780000000002,4.631976405274637,0.4663390027070878,0.4663390027070878,-8.2,5
333,CO[C@@H]1[C@@H](OC(=O)c2ccc(C)[nH]2)[C@@H](O)[C@H](Oc2ccc3c(O)c(CC(=O)N[C@@H](CN)CO)c(=O)oc3c2C)OC1(C)C,True,0.5370400000000004,43.0,603.6250000000002,4.685106915740834,0.5078607558667184,0.5078607558667184,-6.7,5
335,CO[C@@H]1[C@@H](OC(=O)c2ccc(C)[nH]2)[C@@H](O)[C@H](Oc2ccc3c(O)c(CC(=O)NCC(N)CO)c(=O)oc3c2C)OC1(C)C,True,0.5370400000000013,43.0,603.6250000000002,4.671437093255625,0.508164529699723,0.508164529699723,-7.7,5
336,CCCCCC(=O)c1c(O)c2ccc(O[C@@H]3OC(C)(C)[C@H](OC)[C@@H](OC(=O)c4ccc(C)[nH]4)[C@H]3O)c(C)c2oc1=O,True,4.321740000000003,41.0,571.6230000000003,4.368181357964536,0.6065471172035583,0.6065471172035583,-6.1,5
343,CO[C@@H]1[C@@H](OC(=O)c2ccc(C)[nH]2)[C@@H](O)[C@H](Oc2ccc3c(O)c(CNC(=O)CS(C)(=O)=O)c(=O)oc3c2C)OC1(C)C,True,1.2195399999999994,43.0,622.6490000000001,4.521369681364343,0.4951019811984011,0.4951019811984011,-7.6,5
344,CO[C@@H]1[C@@H](OC(=O)c2ccc(C)[nH]2)[C@@H](O)[C@H](Oc2ccc3c(O)c(C(O)CCC(=O)NNC(=O)CN)c(=O)oc3c2C)OC1(C)C,True,0.4784400000000013,46.0,646.6500000000002,4.761288405274637,0.460426408996396,0.460426408996396,-7.7,5
360,COCCOCC(=O)Nc1c(O)c2ccc(O[C@@H]3OC(C)(C)[C@H](OC)[C@@H](OC(=O)c4ccc(C)[nH]4)[C@H]3O)c(C)c2oc1=O,True,2.160239999999999,43.0,604.6090000000003,4.438953161560359,0.5334981125564581,0.5334981125564581,-7.5,5
366,CO[C@@H]1[C@@H](OC(=O)c2ccc(C)[nH]2)[C@@H](O)[C@H](Oc2ccc3c(O)c(C(N)CNC(=O)CO)c(=O)oc3c2C)OC1(C)C,True,0.6670400000000002,42.0,589.5980000000002,4.701797584105977,0.5224707977542756,0.5224707977542756,-7.5,5
369,CO[C@@H]1[C@@H](OC(=O)c2ccc(C)[nH]2)[C@@H](O)[C@H](Oc2ccc3c(O)c(C4C(=O)NCCN4C(=O)CN)c(=O)oc3c2C)OC1(C)C,True,0.5169400000000008,45.0,628.6350000000002,4.800528178902976,0.4723005859964083,0.4723005859964083,-7.5,5
384,CO[C@@H]1[C@@H](OC(=O)c2ccc(C)[nH]2)[C@@H](O)[C@H](Oc2ccc3c(O)c(CC(=O)NCCCNC(C)=O)c(=O)oc3c2C)OC1(C)C,True,1.7436399999999996,45.0,629.6630000000002,4.451578160923338,0.4917227570670835,0.4917227570670835,-8.4,5
384,CO[C@@H]1[C@@H](OC(=O)c2ccc(C)[nH]2)[C@@H](O)[C@H](Oc2ccc3c(O)c(CC(=O)NNC(=O)CCS(C)(=O)=O)c(=O)oc3c2C)OC1(C)C,True,0.683340000000001,47.0,679.7010000000001,4.592420900006539,0.4374761167519915,0.4374761167519915,-7.6,5
396,CO[C@@H]1[C@@H](OC(=O)c2ccc(C)[nH]2)[C@@H](O)[C@H](Oc2ccc3c(O)c(C(CN)C(=O)NCC(O)CO)c(=O)oc3c2C)OC1(C)C,True,0.0704400000000013,45.0,633.6510000000002,4.895243347469117,0.469180881021053,0.469180881021053,-6.0,5
413,CO[C@@H]1[C@@H](OC(=O)c2ccc(C)[nH]2)[C@@H](O)[C@H](Oc2ccc3c(O)c(CNC(=O)C[C@H](O)CO)c(=O)oc3c2C)OC1(C)C,True,0.9182399999999992,43.0,604.6090000000002,4.64131875006036,0.5109863935963275,0.5109863935963275,-8.0,5
418,CO[C@@H]1[C@@H](OC(=O)c2ccc(C)[nH]2)[C@@H](O)[C@H](Oc2ccc3c(O)c(CC(=O)NNC(=O)C(C)N)c(=O)oc3c2C)OC1(C)C,True,0.595840000000001,44.0,616.6240000000001,4.649713709114689,0.4958403750177975,0.4958403750177975,-8.1,5
443,CO[C@@H]1[C@@H](OC(=O)c2ccc(C)[nH]2)[C@@H](O)[C@H](Oc2ccc3c(O)c(C4CN(CCN)C4)c(=O)oc3c2C)OC1(C)C,True,1.91664,41.0,571.6270000000003,4.573780671151349,0.5410602524476426,0.5410602524476426,-7.7,5
459,CO[C@@H]1[C@@H](OC(=O)c2ccc(C)[nH]2)[C@@H](O)[C@H](Oc2ccc3c(O)c(C(CN)=NCCO)c(=O)oc3c2C)OC1(C)C,True,1.298839999999999,41.0,573.5990000000003,4.724284654667832,0.5369376847023419,0.5369376847023419,-6.7,5
467,CO[C@@H]1[C@@H](OC(=O)c2ccc(C)[nH]2)[C@@H](O)[C@H](Oc2ccc3c(O)c(CCCCCCN)c(=O)oc3c2C)OC1(C)C,True,3.6203400000000014,41.0,572.6550000000004,4.408952898371032,0.662654714850752,0.662654714850752,-7.0,5
471,CNC(=O)CCNCc1c(O)c2ccc(O[C@@H]3OC(C)(C)[C@H](OC)[C@@H](OC(=O)c4ccc(C)[nH]4)[C@H]3O)c(C)c2oc1=O,True,1.7844399999999996,42.0,587.6260000000002,4.457335918657883,0.5298461363515349,0.5298461363515349,-7.9,5
475,CO[C@@H]1[C@@H](OC(=O)c2ccc(C)[nH]2)[C@@H](O)[C@H](Oc2ccc3c(O)c(C(O)(C#N)CN)c(=O)oc3c2C)OC1(C)C,True,1.2286199999999996,40.0,557.5560000000003,4.906678113535264,0.5475255856929699,0.5475255856929699,-6.6,5
487,CO[C@@H]1[C@@H](OC(=O)c2ccc(C)[nH]2)[C@@H](O)[C@H](Oc2ccc3c(O)c(-c4ccc(C(=O)NCCN)cc4)c(=O)oc3c2C)OC1(C)C,True,2.9142400000000013,46.0,635.6700000000002,4.385412175798639,0.6613094037320835,0.6613094037320835,-8.1,5
488,CO[C@@H]1[C@@H](OC(=O)c2ccc(C)[nH]2)[C@@H](O)[C@H](Oc2ccc3c(O)c(-c4noc(CN)n4)c(=O)oc3c2C)OC1(C)C,True,2.06744,41.0,570.5550000000003,4.560895444320659,0.5455477688415172,0.5455477688415172,-7.1,5
500,CO[C@@H]1[C@@H](OC(=O)c2ccc(C)[nH]2)[C@@H](O)[C@H](Oc2ccc3c(O)c(-c4ccc(NC(=O)CN)cc4)c(=O)oc3c2C)OC1(C)C,True,3.1229400000000016,45.0,621.6430000000001,4.378097379588228,0.6544713051399269,0.6544713051399269,-8.9,5
506,CO[C@@H]1[C@@H](OC(=O)c2ccc(C)[nH]2)[C@@H](O)[C@H](Oc2ccc3c(O)c(OCCN(C)C(=O)CN)c(=O)oc3c2C)OC1(C)C,True,1.3546400000000005,43.0,603.6250000000002,4.53163347446779,0.5071103891278639,0.5071103891278639,-7.7,5
506,CO[C@@H]1[C@@H](OC(=O)c2ccc(C)[nH]2)[C@@H](O)[C@H](Oc2ccc3c(O)c(C(C)(O)CN)c(=O)oc3c2C)OC1(C)C,True,1.7249399999999997,39.0,546.5730000000003,4.761245397415683,0.5663800342524403,0.5663800342524403,-7.2,5
517,CO[C@@H]1[C@@H](OC(=O)c2ccc(C)[nH]2)[C@@H](O)[C@H](Oc2ccc3c(O)c(CC(=O)N(C)CO)c(=O)oc3c2C)OC1(C)C,True,1.5094399999999994,41.0,574.5830000000003,4.585155444688623,0.5426970851997411,0.5426970851997411,-7.7,5
521,CO[C@@H]1[C@@H](OC(=O)c2ccc(C)[nH]2)[C@@H](O)[C@H](Oc2ccc3c(O)c(CN(C)C(=O)C(=O)C(O)CN)c(=O)oc3c2C)OC1(C)C,True,0.4058400000000006,45.0,631.6350000000002,4.89312806106073,0.4704029498632618,0.4704029498632618,-6.3,5
528,CO[C@@H]1[C@@H](OC(=O)c2ccc(C)[nH]2)[C@@H](O)[C@H](Oc2ccc3c(O)c(CCNCC(O)(CN)CO)c(=O)oc3c2C)OC1(C)C,True,0.3729400000000009,44.0,619.6680000000002,4.894849672269181,0.4889472924498472,0.4889472924498472,-7.3,5
577,CO[C@@H]1[C@@H](OC(=O)c2ccc(C)[nH]2)[C@@H](O)[C@H](Oc2ccc3c(O)c(OCCCS(N)(=O)=O)c(=O)oc3c2C)OC1(C)C,True,1.61614,42.0,610.6380000000001,4.497887923586594,0.5074572955748524,0.5074572955748524,-7.8,5
581,CO[C@@H]1[C@@H](OC(=O)c2ccc(C)[nH]2)[C@@H](O)[C@H](Oc2ccc3c(O)c(C[C@@](O)(CN)CO)c(=O)oc3c2C)OC1(C)C,True,0.7833399999999994,41.0,576.5990000000003,4.846534883083047,0.5344534667470322,0.5344534667470322,-6.3,5
685,CO[C@@H]1[C@@H](OC(=O)c2ccc(C)[nH]2)[C@@H](O)[C@H](Oc2ccc3c(O)c(C(O)C(N)C(O)C4(O)COC4)c(=O)oc3c2C)OC1(C)C,True,0.0416400000000007,45.0,634.6350000000001,5.241810685557155,0.4596987820720441,0.4596987820720441,-7.5,5
710,CO[C@@H]1[C@@H](OC(=O)c2ccc(C)[nH]2)[C@@H](O)[C@H](Oc2ccc3c(O)c(C4(O)CC(N)C4O)c(=O)oc3c2C)OC1(C)C,True,0.8382399999999999,41.0,574.5830000000002,5.0842833208816485,0.5271563750258373,0.5271563750258373,-7.4,5
747,CO[C@@H]1[C@@H](OC(=O)c2ccc(C)[nH]2)[C@@H](O)[C@H](Oc2ccc3c(O)c(OCCCl)c(=O)oc3c2C)OC1(C)C,True,3.176340000000001,38.0,551.9760000000002,4.424204937387583,0.7211916170773744,0.7211916170773744,-7.4,5
888,CO[C@@H]1[C@@H](OC(=O)c2ccc(C)[nH]2)[C@@H](O)[C@H](Oc2ccc3c(O)c(-c4noc(N)n4)c(=O)oc3c2C)OC1(C)C,True,2.1909399999999994,40.0,556.5280000000002,4.615481842784008,0.560594686222454,0.560594686222454,-7.3,5
900,CO[C@@H]1[C@@H](OC(=O)c2ccc(C)[nH]2)[C@@H](O)[C@H](Oc2ccc3c(O)c(OCCCF)c(=O)oc3c2C)OC1(C)C,True,3.297140000000001,39.0,549.5480000000003,4.450355234201749,0.7106702206706119,0.7106702206706119,-7.5,5
911,CO[C@@H]1[C@@H](OC(=O)c2ccc(C)[nH]2)[C@@H](O)[C@H](Oc2ccc3c(O)c(OCCCCCCN)c(=O)oc3c2C)OC1(C)C,True,3.456640000000002,42.0,588.6540000000003,4.394510407182851,0.6580191786599316,0.6580191786599316,-7.2,5
915,CO[C@@H]1[C@@H](OC(=O)c2ccc(C)[nH]2)[C@@H](O)[C@H](Oc2ccc3c(O)c(Oc4ccccc4F)c(=O)oc3c2C)OC1(C)C,True,4.490140000000003,42.0,583.5650000000002,4.340342104795584,0.5785525012901147,0.5785525012901147,-7.9,5
963,CO[C@@H]1[C@@H](OC(=O)c2ccc(C)[nH]2)[C@@H](O)[C@H](Oc2ccc3c(O)c(C4(CO)CS(=O)(=O)C4(N)CO)c(=O)oc3c2C)OC1(C)C,True,-0.135459999999999,45.0,652.6750000000002,5.274980513581694,0.4422664428837344,0.4422664428837344,-6.7,5
989,CO[C@@H]1[C@@H](OC(=O)c2ccc(C)[nH]2)[C@@H](O)[C@H](Oc2ccc3c(O)c(O[C@@H]4[C@@H](O)[C@H](O)[C@H](CN)[C@@H]4O)c(=O)oc3c2C)OC1(C)C,True,-0.0226599999999992,45.0,634.6350000000001,5.244747952846602,0.4664259622958006,0.4664259622958006,-8.3,5
994,CO[C@@H]1[C@@H](OC(=O)c2ccc(C)[nH]2)[C@@H](O)[C@H](Oc2ccc3c(O)c(C4(O)CC4(N)CO)c(=O)oc3c2C)OC1(C)C,True,0.8398399999999996,41.0,574.5830000000003,5.0652154691412345,0.5283919862526318,0.5283919862526318,-5.9,5
994,CO[C@@H]1[C@@H](OC(=O)c2ccc(C)[nH]2)[C@@H](O)[C@H](Oc2ccc3c(O)c(C4(O)CC(CO)(CO)[C@@H](O)[C@@H]4O)c(=O)oc3c2C)OC1(C)C,True,-0.1571600000000008,46.0,649.6460000000002,5.313810752240968,0.4489139520469126,0.4489139520469126,-7.4,5
15,CO[C@@H]1[C@@H](OC(=O)c2ccc(C)[nH]2)[C@@H](O)[C@H](Oc2ccc3c(O)c(C4(N)c5[nH]c(=O)c(=O)[nH]c54)c(=O)oc3c2C)OC1(C)C,True,0.4993400000000001,44.0,610.5760000000001,4.922214870049393,0.4977049756769068,0.4977049756769068,-7.1,5
23,CO[C@@H]1[C@@H](OC(=O)c2ccc(C)[nH]2)[C@@H](O)[C@H](Oc2ccc3c(O)c(-c4cccc(C)n4)c(=O)oc3c2C)OC1(C)C,True,3.929160000000002,41.0,564.5910000000002,4.388516955552789,0.6415990268915555,0.6415990268915555,-6.9,5
23,CO[C@@H]1[C@@H](OC(=O)c2ccc(C)[nH]2)[C@@H](O)[C@H](Oc2ccc3c(O)c(NCc4ccc(-c5ccccc5)cc4)c(=O)oc3c2C)OC1(C)C,True,5.837840000000005,48.0,654.7160000000001,4.331384772636475,0.4749386854028237,0.4749386854028237,-9.5,5
33,CO[C@@H]1[C@@H](OC(=O)c2ccc(C)[nH]2)[C@@H](O)[C@H](Oc2ccc3c(O)c(N(C)CCCN)c(=O)oc3c2C)OC1(C)C,True,2.3437399999999995,40.0,559.6160000000003,4.556715301435448,0.5544378027873089,0.5544378027873089,-5.9,5
33,CO[C@@H]1[C@@H](OC(=O)c2ccc(C)[nH]2)[C@@H](O)[C@H](Oc2ccc3c(O)c([SH](C)N)c(=O)oc3c2C)OC1(C)C,True,2.42234,37.0,536.6030000000003,4.967047906689357,0.5733908519799448,0.5733908519799448,-6.5,5
37,CO[C@@H]1[C@@H](OC(=O)c2ccc(C)[nH]2)[C@@H](O)[C@H](Oc2ccc3c(O)c(NC(O)=S)c(=O)oc3c2C)OC1(C)C,True,2.8135400000000006,38.0,548.5700000000002,4.555951491934604,0.7688532419656154,0.7688532419656154,-7.3,5
38,CO[C@@H]1[C@@H](OC(=O)c2ccc(C)[nH]2)[C@@H](O)[C@H](Oc2ccc3c(O)c(N4CCOCC4)c(=O)oc3c2C)OC1(C)C,True,2.395340000000001,40.0,558.5840000000003,4.428469361211526,0.558684499342336,0.3724563328948907,-6.0,5
46,CO[C@@H]1[C@@H](OC(=O)c2ccc(C)[nH]2)[C@@H](O)[C@H](Oc2ccc3c(O)c(N(CCN)CCO)c(=O)oc3c2C)OC1(C)C,True,1.3161399999999994,41.0,575.6150000000004,4.626839874448053,0.5371169173662296,0.5371169173662296,-6.6,5
52,CO[C@@H]1[C@@H](OC(=O)c2ccc(C)[nH]2)[C@@H](O)[C@H](Oc2ccc3c(O)c(NC[C@@H](O)CO)c(=O)oc3c2C)OC1(C)C,True,1.3238399999999997,40.0,562.5720000000002,4.630799285024326,0.564400628915168,0.564400628915168,-7.0,5
57,CO[C@@H]1[C@@H](OC(=O)c2ccc(C)[nH]2)[C@@H](O)[C@H](Oc2ccc3c(O)c(NCC4CC4)c(=O)oc3c2C)OC1(C)C,True,3.3806400000000014,39.0,542.5850000000003,4.434530503791972,0.7248420794394341,0.7248420794394341,-7.8,5
82,CO[C@@H]1[C@@H](OC(=O)c2ccc(C)[nH]2)[C@@H](O)[C@H](Oc2ccc3c(O)c(-c4ccc(OCCN)cc4)c(=O)oc3c2C)OC1(C)C,True,3.563240000000002,44.0,608.6440000000002,4.369600777993908,0.626751420116017,0.626751420116017,-6.8,5
90,CO[C@@H]1[C@@H](OC(=O)c2ccc(C)[nH]2)[C@@H](O)[C@H](Oc2ccc3c(O)c(NCCCN4CC4)c(=O)oc3c2C)OC1(C)C,True,2.6763400000000006,41.0,571.6270000000003,4.413601775157963,0.7455524817312086,0.7455524817312086,-7.0,5
96,CO[C@@H]1[C@@H](OC(=O)c2ccc(C)[nH]2)[C@@H](O)[C@H](Oc2ccc3c(O)c(CCNC(=O)Nc4ccccc4)c(=O)oc3c2C)OC1(C)C,True,3.9229400000000014,46.0,635.6700000000001,4.351006025170232,0.5741384446491733,0.5741384446491733,-9.0,5
97,C=CC(N)c1c(O)c2ccc(O[C@@H]3OC(C)(C)[C@H](OC)[C@@H](OC(=O)c4ccc(C)[nH]4)[C@H]3O)c(C)c2oc1=O,True,2.7445400000000006,38.0,528.5580000000002,4.685951663833256,0.7708594866834988,0.7708594866834988,-6.9,5
107,CO[C@@H]1[C@@H](OC(=O)c2ccc(C)[nH]2)[C@@H](O)[C@H](Oc2ccc3c(O)c(CN=[N+]=[N-])c(=O)oc3c2C)OC1(C)C,True,3.369040000000002,38.0,528.5180000000003,4.605698724369832,0.7254397088702552,0.7254397088702552,-7.2,5
113,CO[C@@H]1[C@@H](OC(=O)c2ccc(C)[nH]2)[C@@H](O)[C@H](Oc2ccc3c(O)c(C(O)C(N)CNC4(O)CO4)c(=O)oc3c2C)OC1(C)C,True,0.1853400000000009,44.0,619.6240000000001,5.251397855084294,0.4769551997193846,0.4769551997193846,-6.8,5
116,CO[C@@H]1[C@@H](OC(=O)c2ccc(C)[nH]2)[C@@H](O)[C@H](Oc2ccc3c(O)c(CS(=O)(=O)CCN)c(=O)oc3c2C)OC1(C)C,True,1.4322399999999995,41.0,594.6390000000002,4.579409914543091,0.5194280593323717,0.5194280593323717,-6.5,5
127,CO[C@@H]1[C@@H](OC(=O)c2ccc(C)[nH]2)[C@@H](O)[C@H](Oc2ccc3c(O)c(CC(=O)N(C)CN)c(=O)oc3c2C)OC1(C)C,True,1.47584,41.0,573.5990000000003,4.601360434293612,0.5420695740679935,0.5420695740679935,-6.2,5
140,CO[C@@H]1[C@@H](OC(=O)c2ccc(C)[nH]2)[C@@H](O)[C@H](Oc2ccc3c(O)c(CCN4CCCCC4)c(=O)oc3c2C)OC1(C)C,True,3.5871400000000024,42.0,584.6660000000004,4.386460611222844,0.6492073842581034,0.6492073842581034,-7.9,5
148,CO[C@@H]1[C@@H](OC(=O)c2ccc(C)[nH]2)[C@@H](O)[C@H](Oc2ccc3c(O)c(CNC(=O)CCNC(=O)CC(N)CO)c(=O)oc3c2C)OC1(C)C,True,0.3909400000000025,48.0,674.7040000000002,4.737796041875249,0.4319761809166541,0.4319761809166541,-7.9,5
152,CO[C@@H]1[C@@H](OC(=O)c2ccc(C)[nH]2)[C@@H](O)[C@H](Oc2ccc3c(O)c(CCC(C)O)c(=O)oc3c2C)OC1(C)C,True,2.872140000000001,39.0,545.5850000000003,4.573982648089537,0.746240333769563,0.746240333769563,-7.1,5
174,COC(=O)C(N)(c1c(O)c2ccc(O[C@@H]3OC(C)(C)[C@H](OC)[C@@H](OC(=O)c4ccc(C)[nH]4)[C@H]3O)c(C)c2oc1=O)C(O)CO,True,0.2389400000000004,44.0,620.6080000000003,5.050042443569978,0.4830190577660816,0.4830190577660816,-6.6,5
184,C=CC(C)c1c(O)c2ccc(O[C@@H]3OC(C)(C)[C@H](OC)[C@@H](OC(=O)c4ccc(C)[nH]4)[C@H]3O)c(C)c2oc1=O,True,3.8482400000000014,38.0,527.5700000000003,4.67195226129405,0.6840379230941988,0.6840379230941988,-6.9,5
190,C#CC(N)C(O)c1c(O)c2ccc(O[C@@H]3OC(C)(C)[C@H](OC)[C@@H](OC(=O)c4ccc(C)[nH]4)[C@H]3O)c(C)c2oc1=O,True,1.5526400000000002,40.0,556.5680000000002,4.9625993094340615,0.5464409158103403,0.5464409158103403,-6.1,5
216,CCNC(C)c1c(O)c2ccc(O[C@@H]3OC(C)(C)[C@H](OC)[C@@H](OC(=O)c4ccc(C)[nH]4)[C@H]3O)c(C)c2oc1=O,True,3.2292400000000017,39.0,544.6010000000002,4.55014766986022,0.7221486946078824,0.7221486946078824,-7.2,5
218,C=C(Cl)c1c(O)c2ccc(O[C@@H]3OC(C)(C)[C@H](OC)[C@@H](OC(=O)c4ccc(C)[nH]4)[C@H]3O)c(C)c2oc1=O,True,3.768240000000002,37.0,533.9610000000002,4.521488027546491,0.6880619399120217,0.6880619399120217,-6.4,5
257,CO[C@@H]1[C@@H](OC(=O)c2ccc(C)[nH]2)[C@@H](O)[C@H](Oc2ccc3c(O)c(C(N)C(O)C(CO)CO)c(=O)oc3c2C)OC1(C)C,True,0.52024,43.0,606.6250000000001,4.984879852780894,0.4997968680772279,0.4997968680772279,-8.0,5
300,CO[C@@H]1[C@@H](OC(=O)c2ccc(C)[nH]2)[C@@H](O)[C@H](Oc2ccc3c(O)c(C(CO)C(N)(CO)CO)c(=O)oc3c2C)OC1(C)C,True,0.3167400000000004,43.0,606.6250000000002,4.942817056528427,0.5027315968828383,0.5027315968828383,-7.6,5
334,CCNC(=O)CCNCc1c(O)c2ccc(O[C@@H]3OC(C)(C)[C@H](OC)[C@@H](OC(=O)c4ccc(C)[nH]4)[C@H]3O)c(C)c2oc1=O,True,2.1745399999999995,43.0,601.6530000000002,4.44534351358122,0.5139927789790673,0.5139927789790673,-7.6,5
344,CO[C@@H]1[C@@H](OC(=O)c2ccc(C)[nH]2)[C@@H](O)[C@H](Oc2ccc3c(O)c(OCc4cccc(N)c4)c(=O)oc3c2C)OC1(C)C,True,3.719940000000002,43.0,594.6170000000002,4.371434120880201,0.6286449624259345,0.6286449624259345,-8.5,5
347,CO[C@@H]1[C@@H](OC(=O)c2ccc(C)[nH]2)[C@@H](O)[C@H](Oc2ccc3c(O)c(C(O)(O)CS(=O)(=O)CCN)c(=O)oc3c2C)OC1(C)C,True,0.0696400000000001,44.0,640.6640000000002,4.8931771581849866,0.4636833605283971,0.4636833605283971,-6.1,5
396,CO[C@@H]1[C@@H](OC(=O)c2ccc(C)[nH]2)[C@@H](O)[C@H](Oc2ccc3c(O)c(C(O)C(N)C(O)CNS(C)(=O)=O)c(=O)oc3c2C)OC1(C)C,True,-0.1704599999999994,46.0,669.706,5.137026297238849,0.4312481995807277,0.4312481995807277,-7.3,5
402,CO[C@@H]1[C@@H](OC(=O)c2ccc(C)[nH]2)[C@@H](O)[C@H](Oc2ccc3c(O)c(CS(=O)(=O)CCNC(=O)C(O)CN)c(=O)oc3c2C)OC1(C)C,True,-0.0906599999999968,47.0,681.717,4.864385726454067,0.424034671544264,0.424034671544264,-7.6,5
432,CO[C@@H]1[C@@H](OC(=O)c2ccc(C)[nH]2)[C@@H](O)[C@H](Oc2ccc3c(O)c(C(O)[C@@H](O)CN)c(=O)oc3c2C)OC1(C)C,True,0.91174,40.0,562.5720000000002,4.823113411998165,0.5480057695278706,0.5480057695278706,-7.5,5
434,CO[C@@H]1[C@@H](OC(=O)c2ccc(C)[nH]2)[C@@H](O)[C@H](Oc2ccc3c(O)c(C(C)(O)CO)c(=O)oc3c2C)OC1(C)C,True,1.7585399999999995,39.0,547.5570000000002,4.745256386426672,0.5683169078878362,0.5683169078878362,-6.2,5
452,CO[C@@H]1[C@@H](OC(=O)c2ccc(C)[nH]2)[C@@H](O)[C@H](Oc2ccc3c(O)c(C(C)CO)c(=O)oc3c2C)OC1(C)C,True,2.654540000000001,38.0,531.5580000000003,4.57739647339263,0.7814704184987753,0.7814704184987753,-6.7,5
501,COC(=O)C(O)(c1c(O)c2ccc(O[C@@H]3OC(C)(C)[C@H](OC)[C@@H](OC(=O)c4ccc(C)[nH]4)[C@H]3O)c(C)c2oc1=O)C(O)CN,True,0.2389400000000018,44.0,620.6080000000002,5.056587684769456,0.4817346983275937,0.4817346983275937,-5.6,5
503,CO[C@@H]1[C@@H](OC(=O)c2ccc(C)[nH]2)[C@@H](O)[C@H](Oc2ccc3c(O)c(CC(=O)N(C)CC(N)(CO)CO)c(=O)oc3c2C)OC1(C)C,True,0.2417400000000009,46.0,647.6780000000002,4.804359634816635,0.4618087249994619,0.4618087249994619,-7.5,5
514,CO[C@@H]1[C@@H](OC(=O)c2ccc(C)[nH]2)[C@@H](O)[C@H](Oc2ccc3c(O)c(Cn4cc(N)c(=O)[nH]c4=O)c(=O)oc3c2C)OC1(C)C,True,1.03924,44.0,612.5920000000001,4.63002871620324,0.4971882465406899,0.4971882465406899,-6.7,5
534,CO[C@@H]1[C@@H](OC(=O)c2ccc(C)[nH]2)[C@@H](O)[C@H](Oc2ccc3c(O)c(-c4ccnn4C)c(=O)oc3c2C)OC1(C)C,True,2.959240000000001,40.0,553.5680000000002,4.517720444182608,0.7281239691661688,0.7281239691661688,-7.0,5
534,CO[C@@H]1[C@@H](OC(=O)c2ccc(C)[nH]2)[C@@H](O)[C@H](Oc2ccc3c(O)c(-c4cn[nH]c4N)c(=O)oc3c2C)OC1(C)C,True,2.53104,40.0,554.5560000000002,4.579795269357435,0.5557845296078268,0.5557845296078268,-7.5,5
549,CO[C@@H]1[C@@H](OC(=O)c2ccc(C)[nH]2)[C@@H](O)[C@H](Oc2ccc3c(O)c(C(O)(F)CN)c(=O)oc3c2C)OC1(C)C,True,1.6320400000000002,39.0,550.5360000000003,4.833476166646452,0.5608704725497752,0.5608704725497752,-6.9,5
580,CO[C@@H]1[C@@H](OC(=O)c2ccc(C)[nH]2)[C@@H](O)[C@H](Oc2ccc3c(O)c(Cc4ccccc4O)c(=O)oc3c2C)OC1(C)C,True,3.855140000000002,42.0,579.6020000000002,4.367839850153674,0.6444295444949437,0.6444295444949437,-8.1,5
595,CO[C@@H]1[C@@H](OC(=O)c2ccc(C)[nH]2)[C@@H](O)[C@H](Oc2ccc3c(O)c(COC(=O)CN4CC(N)C4)c(=O)oc3c2C)OC1(C)C,True,1.2448400000000006,44.0,615.6360000000002,4.580901408510932,0.4949906739491088,0.4949906739491088,-7.6,5
596,CO[C@@H]1[C@@H](OC(=O)c2ccc(C)[nH]2)[C@@H](O)[C@H](Oc2ccc3c(O)c(NCCCF)c(=O)oc3c2C)OC1(C)C,True,3.3302400000000016,39.0,548.5640000000003,4.522052430463431,0.7182505995688302,0.7182505995688302,-7.2,5
615,CO[C@@H]1[C@@H](OC(=O)c2ccc(C)[nH]2)[C@@H](O)[C@H](Oc2ccc3c(O)c(CC(N)CC(N)=O)c(=O)oc3c2C)OC1(C)C,True,1.3039400000000003,41.0,573.5990000000003,4.654028438176601,0.5384989339577025,0.5384989339577025,-7.1,5
634,CO[C@@H]1[C@@H](OC(=O)c2ccc(C)[nH]2)[C@@H](O)[C@H](Oc2ccc3c(O)c(CC(=O)N4CCN(S(C)(=O)=O)CC4)c(=O)oc3c2C)OC1(C)C,True,1.205040000000001,47.0,677.729,4.519425878050148,0.4349980832131414,0.4349980832131414,-7.6,5
642,CO[C@@H]1[C@@H](OC(=O)c2ccc(C)[nH]2)[C@@H](O)[C@H](Oc2ccc3c(O)c(CS(=O)(=O)CC(=O)NCCN)c(=O)oc3c2C)OC1(C)C,True,0.5484400000000011,45.0,651.6910000000003,4.626339459480837,0.4573831239615697,0.4573831239615697,-7.7,5
649,CO[C@@H]1[C@@H](OC(=O)c2ccc(C)[nH]2)[C@@H](O)[C@H](Oc2ccc3c(O)c(CNC(=O)c4ccccc4Cl)c(=O)oc3c2C)OC1(C)C,True,4.142140000000003,45.0,641.0730000000001,4.338079761722224,0.552511134668201,0.552511134668201,-8.4,5
650,CO[C@@H]1[C@@H](OC(=O)c2ccc(C)[nH]2)[C@@H](O)[C@H](Oc2ccc3c(O)c(CC(=O)CF)c(=O)oc3c2C)OC1(C)C,True,2.6398400000000004,39.0,547.5320000000003,4.567743883605599,0.7658214833866855,0.7658214833866855,-7.6,5
727,CO[C@@H]1[C@@H](OC(=O)c2ccc(C)[nH]2)[C@@H](O)[C@H](Oc2ccc3c(O)c(C4(O)CN(C(=O)CO)CCC4(O)CN)c(=O)oc3c2C)OC1(C)C,True,-0.3392599999999974,48.0,675.6880000000001,5.194740317106147,0.4142337948141709,0.4142337948141709,-6.1,5
731,CO[C@@H]1[C@@H](OC(=O)c2ccc(C)[nH]2)[C@@H](O)[C@H](Oc2ccc3c(O)c(Cc4cccc(CN)c4)c(=O)oc3c2C)OC1(C)C,True,3.608240000000001,43.0,592.6450000000002,4.382454030382464,0.6416876179334816,0.6416876179334816,-7.9,5
734,CO[C@@H]1[C@@H](OC(=O)c2ccc(C)[nH]2)[C@@H](O)[C@H](Oc2ccc3c(O)c(CCN(C)CCNC(=O)CN)c(=O)oc3c2C)OC1(C)C,True,1.107940000000002,45.0,630.6950000000003,4.585838573681311,0.4808380168102225,0.4808380168102225,-7.7,5
735,CO[C@@H]1[C@@H](OC(=O)c2ccc(C)[nH]2)[C@@H](O)[C@H](Oc2ccc3c(O)c(C(N)C(=O)N(C)C(=O)CO)c(=O)oc3c2C)OC1(C)C,True,0.5358400000000003,44.0,617.6080000000002,4.892936458449103,0.4886664237862914,0.4886664237862914,-8.0,5
742,CO[C@@H]1[C@@H](OC(=O)c2ccc(C)[nH]2)[C@@H](O)[C@H](Oc2ccc3c(O)c(CCNC(=O)CCNC(=O)CCN)c(=O)oc3c2C)OC1(C)C,True,1.0725400000000014,47.0,658.7050000000002,4.529165781896302,0.4578442718334019,0.4578442718334019,-7.5,5
795,CO[C@@H]1[C@@H](OC(=O)c2ccc(C)[nH]2)[C@@H](O)[C@H](Oc2ccc3c(O)c(C(N)C(=O)NCC(=O)NCCN(C)C)c(=O)oc3c2C)OC1(C)C,True,0.3525400000000023,48.0,673.7200000000001,4.748583342114646,0.4298535442808179,0.4298535442808179,-7.5,5
804,COCC(O)c1c(O)c2ccc(O[C@@H]3OC(C)(C)[C@H](OC)[C@@H](OC(=O)c4ccc(C)[nH]4)[C@H]3O)c(C)c2oc1=O,True,2.2385399999999995,39.0,547.5570000000002,4.607180761297085,0.5734685884462715,0.5734685884462715,-6.7,5
805,CO[C@@H]1[C@@H](OC(=O)c2ccc(C)[nH]2)[C@@H](O)[C@H](Oc2ccc3c(O)c(CC(=O)NNC(=O)C(C)(N)CO)c(=O)oc3c2C)OC1(C)C,True,-0.0416599999999975,46.0,646.6500000000002,4.8178057521729,0.460266604522047,0.460266604522047,-7.0,5
815,CO[C@@H]1[C@@H](OC(=O)c2ccc(C)[nH]2)[C@@H](O)[C@H](Oc2ccc3c(O)c(OCCCN(C)C)c(=O)oc3c2C)OC1(C)C,True,2.889240000000002,41.0,574.6270000000003,4.398522978843657,0.7176930346723569,0.7176930346723569,-6.7,5
881,CO[C@@H]1[C@@H](OC(=O)c2ccc(C)[nH]2)[C@@H](O)[C@H](Oc2ccc3c(O)c(CN4CC(CO)C4)c(=O)oc3c2C)OC1(C)C,True,1.98284,41.0,572.6110000000003,4.484482868953546,0.5432400122885487,0.5432400122885487,-7.0,5
883,CO[C@@H]1[C@@H](OC(=O)c2ccc(C)[nH]2)[C@@H](O)[C@H](Oc2ccc3c(O)c(CN(C)C4CC4)c(=O)oc3c2C)OC1(C)C,True,3.152940000000002,40.0,556.6120000000003,4.45978460277631,0.71272820700389,0.71272820700389,-5.4,5
883,CO[C@@H]1[C@@H](OC(=O)c2ccc(C)[nH]2)[C@@H](O)[C@H](Oc2ccc3c(O)c(CN4CC(CN)C4)c(=O)oc3c2C)OC1(C)C,True,1.94924,41.0,571.6270000000003,4.507207868953547,0.5413974435974408,0.5413974435974408,-7.7,5
958,CO[C@@H]1[C@@H](OC(=O)c2ccc(C)[nH]2)[C@@H](O)[C@H](Oc2ccc3c(O)c(C(O)C(N)C4(O)CN(C)C4=O)c(=O)oc3c2C)OC1(C)C,True,0.1225400000000005,45.0,631.6350000000001,5.244157665849591,0.4576516255431985,0.4576516255431985,-8.1,5
964,CNC(=O)CN(C)C(=O)Cc1c(O)c2ccc(O[C@@H]3OC(C)(C)[C@H](OC)[C@@H](OC(=O)c4ccc(C)[nH]4)[C@H]3O)c(C)c2oc1=O,True,1.3056400000000004,44.0,615.6360000000002,4.515216728485074,0.4998025958243451,0.4998025958243451,-6.8,5
967,CO[C@@H]1[C@@H](OC(=O)c2ccc(C)[nH]2)[C@@H](O)[C@H](Oc2ccc3c(O)c(C(N)C(=O)NCC(O)CC(N)=O)c(=O)oc3c2C)OC1(C)C,True,-0.0889599999999974,46.0,646.6500000000002,4.918097709031168,0.4558661097679499,0.4558661097679499,-7.6,5
27,CO[C@@H]1[C@@H](OC(=O)c2ccc(C)[nH]2)[C@@H](O)[C@H](Oc2ccc3c(O)c(C(O)C4(O)CN(C(=O)CN)C4)c(=O)oc3c2C)OC1(C)C,True,0.1241400000000001,45.0,631.6350000000002,4.9220928417346,0.4676628520118089,0.4676628520118089,-8.2,5
74,CO[C@@H]1[C@@H](OC(=O)c2ccc(C)[nH]2)[C@@H](O)[C@H](Oc2ccc3c(O)c(C4COC4N)c(=O)oc3c2C)OC1(C)C,True,1.95734,39.0,544.5570000000002,4.876510084465075,0.5625477432590881,0.5625477432590881,-6.8,5
95,CO[C@@H]1[C@@H](OC(=O)c2ccc(C)[nH]2)[C@@H](O)[C@H](Oc2ccc3c(O)c(CNC(=O)CCOCCO)c(=O)oc3c2C)OC1(C)C,True,1.5739399999999992,44.0,618.6360000000002,4.493611516584676,0.4961881369856681,0.4961881369856681,-6.9,5
117,CO[C@@H]1[C@@H](OC(=O)c2ccc(C)[nH]2)[C@@H](O)[C@H](Oc2ccc3c(O)c(S(=O)(=O)NCC(CN)CO)c(=O)oc3c2C)OC1(C)C,True,0.4042400000000012,44.0,639.6800000000002,4.824218298642808,0.4658949619954393,0.4658949619954393,-6.1,5
118,COC(N)Cc1c(O)c2ccc(O[C@@H]3OC(C)(C)[C@H](OC)[C@@H](OC(=O)c4ccc(C)[nH]4)[C@H]3O)c(C)c2oc1=O,True,2.03244,39.0,546.5730000000003,4.693558555201293,0.5678841863016489,0.5678841863016489,-7.0,5
136,COC(=O)CNC(=O)CNc1c(O)c2ccc(O[C@@H]3OC(C)(C)[C@H](OC)[C@@H](OC(=O)c4ccc(C)[nH]4)[C@H]3O)c(C)c2oc1=O,True,1.2598399999999992,44.0,617.6080000000003,4.500526793126316,0.5103518246456719,0.5103518246456719,-7.7,5
141,COCCNC(=O)CNc1c(O)c2ccc(O[C@@H]3OC(C)(C)[C@H](OC)[C@@H](OC(=O)c4ccc(C)[nH]4)[C@H]3O)c(C)c2oc1=O,True,1.733239999999999,43.0,603.6250000000002,4.468884321925417,0.5255322317673337,0.5255322317673337,-7.7,5
142,CO[C@@H]1[C@@H](OC(=O)c2ccc(C)[nH]2)[C@@H](O)[C@H](Oc2ccc3c(O)c(NC[C@@H](C)O)c(=O)oc3c2C)OC1(C)C,True,2.35144,39.0,546.5730000000002,4.595220819352237,0.5823573318339434,0.5823573318339434,-7.0,5
158,CO[C@@H]1[C@@H](OC(=O)c2ccc(C)[nH]2)[C@@H](O)[C@H](Oc2ccc3c(O)c(COC(=O)CCN)c(=O)oc3c2C)OC1(C)C,True,1.95074,41.0,574.5830000000003,4.482465286535964,0.542530109122408,0.542530109122408,-7.4,5
168,CO[C@@H]1[C@@H](OC(=O)c2ccc(C)[nH]2)[C@@H](O)[C@H](Oc2ccc3c(O)c(CNC(=O)CCNC(=O)CS(C)(=O)=O)c(=O)oc3c2C)OC1(C)C,True,0.7258400000000009,48.0,693.7280000000002,4.587072622735093,0.4372684071258029,0.4372684071258029,-7.6,5
173,CO[C@@H]1[C@@H](OC(=O)c2ccc(C)[nH]2)[C@@H](O)[C@H](Oc2ccc3c(O)c(NCCNC(=O)CCO)c(=O)oc3c2C)OC1(C)C,True,1.4692399999999992,43.0,603.6250000000002,4.522146251521246,0.5256885632432293,0.5256885632432293,-7.2,5
187,COCCNC(=O)c1ccc(-c2c(O)c3ccc(O[C@@H]4OC(C)(C)[C@H](OC)[C@@H](OC(=O)c5ccc(C)[nH]5)[C@H]4O)c(C)c3oc2=O)cc1,True,3.6019400000000026,47.0,650.6810000000002,4.365245426866716,0.5925266578093517,0.5925266578093517,-8.6,5
193,CO[C@@H]1[C@@H](OC(=O)c2ccc(C)[nH]2)[C@@H](O)[C@H](Oc2ccc3c(O)c(NC(=O)Cc4ccccc4F)c(=O)oc3c2C)OC1(C)C,True,3.8790400000000025,45.0,624.618,4.36723708182148,0.6023236444251161,0.6023236444251161,-8.3,5
211,CO[C@@H]1[C@@H](OC(=O)c2ccc(C)[nH]2)[C@@H](O)[C@H](Oc2ccc3c(O)c(N(C)OC)c(=O)oc3c2C)OC1(C)C,True,2.5563400000000005,38.0,532.5460000000003,4.608530580806898,0.585354948001197,0.585354948001197,-6.6,5
215,CO[C@@H]1[C@@H](OC(=O)c2ccc(C)[nH]2)[C@@H](O)[C@H](Oc2ccc3c(O)c(CNc4ccccc4F)c(=O)oc3c2C)OC1(C)C,True,4.309940000000003,43.0,596.6080000000002,4.355562239820085,0.5804017248210858,0.5804017248210858,-8.1,5
295,COC(=O)C(N)COc1c(O)c2ccc(O[C@@H]3OC(C)(C)[C@H](OC)[C@@H](OC(=O)c4ccc(C)[nH]4)[C@H]3O)c(C)c2oc1=O,True,1.437839999999999,42.0,590.5820000000002,4.620526733903548,0.5276995153823293,0.5276995153823293,-7.2,5
301,CO[C@@H]1[C@@H](OC(=O)c2ccc(C)[nH]2)[C@@H](O)[C@H](Oc2ccc3c(O)c(NC[C@H](C)O)c(=O)oc3c2C)OC1(C)C,True,2.35144,39.0,546.5730000000002,4.595220819352237,0.5823573318339434,0.5823573318339434,-7.2,5
360,CO[C@@H]1[C@@H](OC(=O)c2ccc(C)[nH]2)[C@@H](O)[C@H](Oc2ccc3c(O)c(C(C(O)CN)C(O)CO)c(=O)oc3c2C)OC1(C)C,True,0.3151399999999997,43.0,606.6250000000001,5.055571222336205,0.4970378299418954,0.4970378299418954,-6.7,5
368,COCCCC(=O)NCc1c(O)c2ccc(O[C@@H]3OC(C)(C)[C@H](OC)[C@@H](OC(=O)c4ccc(C)[nH]4)[C@H]3O)c(C)c2oc1=O,True,2.60154,43.0,602.6370000000003,4.4093881028902135,0.7147197023677069,0.7147197023677069,-7.4,5
374,CO[C@@H]1[C@@H](OC(=O)c2ccc(C)[nH]2)[C@@H](O)[C@H](Oc2ccc3c(O)c(C(O)C(=O)N(C)C(=O)C(O)CN)c(=O)oc3c2C)OC1(C)C,True,-0.1032599999999985,46.0,647.6340000000001,5.104157897858864,0.4499508363580597,0.4499508363580597,-8.2,5
581,CO[C@@H]1[C@@H](OC(=O)c2ccc(C)[nH]2)[C@@H](O)[C@H](Oc2ccc3c(O)c(C(C)(N)C#N)c(=O)oc3c2C)OC1(C)C,True,2.25622,39.0,541.5570000000004,4.807591771042057,0.5658430071678664,0.5658430071678664,-6.0,5
585,CO[C@@H]1[C@@H](OC(=O)c2ccc(C)[nH]2)[C@@H](O)[C@H](Oc2ccc3c(O)c(NCCS(N)(=O)=O)c(=O)oc3c2C)OC1(C)C,True,1.2591399999999997,41.0,595.6270000000002,4.550455236788414,0.5357028830795786,0.5357028830795786,-7.1,5
622,CO[C@@H]1[C@@H](OC(=O)c2ccc(C)[nH]2)[C@@H](O)[C@H](Oc2ccc3c(O)c(C(N)CF)c(=O)oc3c2C)OC1(C)C,True,2.5280400000000007,38.0,534.5370000000003,4.681705061891511,0.5812680859572552,0.5812680859572552,-7.1,5
632,CO[C@@H]1[C@@H](OC(=O)c2ccc(C)[nH]2)[C@@H](O)[C@H](Oc2ccc3c(O)c(CC(=O)NCCNC(=O)[C@@H](C)N)c(=O)oc3c2C)OC1(C)C,True,0.6808400000000014,46.0,644.6780000000002,4.631976405274637,0.4663390027070878,0.4663390027070878,-7.8,5
809,CO[C@@H]1[C@@H](OC(=O)c2ccc(C)[nH]2)[C@@H](O)[C@H](Oc2ccc3c(O)c(C(N)(C(N)=O)S(C)(=O)=O)c(=O)oc3c2C)OC1(C)C,True,0.2001400000000011,43.0,623.6370000000002,4.931100220007416,0.4799176544045487,0.4799176544045487,-5.8,5
843,CO[C@@H]1[C@@H](OC(=O)c2ccc(C)[nH]2)[C@@H](O)[C@H](Oc2ccc3c(O)c(C(N)C(=O)N(C)CC(=O)NCCO)c(=O)oc3c2C)OC1(C)C,True,0.125440000000002,47.0,660.6770000000002,4.786965011735715,0.445756588500381,0.445756588500381,-6.4,5
864,CO[C@@H]1[C@@H](OC(=O)c2ccc(C)[nH]2)[C@@H](O)[C@H](Oc2ccc3c(O)c(C(N)C(O)C(CO)NC(=O)C(C)O)c(=O)oc3c2C)OC1(C)C,True,-0.2226599999999983,47.0,663.6770000000001,5.194536503248134,0.4318919273680672,0.4318919273680672,-8.3,5
874,CO[C@@H]1[C@@H](OC(=O)c2ccc(C)[nH]2)[C@@H](O)[C@H](Oc2ccc3c(O)c(C(CN)C(=O)NC[C@H](O)CO)c(=O)oc3c2C)OC1(C)C,True,0.0704400000000013,45.0,633.6510000000002,4.895243347469117,0.469180881021053,0.469180881021053,-6.0,5
904,CO[C@@H]1[C@@H](OC(=O)c2ccc(C)[nH]2)[C@@H](O)[C@H](Oc2ccc3c(O)c(C(CN)NC(=O)CCNC(=O)CO)c(=O)oc3c2C)OC1(C)C,True,0.173340000000002,47.0,660.6770000000002,4.7701277956545525,0.4461307488577402,0.4461307488577402,-7.7,5
931,CO[C@@H]1[C@@H](OC(=O)c2ccc(C)[nH]2)[C@@H](O)[C@H](Oc2ccc3c(O)c(CS(=O)(=O)N4CC(N)(CO)C4)c(=O)oc3c2C)OC1(C)C,True,0.3939400000000008,45.0,651.6910000000003,4.790832095458869,0.4518585731724421,0.4518585731724421,-7.6,5
996,CO[C@@H]1[C@@H](OC(=O)c2ccc(C)[nH]2)[C@@H](O)[C@H](Oc2ccc3c(O)c(C4C(O)C(CO)CN4C(=O)C(O)CN)c(=O)oc3c2C)OC1(C)C,True,-0.2689599999999987,48.0,675.688,5.317262600215411,0.4115110774117429,0.4115110774117429,-6.3,5
8,CO[C@@H]1[C@@H](OC(=O)c2ccc(C)[nH]2)[C@@H](O)[C@H](Oc2ccc3c(O)c(NC(=O)c4ccc([N+](=O)[O-])cc4)c(=O)oc3c2C)OC1(C)C,True,3.719240000000002,46.0,637.5980000000001,4.374356763494408,0.6179193600714207,0.6179193600714207,-7.4,6
10,CO[C@@H]1[C@@H](OC(=O)c2ccc(C)[nH]2)[C@@H](O)[C@H](Oc2ccc3c(O)c(Nc4cccc(-c5ccccc5)c4)c(=O)oc3c2C)OC1(C)C,True,5.969340000000005,47.0,640.6890000000001,4.335806341336861,0.4886601327540905,0.4886601327540905,-8.6,6
10,CO[C@@H]1[C@@H](OC(=O)c2ccc(C)[nH]2)[C@@H](O)[C@H](Oc2ccc3c(O)c(-c4[nH]c(=O)c(=O)[nH]c4N)c(=O)oc3c2C)OC1(C)C,True,1.184539999999999,43.0,598.5650000000002,4.705434657899743,0.5131395671882356,0.5131395671882356,-7.5,6
10,CO[C@@H]1[C@@H](OC(=O)c2ccc(C)[nH]2)[C@@H](O)[C@H](Oc2ccc3c(O)c(Nc4ccccc4O)c(=O)oc3c2C)OC1(C)C,True,4.007940000000002,42.0,580.5900000000001,4.3984517864931965,0.6359735860311451,0.6359735860311451,-7.7,6
18,CO[C@@H]1[C@@H](OC(=O)c2ccc(C)[nH]2)[C@@H](O)[C@H](Oc2ccc3c(O)c(NCc4cccc(C)c4)c(=O)oc3c2C)OC1(C)C,True,4.479260000000004,43.0,592.6450000000002,4.361042524241545,0.5833407821342618,0.5833407821342618,-8.0,6
26,CNC(=O)C(CN)c1c(O)c2ccc(O[C@@H]3OC(C)(C)[C@H](OC)[C@@H](OC(=O)c4ccc(C)[nH]4)[C@H]3O)c(C)c2oc1=O,True,1.3470399999999991,41.0,573.5990000000003,4.703036338384503,0.5393900675284401,0.5393900675284401,-7.3,6
30,CO[C@@H]1[C@@H](OC(=O)c2ccc(C)[nH]2)[C@@H](O)[C@H](Oc2ccc3c(O)c(NCCc4ccc(C)cc4)c(=O)oc3c2C)OC1(C)C,True,4.521760000000003,44.0,606.6720000000001,4.357403678372217,0.5654597589805741,0.5654597589805741,-8.2,6
37,COC(=O)CCNc1c(O)c2ccc(O[C@@H]3OC(C)(C)[C@H](OC)[C@@H](OC(=O)c4ccc(C)[nH]4)[C@H]3O)c(C)c2oc1=O,True,2.53374,41.0,574.5830000000003,4.444766660162338,0.5581046984804183,0.5581046984804183,-7.3,6
37,COC(=O)CNC(=O)CCNc1c(O)c2ccc(O[C@@H]3OC(C)(C)[C@H](OC)[C@@H](OC(=O)c4ccc(C)[nH]4)[C@H]3O)c(C)c2oc1=O,True,1.6499399999999989,45.0,631.6350000000003,4.506511369178497,0.4925195580026044,0.4925195580026044,-7.7,6
38,CO[C@@H]1[C@@H](OC(=O)c2ccc(C)[nH]2)[C@@H](O)[C@H](Oc2ccc3c(O)c(NCCOCCO)c(=O)oc3c2C)OC1(C)C,True,1.9795399999999992,41.0,576.5990000000003,4.497304838466335,0.5521728972917792,0.5521728972917792,-6.9,6
39,CO[C@@H]1[C@@H](OC(=O)c2ccc(C)[nH]2)[C@@H](O)[C@H](Oc2ccc3c(O)c(NC4(O)CC(=O)N4)c(=O)oc3c2C)OC1(C)C,True,1.1366399999999992,41.0,573.5550000000002,4.864435090983255,0.5449516063440698,0.5449516063440698,-7.3,6
39,CO[C@@H]1[C@@H](OC(=O)c2ccc(C)[nH]2)[C@@H](O)[C@H](Oc2ccc3c(O)c(NC[C@@H]4O[C@H]4O)c(=O)oc3c2C)OC1(C)C,True,1.6878399999999996,40.0,560.5560000000002,4.84470076791442,0.5644703489578974,0.5644703489578974,-7.4,6
42,CNC(=O)CCNc1c(O)c2ccc(O[C@@H]3OC(C)(C)[C@H](OC)[C@@H](OC(=O)c4ccc(C)[nH]4)[C@H]3O)c(C)c2oc1=O,True,2.1067399999999994,41.0,573.5990000000003,4.468704434887612,0.5557641268403815,0.5557641268403815,-7.8,6
47,COC(=O)CCNC(=O)CNc1c(O)c2ccc(O[C@@H]3OC(C)(C)[C@H](OC)[C@@H](OC(=O)c4ccc(C)[nH]4)[C@H]3O)c(C)c2oc1=O,True,1.6499399999999995,45.0,631.6350000000003,4.49911211964754,0.4959513125026323,0.4959513125026323,-8.0,6
51,CO[C@@H]1[C@@H](OC(=O)c2ccc(C)[nH]2)[C@@H](O)[C@H](Oc2ccc3c(O)c(NC(=O)NCCNC(C)=O)c(=O)oc3c2C)OC1(C)C,True,1.81634,44.0,616.6240000000001,4.458909870049393,0.5226864899675595,0.5226864899675595,-7.9,6
52,CCOC(=O)CNc1c(O)c2ccc(O[C@@H]3OC(C)(C)[C@H](OC)[C@@H](OC(=O)c4ccc(C)[nH]4)[C@H]3O)c(C)c2oc1=O,True,2.53374,41.0,574.5830000000002,4.447178610711788,0.5566475908073898,0.5566475908073898,-7.0,6
53,CO[C@@H]1[C@@H](OC(=O)c2ccc(C)[nH]2)[C@@H](O)[C@H](Oc2ccc3c(O)c(C(CCN)C(O)O)c(=O)oc3c2C)OC1(C)C,True,1.30184,41.0,576.5990000000003,4.788323656471821,0.5325589307487337,0.5325589307487337,-6.5,6
54,CO[C@@H]1[C@@H](OC(=O)c2ccc(C)[nH]2)[C@@H](O)[C@H](Oc2ccc3c(O)c(C(C#N)C#N)c(=O)oc3c2C)OC1(C)C,True,2.6895000000000007,39.0,537.5250000000003,4.639103825550445,0.7667232521040184,0.7667232521040184,-7.0,6
58,CO[C@@H]1[C@@H](OC(=O)c2ccc(C)[nH]2)[C@@H](O)[C@H](Oc2ccc3c(O)c(NC(=S)NCCO)c(=O)oc3c2C)OC1(C)C,True,1.8374399999999995,41.0,591.6390000000001,4.486327374448051,0.5431403440598844,0.5431403440598844,-6.7,6
59,CCCC(N)c1c(O)c2ccc(O[C@@H]3OC(C)(C)[C@H](OC)[C@@H](OC(=O)c4ccc(C)[nH]4)[C@H]3O)c(C)c2oc1=O,True,3.358640000000001,39.0,544.6010000000002,4.577448105273863,0.7065032108076673,0.7065032108076673,-6.9,6
61,CNC(=O)C(c1c(O)c2ccc(O[C@@H]3OC(C)(C)[C@H](OC)[C@@H](OC(=O)c4ccc(C)[nH]4)[C@H]3O)c(C)c2oc1=O)C(O)CN,True,0.7079400000000013,43.0,603.6250000000001,4.916057306361797,0.5015896153299753,0.5015896153299753,-7.4,6
66,CO[C@@H]1[C@@H](OC(=O)c2ccc(C)[nH]2)[C@@H](O)[C@H](Oc2ccc3c(O)c(C(O)CCCN)c(=O)oc3c2C)OC1(C)C,True,2.3310400000000007,40.0,560.6000000000003,4.613558918051849,0.5533932719907468,0.5533932719907468,-6.8,6
69,CO[C@@H]1[C@@H](OC(=O)c2ccc(C)[nH]2)[C@@H](O)[C@H](Oc2ccc3c(O)c(NC(C)CO)c(=O)oc3c2C)OC1(C)C,True,2.35144,39.0,546.5730000000002,4.5985478149981,0.583716769258063,0.583716769258063,-7.2,6
73,CO[C@@H]1[C@@H](OC(=O)c2ccc(C)[nH]2)[C@@H](O)[C@H](Oc2ccc3c(O)c(NCC(CO)CO)c(=O)oc3c2C)OC1(C)C,True,1.5714399999999993,41.0,576.5990000000003,4.616488638184316,0.5523024476278227,0.5523024476278227,-7.3,6
74,CO[C@@H]1[C@@H](OC(=O)c2ccc(C)[nH]2)[C@@H](O)[C@H](Oc2ccc3c(O)c(COc4ccccc4N)c(=O)oc3c2C)OC1(C)C,True,3.719940000000002,43.0,594.6170000000002,4.379847695540834,0.629962182980569,0.629962182980569,-8.4,6
75,CO[C@@H]1[C@@H](OC(=O)c2ccc(C)[nH]2)[C@@H](O)[C@H](Oc2ccc3c(O)c(C(C)NC(=O)CN)c(=O)oc3c2C)OC1(C)C,True,1.694639999999999,41.0,573.5990000000003,4.594117003665167,0.5430184179809489,0.5430184179809489,-7.2,6
85,CO[C@@H]1[C@@H](OC(=O)c2ccc(C)[nH]2)[C@@H](O)[C@H](Oc2ccc3c(O)c(Nc4ccc(CN)cc4)c(=O)oc3c2C)OC1(C)C,True,3.761040000000002,43.0,593.6330000000002,4.390797792502696,0.639160734107775,0.639160734107775,-7.7,6
86,COC(=O)C(N)Cc1c(O)c2ccc(O[C@@H]3OC(C)(C)[C@H](OC)[C@@H](OC(=O)c4ccc(C)[nH]4)[C@H]3O)c(C)c2oc1=O,True,1.6015399999999989,41.0,574.5830000000003,4.586047564995729,0.5434606039445141,0.5434606039445141,-7.1,6
90,COC(=O)c1ccc(Nc2c(O)c3ccc(O[C@@H]4OC(C)(C)[C@H](OC)[C@@H](OC(=O)c5ccc(C)[nH]5)[C@H]4O)c(C)c3oc2=O)cc1,True,4.088940000000002,45.0,622.6270000000003,4.36234961283885,0.5923624187917201,0.5923624187917201,-7.3,6
91,CO[C@@H]1[C@@H](OC(=O)c2ccc(C)[nH]2)[C@@H](O)[C@H](Oc2ccc3c(O)c(NS(=O)(=O)N(C)C)c(=O)oc3c2C)OC1(C)C,True,1.777039999999999,41.0,595.6270000000002,4.545768081241258,0.5330219543724393,0.5330219543724393,-6.3,6
95,CO[C@@H]1[C@@H](OC(=O)c2ccc(C)[nH]2)[C@@H](O)[C@H](Oc2ccc3c(O)c(CC(C)CN)c(=O)oc3c2C)OC1(C)C,True,2.696040000000001,39.0,544.6010000000003,4.602657248960364,0.7595948294769821,0.5063965529846548,-7.5,6
96,CO[C@@H]1[C@@H](OC(=O)c2ccc(C)[nH]2)[C@@H](O)[C@H](Oc2ccc3c(O)c(-c4ccc(N)c(C)c4)c(=O)oc3c2C)OC1(C)C,True,4.116360000000002,42.0,578.6180000000003,4.4014913701629,0.6155452286086678,0.6155452286086678,-7.9,6
97,CO[C@@H]1[C@@H](OC(=O)c2ccc(C)[nH]2)[C@@H](O)[C@H](Oc2ccc3c(O)c(NCCN(C)C)c(=O)oc3c2C)OC1(C)C,True,2.53224,40.0,559.6160000000002,4.454646282381108,0.5712274553559533,0.5712274553559533,-6.9,6
97,COCCCCNc1c(O)c2ccc(O[C@@H]3OC(C)(C)[C@H](OC)[C@@H](OC(=O)c4ccc(C)[nH]4)[C@H]3O)c(C)c2oc1=O,True,3.397240000000002,41.0,574.6270000000003,4.426983531454762,0.691343641375466,0.691343641375466,-7.0,6
98,CO[C@@H]1[C@@H](OC(=O)c2ccc(C)[nH]2)[C@@H](O)[C@H](Oc2ccc3c(O)c(C(F)CN)c(=O)oc3c2C)OC1(C)C,True,2.5280400000000007,38.0,534.5370000000003,4.689797668314214,0.579825889644624,0.579825889644624,-6.9,6
99,CO[C@@H]1[C@@H](OC(=O)c2ccc(C)[nH]2)[C@@H](O)[C@H](Oc2ccc3c(O)c(OCc4cccc(CN)c4)c(=O)oc3c2C)OC1(C)C,True,3.596440000000002,44.0,608.6440000000002,4.3818648385235415,0.6245934642670293,0.6245934642670293,-8.3,6
99,CO[C@@H]1[C@@H](OC(=O)c2ccc(C)[nH]2)[C@@H](O)[C@H](Oc2ccc3c(O)c(OC(C)CN)c(=O)oc3c2C)OC1(C)C,True,2.28474,39.0,546.5730000000003,4.620217045767331,0.5695139976224036,0.3796759984149357,-7.4,6
99,CO[C@@H]1[C@@H](OC(=O)c2ccc(C)[nH]2)[C@@H](O)[C@H](Oc2ccc3c(O)c(Cc4ccccc4CN)c(=O)oc3c2C)OC1(C)C,True,3.608240000000001,43.0,592.6450000000002,4.406425329671411,0.6415470792564724,0.6415470792564724,-6.9,6
101,CO[C@@H]1[C@@H](OC(=O)c2ccc(C)[nH]2)[C@@H](O)[C@H](Oc2ccc3c(O)c(COC(=O)C(O)CN)c(=O)oc3c2C)OC1(C)C,True,0.9215399999999996,42.0,590.5820000000002,4.719747786535127,0.519141661925157,0.519141661925157,-7.1,6
103,CO[C@@H]1[C@@H](OC(=O)c2ccc(C)[nH]2)[C@@H](O)[C@H](Oc2ccc3c(O)c(C(C)(CN)CO)c(=O)oc3c2C)OC1(C)C,True,1.7674399999999997,40.0,560.6000000000003,4.801272985330137,0.5504339694855729,0.5504339694855729,-6.8,6
106,CO[C@@H]1[C@@H](OC(=O)c2ccc(C)[nH]2)[C@@H](O)[C@H](Oc2ccc3c(O)c(NCC(F)F)c(=O)oc3c2C)OC1(C)C,True,3.2357400000000016,39.0,552.5270000000002,4.560304841515613,0.722551443126634,0.722551443126634,-7.5,6
109,CO[C@@H]1[C@@H](OC(=O)c2ccc(C)[nH]2)[C@@H](O)[C@H](Oc2ccc3c(O)c(COc4ccccc4CN)c(=O)oc3c2C)OC1(C)C,True,3.596440000000001,44.0,608.6440000000002,4.402062064248636,0.6233417990899337,0.4155611993932891,-8.6,6
113,CO[C@@H]1[C@@H](OC(=O)c2ccc(C)[nH]2)[C@@H](O)[C@H](Oc2ccc3c(O)c(C4(N)CC(=O)C4O)c(=O)oc3c2C)OC1(C)C,True,1.0464399999999994,41.0,572.5670000000002,4.996411311137077,0.5310952932500461,0.5310952932500461,-8.7,6
120,COC(CN)c1c(O)c2ccc(O[C@@H]3OC(C)(C)[C@H](OC)[C@@H](OC(=O)c4ccc(C)[nH]4)[C@H]3O)c(C)c2oc1=O,True,2.204940000000001,39.0,546.5730000000002,4.64724055810405,0.5689134751260323,0.5689134751260323,-7.3,6
124,CO[C@@H]1[C@@H](OC(=O)c2ccc(C)[nH]2)[C@@H](O)[C@H](Oc2ccc3c(O)c(N(C)S(C)(=O)=O)c(=O)oc3c2C)OC1(C)C,True,1.95454,40.0,580.6120000000002,4.552467631948114,0.5354427632340562,0.5354427632340562,-5.8,6
127,COC(C)c1c(O)c2ccc(O[C@@H]3OC(C)(C)[C@H](OC)[C@@H](OC(=O)c4ccc(C)[nH]4)[C@H]3O)c(C)c2oc1=O,True,3.266140000000002,38.0,531.5580000000003,4.583478026790688,0.7297077425033349,0.7297077425033349,-6.5,6
127,CO[C@@H]1[C@@H](OC(=O)c2ccc(C)[nH]2)[C@@H](O)[C@H](Oc2ccc3c(O)c([SH](C)(=O)O)c(=O)oc3c2C)OC1(C)C,True,2.03714,38.0,553.5860000000002,4.95460303171407,0.5582567736305674,0.5582567736305674,-7.5,6
128,C#CCNC(=O)Nc1c(O)c2ccc(O[C@@H]3OC(C)(C)[C@H](OC)[C@@H](OC(=O)c4ccc(C)[nH]4)[C@H]3O)c(C)c2oc1=O,True,2.31344,41.0,569.5670000000002,4.543364874448052,0.5636186568677661,0.5636186568677661,-7.4,6
129,CO[C@@H]1[C@@H](OC(=O)c2ccc(C)[nH]2)[C@@H](O)[C@H](Oc2ccc3c(O)c(CC(N)C(C)O)c(=O)oc3c2C)OC1(C)C,True,1.8093399999999995,40.0,560.6000000000003,4.767489053023805,0.5511847235368246,0.0,-7.0,6
132,CO[C@@H]1[C@@H](OC(=O)c2ccc(C)[nH]2)[C@@H](O)[C@H](Oc2ccc3c(O)c(CCC(N)CO)c(=O)oc3c2C)OC1(C)C,True,1.81094,40.0,560.6000000000003,4.653627654819667,0.5525028556181286,0.5525028556181286,-7.2,6
134,CO[C@@H]1[C@@H](OC(=O)c2ccc(C)[nH]2)[C@@H](O)[C@H](Oc2ccc3c(O)c(NCC#CC(N)=O)c(=O)oc3c2C)OC1(C)C,True,1.45934,41.0,569.5670000000002,4.744012951371129,0.5536185736005178,0.5536185736005178,-7.5,6
138,CO[C@@H]1[C@@H](OC(=O)c2ccc(C)[nH]2)[C@@H](O)[C@H](Oc2ccc3c(O)c(C(N)(O)C(=O)N(C)C)c(=O)oc3c2C)OC1(C)C,True,0.75074,42.0,589.5980000000002,4.871999109554212,0.5159123816642657,0.5159123816642657,-6.0,6
138,CO[C@@H]1[C@@H](OC(=O)c2ccc(C)[nH]2)[C@@H](O)[C@H](Oc2ccc3c(O)c(C(CN)N(C)C)c(=O)oc3c2C)OC1(C)C,True,2.12014,40.0,559.6160000000002,4.6508819596891104,0.5547454504056745,0.5547454504056745,-5.2,6
141,CO[C@@H]1[C@@H](OC(=O)c2ccc(C)[nH]2)[C@@H](O)[C@H](Oc2ccc3c(O)c(-c4ccc(OCCCN)cc4)c(=O)oc3c2C)OC1(C)C,True,3.9533400000000016,45.0,622.6710000000002,4.374000659985251,0.5801266570084269,0.5801266570084269,-7.6,6
141,CO[C@@H]1[C@@H](OC(=O)c2ccc(C)[nH]2)[C@@H](O)[C@H](Oc2ccc3c(O)c(N(C)C(=O)C(O)CO)c(=O)oc3c2C)OC1(C)C,True,0.8747399999999996,42.0,590.5820000000002,4.824625909855682,0.5191639781389485,0.5191639781389485,-5.9,6
145,CO[C@@H]1[C@@H](OC(=O)c2ccc(C)[nH]2)[C@@H](O)[C@H](Oc2ccc3c(O)c(CCC(C)N)c(=O)oc3c2C)OC1(C)C,True,2.838540000000001,39.0,544.6010000000003,4.581946799032933,0.7485166001591301,0.7485166001591301,-7.0,6
145,CO[C@@H]1[C@@H](OC(=O)c2ccc(C)[nH]2)[C@@H](O)[C@H](Oc2ccc3c(O)c(CC(O)(CN)CO)c(=O)oc3c2C)OC1(C)C,True,0.7833399999999995,41.0,576.5990000000003,4.846534883083047,0.5344534667470322,0.5344534667470322,-6.1,6
161,CCC(=O)Nc1ccc(Cc2c(O)c3ccc(O[C@@H]4OC(C)(C)[C@H](OC)[C@@H](OC(=O)c5ccc(C)[nH]5)[C@H]4O)c(C)c3oc2=O)cc1,True,4.498040000000003,46.0,634.6820000000001,4.353315264835587,0.5296513058913043,0.5296513058913043,-6.5,6
163,CO[C@@H]1[C@@H](OC(=O)c2ccc(C)[nH]2)[C@@H](O)[C@H](Oc2ccc3c(O)c(C(C)Cl)c(=O)oc3c2C)OC1(C)C,True,3.8585400000000014,37.0,535.9770000000003,4.5626419066893575,0.6778494614771623,0.6778494614771623,-6.1,6
186,CO[C@@H]1[C@@H](OC(=O)c2ccc(C)[nH]2)[C@@H](O)[C@H](Oc2ccc3c(O)c(CC(C)(F)F)c(=O)oc3c2C)OC1(C)C,True,3.756440000000002,39.0,551.5390000000002,4.563165869921169,0.6702738185134842,0.6702738185134842,-7.6,6
191,CO[C@@H]1[C@@H](OC(=O)c2ccc(C)[nH]2)[C@@H](O)[C@H](Oc2ccc3c(O)c(C4(O)CC(N)(CO)C4)c(=O)oc3c2C)OC1(C)C,True,1.2299399999999998,42.0,588.6100000000002,4.816317227445286,0.5212914726687033,0.5212914726687033,-7.6,6
201,CO[C@@H]1[C@@H](OC(=O)c2ccc(C)[nH]2)[C@@H](O)[C@H](Oc2ccc3c(O)c(CS(=O)(=O)CC(N)(CO)CO)c(=O)oc3c2C)OC1(C)C,True,0.1556400000000004,45.0,654.6910000000003,4.84017131987082,0.4541035501701243,0.4541035501701243,-7.8,6
209,CO[C@@H]1[C@@H](OC(=O)c2ccc(C)[nH]2)[C@@H](O)[C@H](Oc2ccc3c(O)c(CS(=O)(=O)C(O)C(O)CN)c(=O)oc3c2C)OC1(C)C,True,0.1115400000000004,44.0,640.6640000000001,5.022784294938949,0.4597043008349636,0.4597043008349636,-6.2,6
235,COCCOCCOc1c(O)c2ccc(O[C@@H]3OC(C)(C)[C@H](OC)[C@@H](OC(=O)c4ccc(C)[nH]4)[C@H]3O)c(C)c2oc1=O,True,2.6005400000000005,42.0,591.6100000000002,4.421466242726619,0.7283174787964042,0.7283174787964042,-6.9,6
240,CO[C@@H]1[C@@H](OC(=O)c2ccc(C)[nH]2)[C@@H](O)[C@H](Oc2ccc3c(O)c(C(O)C(CO)C(O)CN)c(=O)oc3c2C)OC1(C)C,True,0.5202399999999991,43.0,606.6250000000001,5.085277190505966,0.4940706704967139,0.4940706704967139,-7.5,6
256,CO[C@@H]1[C@@H](OC(=O)c2ccc(C)[nH]2)[C@@H](O)[C@H](Oc2ccc3c(O)c(NS(=O)(=O)CCO)c(=O)oc3c2C)OC1(C)C,True,1.2927399999999998,41.0,596.6110000000002,4.558346297079474,0.5359835066526341,0.5359835066526341,-6.4,6
264,CO[C@@H]1[C@@H](OC(=O)c2ccc(C)[nH]2)[C@@H](O)[C@H](Oc2ccc3c(O)c(NC(=O)CCCl)c(=O)oc3c2C)OC1(C)C,True,3.1261400000000013,40.0,579.0020000000003,4.4245848850628295,0.7140468820533095,0.4760312547022063,-8.0,6
297,CO[C@@H]1[C@@H](OC(=O)c2ccc(C)[nH]2)[C@@H](O)[C@H](Oc2ccc3c(O)c(NC(F)F)c(=O)oc3c2C)OC1(C)C,True,3.193240000000001,38.0,538.5000000000002,4.59520466594506,0.7412565710865697,0.7412565710865697,-6.5,6
310,CO[C@@H]1[C@@H](OC(=O)c2ccc(C)[nH]2)[C@@H](O)[C@H](Oc2ccc3c(O)c(NCC(=O)N(C)C)c(=O)oc3c2C)OC1(C)C,True,2.058839999999999,41.0,573.5990000000003,4.495573324106501,0.5565416108600304,0.3710277405733536,-7.3,6
310,CO[C@@H]1[C@@H](OC(=O)c2ccc(C)[nH]2)[C@@H](O)[C@H](Oc2ccc3c(O)c(NCCN4CCCC4)c(=O)oc3c2C)OC1(C)C,True,3.066440000000001,42.0,585.6540000000003,4.424466528382608,0.6999042938027503,0.6999042938027503,-7.8,6
323,CO[C@@H]1[C@@H](OC(=O)c2ccc(C)[nH]2)[C@@H](O)[C@H](Oc2ccc3c(O)c(CCNC(C)N)c(=O)oc3c2C)OC1(C)C,True,1.995539999999999,40.0,559.6160000000002,4.698740710571255,0.553261880604093,0.553261880604093,-7.8,6
325,CO[C@@H]1[C@@H](OC(=O)c2ccc(C)[nH]2)[C@@H](O)[C@H](Oc2ccc3c(O)c(C(CN)C(O)CO)c(=O)oc3c2C)OC1(C)C,True,0.9542399999999998,41.0,576.5990000000003,4.829343119868886,0.5316473871176879,0.5316473871176879,-7.4,6
326,CO[C@@H]1[C@@H](OC(=O)c2ccc(C)[nH]2)[C@@H](O)[C@H](Oc2ccc3c(O)c(S(=O)(=O)NCCN(C)C)c(=O)oc3c2C)OC1(C)C,True,1.39864,43.0,623.6810000000002,4.543684668101742,0.4912438665695905,0.4912438665695905,-6.0,6
332,CO[C@@H]1[C@@H](OC(=O)c2ccc(C)[nH]2)[C@@H](O)[C@H](Oc2ccc3c(O)c(CBr)c(=O)oc3c2C)OC1(C)C,True,3.453640000000002,36.0,566.4010000000002,4.424719344666392,0.688547179913383,0.688547179913383,-6.8,6
333,CO[C@@H]1[C@@H](OC(=O)c2ccc(C)[nH]2)[C@@H](O)[C@H](Oc2ccc3c(O)c(CC(=O)N(C)C(=O)C(O)CN)c(=O)oc3c2C)OC1(C)C,True,0.4058400000000006,45.0,631.6350000000002,4.89892513671235,0.4702741259598924,0.4702741259598924,-7.9,6
335,CO[C@@H]1[C@@H](OC(=O)c2ccc(C)[nH]2)[C@@H](O)[C@H](Oc2ccc3c(O)c(CC(C)CO)c(=O)oc3c2C)OC1(C)C,True,2.7296400000000007,39.0,545.5850000000003,4.585744041413195,0.7587797916262922,0.7587797916262922,-7.6,6
336,CO[C@@H]1[C@@H](OC(=O)c2ccc(C)[nH]2)[C@@H](O)[C@H](Oc2ccc3c(O)c(CC(=O)OCCCN)c(=O)oc3c2C)OC1(C)C,True,1.99324,42.0,588.6100000000004,4.467533911968921,0.5266892718361518,0.5266892718361518,-7.5,6
345,CO[C@@H]1[C@@H](OC(=O)c2ccc(C)[nH]2)[C@@H](O)[C@H](Oc2ccc3c(O)c(CNC(=O)CC(N)CO)c(=O)oc3c2C)OC1(C)C,True,0.8846400000000008,43.0,603.6250000000002,4.676129400947934,0.5069213465613942,0.5069213465613942,-7.6,6
346,CO[C@@H]1[C@@H](OC(=O)c2ccc(C)[nH]2)[C@@H](O)[C@H](Oc2ccc3c(O)c(NC(=O)OCCN)c(=O)oc3c2C)OC1(C)C,True,2.0659399999999994,41.0,575.5710000000003,4.484061303019481,0.5590212430746626,0.5590212430746626,-7.7,6
350,CO[C@@H]1[C@@H](OC(=O)c2ccc(C)[nH]2)[C@@H](O)[C@H](Oc2ccc3c(O)c(CC(=O)Nc4ccccc4N)c(=O)oc3c2C)OC1(C)C,True,3.322140000000002,45.0,621.6430000000001,4.3821105309529935,0.6370722914061998,0.6370722914061998,-8.2,6
351,CO[C@@H]1[C@@H](OC(=O)c2ccc(C)[nH]2)[C@@H](O)[C@H](Oc2ccc3c(O)c(CC(=O)NC(C)N)c(=O)oc3c2C)OC1(C)C,True,1.5221399999999998,41.0,573.5990000000003,4.654040912189076,0.5416867755693066,0.5416867755693066,-7.3,6
363,CO[C@@H]1[C@@H](OC(=O)c2ccc(C)[nH]2)[C@@H](O)[C@H](Oc2ccc3c(O)c(CNC(=O)CCl)c(=O)oc3c2C)OC1(C)C,True,2.41374,40.0,579.0020000000003,4.442710643707853,0.5455904632933165,0.5455904632933165,-7.6,6
368,CO[C@@H]1[C@@H](OC(=O)c2ccc(C)[nH]2)[C@@H](O)[C@H](Oc2ccc3c(O)c(CC(=O)NNC(=O)CCl)c(=O)oc3c2C)OC1(C)C,True,1.4874399999999997,43.0,622.027,4.521824007012169,0.5014432259916445,0.5014432259916445,-7.2,6
369,CO[C@@H]1[C@@H](OC(=O)c2ccc(C)[nH]2)[C@@H](O)[C@H](Oc2ccc3c(O)c(C4CC4(O)CN)c(=O)oc3c2C)OC1(C)C,True,1.7358399999999998,40.0,558.5840000000003,4.934575009269395,0.548245787971353,0.548245787971353,-7.3,6
375,CO[C@@H]1[C@@H](OC(=O)c2ccc(C)[nH]2)[C@@H](O)[C@H](Oc2ccc3c(O)c(COC(=O)C(N)CNS(C)(=O)=O)c(=O)oc3c2C)OC1(C)C,True,0.4784400000000011,46.0,667.6900000000002,4.779632799319302,0.437158315096316,0.437158315096316,-8.0,6
375,CO[C@@H]1[C@@H](OC(=O)c2ccc(C)[nH]2)[C@@H](O)[C@H](Oc2ccc3c(O)c(CSCC(=O)NN)c(=O)oc3c2C)OC1(C)C,True,1.78184,41.0,591.6390000000002,4.546029022799701,0.5239214839004359,0.5239214839004359,-7.0,6
378,CO[C@@H]1[C@@H](OC(=O)c2ccc(C)[nH]2)[C@@H](O)[C@H](Oc2ccc3c(O)c(CCNC(=O)NCC(=O)CO)c(=O)oc3c2C)OC1(C)C,True,0.9618400000000006,45.0,631.6350000000002,4.61212375191771,0.480747635204321,0.480747635204321,-8.0,6
378,CO[C@@H]1[C@@H](OC(=O)c2ccc(C)[nH]2)[C@@H](O)[C@H](Oc2ccc3c(O)c(CCNC(=O)CS(C)(=O)=O)c(=O)oc3c2C)OC1(C)C,True,1.2620399999999998,44.0,636.6760000000002,4.546659133139244,0.4783748116815102,0.4783748116815102,-7.7,6
391,CO[C@@H]1[C@@H](OC(=O)c2ccc(C)[nH]2)[C@@H](O)[C@H](Oc2ccc3c(O)c(COCCCNC(=O)CN)c(=O)oc3c2C)OC1(C)C,True,1.54034,44.0,617.6520000000003,4.52376294697247,0.4931985626084442,0.4931985626084442,-7.7,6
393,CO[C@@H]1[C@@H](OC(=O)c2ccc(C)[nH]2)[C@@H](O)[C@H](Oc2ccc3c(O)c(CC(=O)N4CC(CN)C4)c(=O)oc3c2C)OC1(C)C,True,1.5183400000000002,43.0,599.6370000000003,4.533001521805067,0.5121079532142343,0.5121079532142343,-6.9,6
397,CO[C@@H]1[C@@H](OC(=O)c2ccc(C)[nH]2)[C@@H](O)[C@H](Oc2ccc3c(O)c(CNC(=O)c4cccc(N)c4)c(=O)oc3c2C)OC1(C)C,True,3.070940000000002,45.0,621.6430000000001,4.394967354774333,0.6629519079002767,0.6629519079002767,-8.2,6
399,CO[C@@H]1[C@@H](OC(=O)c2ccc(C)[nH]2)[C@@H](O)[C@H](Oc2ccc3c(O)c(CNC(=O)c4cccc(CN)c4)c(=O)oc3c2C)OC1(C)C,True,2.947440000000001,46.0,635.6700000000002,4.404270201237768,0.6565214051218836,0.6565214051218836,-8.2,6
401,CO[C@@H]1[C@@H](OC(=O)c2ccc(C)[nH]2)[C@@H](O)[C@H](Oc2ccc3c(O)c(Nc4ccccc4C(N)=O)c(=O)oc3c2C)OC1(C)C,True,3.4012400000000014,44.0,607.6160000000001,4.402461484798279,0.6522179731781839,0.6522179731781839,-6.5,6
405,CO[C@@H]1[C@@H](OC(=O)c2ccc(C)[nH]2)[C@@H](O)[C@H](Oc2ccc3c(O)c(CC(=O)NNC(=O)CCCNC(C)=O)c(=O)oc3c2C)OC1(C)C,True,1.16494,48.0,672.6880000000002,4.542055361792865,0.4426459509092552,0.4426459509092552,-8.5,6
413,CO[C@@H]1[C@@H](OC(=O)c2ccc(C)[nH]2)[C@@H](O)[C@H](Oc2ccc3c(O)c(C(O)C(CO)C(N)CO)c(=O)oc3c2C)OC1(C)C,True,0.52024,43.0,606.6250000000001,5.081427721009946,0.4984434391022809,0.4984434391022809,-6.6,6
418,CO[C@@H](CN)c1c(O)c2ccc(O[C@@H]3OC(C)(C)[C@H](OC)[C@@H](OC(=O)c4ccc(C)[nH]4)[C@H]3O)c(C)c2oc1=O,True,2.204940000000001,39.0,546.5730000000002,4.64724055810405,0.5689134751260323,0.5689134751260323,-6.9,6
422,CO[C@@H]1[C@@H](OC(=O)c2ccc(C)[nH]2)[C@@H](O)[C@H](Oc2ccc3c(O)c(C(N)CN4CC4=O)c(=O)oc3c2C)OC1(C)C,True,1.4007399999999992,41.0,571.5830000000003,4.708620953769118,0.5381071514764978,0.5381071514764978,-7.3,6
443,CO[C@@H]1[C@@H](OC(=O)c2ccc(C)[nH]2)[C@@H](O)[C@H](Oc2ccc3c(O)c(Nc4cccc(N)c4)c(=O)oc3c2C)OC1(C)C,True,3.884540000000002,42.0,579.6060000000002,4.414152847501154,0.6411421217140546,0.6411421217140546,-7.2,6
448,CO[C@@H]1[C@@H](OC(=O)c2ccc(C)[nH]2)[C@@H](O)[C@H](Oc2ccc3c(O)c(-c4ccccc4C(=O)NCCO)c(=O)oc3c2C)OC1(C)C,True,2.947840000000001,46.0,636.6540000000001,4.403638947452183,0.6521124118967785,0.6521124118967785,-5.4,6
449,CO[C@@H]1[C@@H](OC(=O)c2ccc(C)[nH]2)[C@@H](O)[C@H](Oc2ccc3c(O)c(CC(CN)=NO)c(=O)oc3c2C)OC1(C)C,True,1.89014,40.0,559.5720000000002,4.700621300024015,0.5524713602731388,0.5524713602731388,-6.6,6
459,CO[C@@H]1[C@@H](OC(=O)c2ccc(C)[nH]2)[C@@H](O)[C@H](Oc2ccc3c(O)c(CN(C)C(C)=O)c(=O)oc3c2C)OC1(C)C,True,2.53704,40.0,558.5840000000003,4.456565619007783,0.5659515521993889,0.5659515521993889,-7.7,6
464,CO[C@@H]1[C@@H](OC(=O)c2ccc(C)[nH]2)[C@@H](O)[C@H](Oc2ccc3c(O)c(CN(C)CC(O)CN)c(=O)oc3c2C)OC1(C)C,True,1.31014,42.0,589.6420000000003,4.700121470745653,0.5171425661126031,0.5171425661126031,-6.9,6
464,CO[C@@H]1[C@@H](OC(=O)c2ccc(C)[nH]2)[C@@H](O)[C@H](Oc2ccc3c(O)c(CN(C)C(=O)NCCO)c(=O)oc3c2C)OC1(C)C,True,1.6924399999999995,43.0,603.6250000000002,4.5237174981364285,0.5114471873690385,0.5114471873690385,-6.6,6
464,CO[C@@H]1[C@@H](OC(=O)c2ccc(C)[nH]2)[C@@H](O)[C@H](Oc2ccc3c(O)c(CCOC(=O)CCNC(=O)CN)c(=O)oc3c2C)OC1(C)C,True,1.1094400000000015,46.0,645.6620000000003,4.561888631626276,0.4655513892844222,0.4655513892844222,-7.6,6
466,CO[C@@H]1[C@@H](OC(=O)c2ccc(C)[nH]2)[C@@H](O)[C@H](Oc2ccc3c(O)c(CNc4ccc(CN)cc4)c(=O)oc3c2C)OC1(C)C,True,3.629540000000002,44.0,607.6600000000002,4.393572783038043,0.6237614935410768,0.6237614935410768,-8.3,6
472,CO[C@@H]1[C@@H](OC(=O)c2ccc(C)[nH]2)[C@@H](O)[C@H](Oc2ccc3c(O)c(C(O)CNC(=O)CCN)c(=O)oc3c2C)OC1(C)C,True,1.05714,43.0,603.6250000000002,4.668412241184619,0.505975622883363,0.505975622883363,-7.2,6
472,CO[C@@H]1[C@@H](OC(=O)c2ccc(C)[nH]2)[C@@H](O)[C@H](Oc2ccc3c(O)c(CC(=O)NNC(=O)CCCCN)c(=O)oc3c2C)OC1(C)C,True,1.3776400000000006,46.0,644.6780000000002,4.515699620637266,0.470040147371801,0.470040147371801,-8.5,6
473,CO[C@@H]1[C@@H](OC(=O)c2ccc(C)[nH]2)[C@@H](O)[C@H](Oc2ccc3c(O)c(COC(=O)CNC(=O)C(C)(N)CO)c(=O)oc3c2C)OC1(C)C,True,0.4278400000000018,47.0,661.6610000000003,4.815340905133657,0.4423047031116072,0.4423047031116072,-7.2,6
474,CO[C@@H]1[C@@H](OC(=O)c2ccc(C)[nH]2)[C@@H](O)[C@H](Oc2ccc3c(O)c(NC(=O)CCCCCN)c(=O)oc3c2C)OC1(C)C,True,3.0163400000000005,43.0,601.6530000000002,4.405639080725939,0.6953106776650634,0.6953106776650634,-6.7,6
479,CO[C@@H]1[C@@H](OC(=O)c2ccc(C)[nH]2)[C@@H](O)[C@H](Oc2ccc3c(O)c(CC(=O)Nc4ccc(CN)cc4)c(=O)oc3c2C)OC1(C)C,True,3.198640000000002,46.0,635.6700000000002,4.380658693060905,0.633284850036971,0.633284850036971,-8.3,6
487,CO[C@@H]1[C@@H](OC(=O)c2ccc(C)[nH]2)[C@@H](O)[C@H](Oc2ccc3c(O)c(NC(=O)CCCNC(C)=O)c(=O)oc3c2C)OC1(C)C,True,2.41354,44.0,615.6360000000002,4.418368331587853,0.5202428743578645,0.5202428743578645,-7.5,6
501,CO[C@@H]1[C@@H](OC(=O)c2ccc(C)[nH]2)[C@@H](O)[C@H](Oc2ccc3c(O)c(CCNC(=O)C(C)N)c(=O)oc3c2C)OC1(C)C,True,1.5646399999999994,42.0,587.6260000000002,4.58224333309383,0.5259091748352288,0.5259091748352288,-7.8,6
510,CO[C@@H]1[C@@H](OC(=O)c2ccc(C)[nH]2)[C@@H](O)[C@H](Oc2ccc3c(O)c(CC(=O)NCCCN(C)C)c(=O)oc3c2C)OC1(C)C,True,2.16914,44.0,615.6800000000002,4.443432177741701,0.5002155486753368,0.5002155486753368,-7.3,6
515,CO[C@@H]1[C@@H](OC(=O)c2ccc(C)[nH]2)[C@@H](O)[C@H](Oc2ccc3c(O)c(COC(=O)C(CN)(CO)CO)c(=O)oc3c2C)OC1(C)C,True,0.531640000000001,45.0,634.6350000000002,4.792481956328254,0.4749229197157335,0.4749229197157335,-7.7,6
524,CO[C@@H]1[C@@H](OC(=O)c2ccc(C)[nH]2)[C@@H](O)[C@H](Oc2ccc3c(O)c(CCOC(=O)C(=O)C(O)CN)c(=O)oc3c2C)OC1(C)C,True,0.5331400000000004,45.0,632.6190000000003,4.839475030931395,0.4706257812936126,0.4706257812936126,-7.6,6
545,CO[C@@H]1[C@@H](OC(=O)c2ccc(C)[nH]2)[C@@H](O)[C@H](Oc2ccc3c(O)c(CC(=O)NCc4ccc(CN)cc4)c(=O)oc3c2C)OC1(C)C,True,2.876340000000001,47.0,649.6970000000002,4.412240338109321,0.6417798400540964,0.6417798400540964,-8.9,6
552,CO[C@@H]1[C@@H](OC(=O)c2ccc(C)[nH]2)[C@@H](O)[C@H](Oc2ccc3c(O)c(CC(=O)N(C)Cc4ccccc4)c(=O)oc3c2C)OC1(C)C,True,3.7598400000000014,46.0,634.6820000000001,4.378782375677501,0.5838549153170962,0.5838549153170962,-7.6,6
557,CO[C@@H]1[C@@H](OC(=O)c2ccc(C)[nH]2)[C@@H](O)[C@H](Oc2ccc3c(O)c(C(CN)[C@@H](O)CO)c(=O)oc3c2C)OC1(C)C,True,0.9542399999999998,41.0,576.5990000000003,4.829343119868886,0.5316473871176879,0.5316473871176879,-7.1,6
588,CO[C@@H]1[C@@H](OC(=O)c2ccc(C)[nH]2)[C@@H](O)[C@H](Oc2ccc3c(O)c(C(O)CN(C)C)c(=O)oc3c2C)OC1(C)C,True,2.15374,40.0,560.6000000000003,4.644138369945521,0.5539258498274531,0.5539258498274531,-6.9,6
607,CO[C@@H]1[C@@H](OC(=O)c2ccc(C)[nH]2)[C@@H](O)[C@H](Oc2ccc3c(O)c(OCC4(N)CC4)c(=O)oc3c2C)OC1(C)C,True,2.42884,40.0,558.5840000000003,4.570565266149633,0.5595672166063377,0.5595672166063377,-7.0,6
620,CO[C@@H]1[C@@H](OC(=O)c2ccc(C)[nH]2)[C@@H](O)[C@H](Oc2ccc3c(O)c(N(C)CCCO)c(=O)oc3c2C)OC1(C)C,True,2.37734,40.0,560.6000000000003,4.5500577149852,0.5560165310487936,0.5560165310487936,-7.3,6
628,CO[C@@H]1[C@@H](OC(=O)c2ccc(C)[nH]2)[C@@H](O)[C@H](Oc2ccc3c(O)c(CCN(C)CCN)c(=O)oc3c2C)OC1(C)C,True,1.9917399999999992,41.0,573.6430000000004,4.530762401920581,0.5431750274739435,0.5431750274739435,-6.9,6
670,CO[C@@H]1[C@@H](OC(=O)c2ccc(C)[nH]2)[C@@H](O)[C@H](Oc2ccc3c(O)c(Cn4ccc(N)n4)c(=O)oc3c2C)OC1(C)C,True,2.38574,41.0,568.5830000000002,4.5267763156617065,0.5428413650201569,0.1809471216733856,-7.7,6
677,CO[C@@H]1[C@@H](OC(=O)c2ccc(C)[nH]2)[C@@H](O)[C@H](Oc2ccc3c(O)c(C(O)C(CO)O[C@@H]4[C@H](O)[C@@H]4O)c(=O)oc3c2C)OC1(C)C,True,0.073639999999999,45.0,635.619,5.256160468348984,0.4652028927121134,0.4652028927121134,-7.5,6
679,CO[C@@H]1[C@@H](OC(=O)c2ccc(C)[nH]2)[C@@H](O)[C@H](Oc2ccc3c(O)c(NC(=O)C(C)(N)CO)c(=O)oc3c2C)OC1(C)C,True,1.2069399999999997,42.0,589.5980000000002,4.701167230481956,0.5403769624753323,0.5403769624753323,-8.0,6
803,CO[C@@H]1[C@@H](OC(=O)c2ccc(C)[nH]2)[C@@H](O)[C@H](Oc2ccc3c(O)c(Cc4cccc(NC(C)=O)c4)c(=O)oc3c2C)OC1(C)C,True,4.107940000000003,45.0,620.6550000000001,4.361229637652745,0.5787656750533535,0.5787656750533535,-8.3,6
805,CO[C@@H]1[C@@H](OC(=O)c2ccc(C)[nH]2)[C@@H](O)[C@H](Oc2ccc3c(O)c(Cn4cc(N)nn4)c(=O)oc3c2C)OC1(C)C,True,1.780739999999999,41.0,569.5710000000003,4.632329344933319,0.538423442033775,0.538423442033775,-8.0,6
865,CO[C@@H]1[C@@H](OC(=O)c2ccc(C)[nH]2)[C@@H](O)[C@H](Oc2ccc3c(O)c(CCOC(C)=O)c(=O)oc3c2C)OC1(C)C,True,2.664340000000001,40.0,559.5680000000003,4.432065619007783,0.7557678180627583,0.7557678180627583,-7.3,6
868,CO[C@@H]1[C@@H](OC(=O)c2ccc(C)[nH]2)[C@@H](O)[C@H](Oc2ccc3c(O)c(C(O)CF)c(=O)oc3c2C)OC1(C)C,True,2.5616400000000006,38.0,535.5210000000003,4.675243075334377,0.7850191464335721,0.7850191464335721,-6.8,6
870,CO[C@@H]1[C@@H](OC(=O)c2ccc(C)[nH]2)[C@@H](O)[C@H](Oc2ccc3c(O)c(Oc4ccccc4N)c(=O)oc3c2C)OC1(C)C,True,3.9332400000000014,42.0,580.5900000000003,4.38113693238179,0.6268620206495614,0.6268620206495614,-7.6,6
877,CO[C@@H]1[C@@H](OC(=O)c2ccc(C)[nH]2)[C@@H](O)[C@H](Oc2ccc3c(O)c(O[C@@H](C)CN)c(=O)oc3c2C)OC1(C)C,True,2.28474,39.0,546.5730000000003,4.620217045767331,0.5695139976224036,0.5695139976224036,-7.6,6
879,CO[C@@H]1[C@@H](OC(=O)c2ccc(C)[nH]2)[C@@H](O)[C@H](Oc2ccc3c(O)c(-c4nnc(CN)o4)c(=O)oc3c2C)OC1(C)C,True,2.06744,41.0,570.5550000000003,4.572673252353332,0.5421410193897331,0.5421410193897331,-7.2,6
907,CO[C@@H]1[C@@H](OC(=O)c2ccc(C)[nH]2)[C@@H](O)[C@H](Oc2ccc3c(O)c(CC(=O)NNC(=O)C(C)O)c(=O)oc3c2C)OC1(C)C,True,0.6294400000000004,44.0,617.6080000000001,4.664852558500597,0.4956957392099838,0.4956957392099838,-7.8,6
915,CO[C@@H]1[C@@H](OC(=O)c2ccc(C)[nH]2)[C@@H](O)[C@H](Oc2ccc3c(O)c(NCc4ccccc4F)c(=O)oc3c2C)OC1(C)C,True,4.309940000000003,43.0,596.6080000000002,4.377930177764494,0.5907509868846139,0.5907509868846139,-7.7,6
944,CO[C@@H]1[C@@H](OC(=O)c2ccc(C)[nH]2)[C@@H](O)[C@H](Oc2ccc3c(O)c(OC(C)(N)CO)c(=O)oc3c2C)OC1(C)C,True,1.6047399999999998,40.0,562.5720000000002,4.797997344304495,0.5485639043655077,0.5485639043655077,-6.2,6
994,CO[C@@H]1[C@@H](OC(=O)c2ccc(C)[nH]2)[C@@H](O)[C@H](Oc2ccc3c(O)c(C4(O)CC(O)(CO)C4)c(=O)oc3c2C)OC1(C)C,True,1.26354,42.0,589.5940000000003,4.793266444599814,0.5232832337512494,0.5232832337512494,-7.0,6
19,CO[C@@H]1[C@@H](OC(=O)c2ccc(C)[nH]2)[C@@H](O)[C@H](Oc2ccc3c(O)c(-c4cc(C)ccc4O)c(=O)oc3c2C)OC1(C)C,True,4.239760000000003,42.0,579.6020000000002,4.379008828356881,0.6130380251412602,0.6130380251412602,-8.0,6
38,CO[C@@H]1[C@@H](OC(=O)c2ccc(C)[nH]2)[C@@H](O)[C@H](Oc2ccc3c(O)c(OCCNC(=O)CCl)c(=O)oc3c2C)OC1(C)C,True,2.29254,42.0,609.0280000000002,4.461212841734806,0.5118387023101346,0.5118387023101346,-7.3,6
48,CCc1ccc(Nc2c(O)c3ccc(O[C@@H]4OC(C)(C)[C@H](OC)[C@@H](OC(=O)c5ccc(C)[nH]5)[C@H]4O)c(C)c3oc2=O)cc1,True,4.864740000000005,43.0,592.6450000000003,4.342459589529199,0.5545609827935953,0.5545609827935953,-7.8,6
50,CO[C@@H]1[C@@H](OC(=O)c2ccc(C)[nH]2)[C@@H](O)[C@H](Oc2ccc3c(O)c(NC(=O)NCC(C)C)c(=O)oc3c2C)OC1(C)C,True,3.336240000000002,42.0,587.6260000000002,4.417580231278901,0.6857683116382662,0.6857683116382662,-8.0,6
53,CO[C@@H]1[C@@H](OC(=O)c2ccc(C)[nH]2)[C@@H](O)[C@H](Oc2ccc3c(O)c(CNC(=O)C4(N)CC4)c(=O)oc3c2C)OC1(C)C,True,1.6662399999999995,42.0,585.6100000000002,4.557457964072423,0.5307916449762071,0.5307916449762071,-7.8,6
53,CO[C@@H]1[C@@H](OC(=O)c2ccc(C)[nH]2)[C@@H](O)[C@H](Oc2ccc3c(O)c(NC4(C)CC4)c(=O)oc3c2C)OC1(C)C,True,3.5231400000000024,39.0,542.5850000000003,4.568498890862492,0.7096402008345233,0.7096402008345233,-6.5,6
58,CO[C@@H]1[C@@H](OC(=O)c2ccc(C)[nH]2)[C@@H](O)[C@H](Oc2ccc3c(O)c(NNC(=O)C4(O)COC4)c(=O)oc3c2C)OC1(C)C,True,0.7631399999999995,43.0,603.5810000000001,4.7993269655920505,0.5129192803486384,0.5129192803486384,-7.8,6
59,C=CCNCCc1c(O)c2ccc(O[C@@H]3OC(C)(C)[C@H](OC)[C@@H](OC(=O)c4ccc(C)[nH]4)[C@H]3O)c(C)c2oc1=O,True,2.8768400000000005,40.0,556.6120000000003,4.523164500126664,0.7364483173719153,0.7364483173719153,-7.6,6
59,CO[C@@H]1[C@@H](OC(=O)c2ccc(C)[nH]2)[C@@H](O)[C@H](Oc2ccc3c(O)c(CCNC(=O)OCCN)c(=O)oc3c2C)OC1(C)C,True,1.7861399999999996,43.0,603.6250000000002,4.522734126358272,0.5092129143239484,0.5092129143239484,-7.4,6
60,CO[C@@H]1[C@@H](OC(=O)c2ccc(C)[nH]2)[C@@H](O)[C@H](Oc2ccc3c(O)c(NC4CC(C)C4)c(=O)oc3c2C)OC1(C)C,True,3.769140000000003,40.0,556.6120000000002,4.502042048083295,0.6731444158216295,0.6731444158216295,-7.3,6
61,CO[C@@H]1[C@@H](OC(=O)c2ccc(C)[nH]2)[C@@H](O)[C@H](Oc2ccc3c(O)c(NC(=O)NCC4CC4)c(=O)oc3c2C)OC1(C)C,True,3.090240000000001,42.0,585.6100000000002,4.42710916280504,0.7074617928409848,0.7074617928409848,-7.9,6
65,CO[C@@H]1[C@@H](OC(=O)c2ccc(C)[nH]2)[C@@H](O)[C@H](Oc2ccc3c(O)c(CNC(=O)CCNC(=O)OCCN)c(=O)oc3c2C)OC1(C)C,True,1.249940000000001,47.0,660.6770000000001,4.560978662039415,0.4497251604576145,0.4497251604576145,-7.5,6
68,CO[C@@H]1[C@@H](OC(=O)c2ccc(C)[nH]2)[C@@H](O)[C@H](Oc2ccc3c(O)c(NCC(=O)NCCN(C)C)c(=O)oc3c2C)OC1(C)C,True,1.6484399999999997,44.0,616.6680000000001,4.509193331587855,0.5059632944569387,0.5059632944569387,-6.9,6
73,CO[C@@H]1[C@@H](OC(=O)c2ccc(C)[nH]2)[C@@H](O)[C@H](Oc2ccc3c(O)c(NCc4ccc(CO)cc4)c(=O)oc3c2C)OC1(C)C,True,3.663140000000002,44.0,608.6440000000001,4.390111244576504,0.6350350421082276,0.6350350421082276,-8.0,6
73,CO[C@@H]1[C@@H](OC(=O)c2ccc(C)[nH]2)[C@@H](O)[C@H](Oc2ccc3c(O)c(NCC4[C@@H](O)[C@@H]4O)c(=O)oc3c2C)OC1(C)C,True,1.32224,41.0,574.5830000000002,4.8356936396194055,0.5538110249476069,0.5538110249476069,-7.7,6
78,CO[C@@H]1[C@@H](OC(=O)c2ccc(C)[nH]2)[C@@H](O)[C@H](Oc2ccc3c(O)c(C4CCNC4=O)c(=O)oc3c2C)OC1(C)C,True,2.16224,40.0,556.5680000000002,4.71364272891988,0.553141601097894,0.553141601097894,-8.1,6
79,CO[C@@H]1[C@@H](OC(=O)c2ccc(C)[nH]2)[C@@H](O)[C@H](Oc2ccc3c(O)c(C4(N)CC(=O)C4)c(=O)oc3c2C)OC1(C)C,True,2.0756399999999995,40.0,556.5680000000003,4.671414336956502,0.5564881730734974,0.5564881730734974,-7.5,6
85,COc1cccc(CNc2c(O)c3ccc(O[C@@H]4OC(C)(C)[C@H](OC)[C@@H](OC(=O)c5ccc(C)[nH]5)[C@H]4O)c(C)c3oc2=O)c1,True,4.179440000000003,44.0,608.6440000000001,4.359494220616857,0.5892892903560429,0.5892892903560429,-8.3,6
85,CO[C@@H]1[C@@H](OC(=O)c2ccc(C)[nH]2)[C@@H](O)[C@H](Oc2ccc3c(O)c(C4(O)C(N)CN4C)c(=O)oc3c2C)OC1(C)C,True,0.97654,41.0,573.5990000000003,5.023072017997785,0.5260491911252295,0.5260491911252295,-6.5,6
94,CO[C@@H]1[C@@H](OC(=O)c2ccc(C)[nH]2)[C@@H](O)[C@H](Oc2ccc3c(O)c(C(C)(C)CN)c(=O)oc3c2C)OC1(C)C,True,2.795040000000001,39.0,544.6010000000003,4.602008946844246,0.7540922608527542,0.7540922608527542,-7.3,6
96,CO[C@@H]1[C@@H](OC(=O)c2ccc(C)[nH]2)[C@@H](O)[C@H](Oc2ccc3c(O)c([PH](C)(C)N)c(=O)oc3c2C)OC1(C)C,True,2.0672399999999995,38.0,550.5450000000002,4.957598959315881,0.5598648679971113,0.5598648679971113,-6.7,6
97,C#CC(O)CNc1c(O)c2ccc(O[C@@H]3OC(C)(C)[C@H](OC)[C@@H](OC(=O)c4ccc(C)[nH]4)[C@H]3O)c(C)c2oc1=O,True,1.96474,40.0,556.5680000000003,4.833837252561376,0.5617635409765678,0.5617635409765678,-7.5,6
101,CO[C@@H]1[C@@H](OC(=O)c2ccc(C)[nH]2)[C@@H](O)[C@H](Oc2ccc3c(O)c(CC(=O)NCc4ccc(N)cc4)c(=O)oc3c2C)OC1(C)C,True,2.9998400000000016,46.0,635.6700000000002,4.399397881431589,0.6458849324137657,0.6458849324137657,-9.0,6
102,C=C(CCN)c1c(O)c2ccc(O[C@@H]3OC(C)(C)[C@H](OC)[C@@H](OC(=O)c4ccc(C)[nH]4)[C@H]3O)c(C)c2oc1=O,True,2.9207399999999994,39.0,542.585,4.59796768621808,0.745990135889177,0.745990135889177,-6.0,6
114,CO[C@@H]1[C@@H](OC(=O)c2ccc(C)[nH]2)[C@@H](O)[C@H](Oc2ccc3c(O)c(CCNS(=O)(=O)CCN)c(=O)oc3c2C)OC1(C)C,True,0.9793400000000012,43.0,623.6810000000002,4.595661876834654,0.4878326917353655,0.4878326917353655,-6.6,6
120,CO[C@@H]1[C@@H](OC(=O)c2ccc(C)[nH]2)[C@@H](O)[C@H](Oc2ccc3c(O)c(C(N)(CO)OCCO)c(=O)oc3c2C)OC1(C)C,True,0.67144,42.0,592.5980000000003,4.96649475009788,0.5148172095560464,0.5148172095560464,-6.2,6
122,CO[C@@H]1[C@@H](OC(=O)c2ccc(C)[nH]2)[C@@H](O)[C@H](Oc2ccc3c(O)c(CNc4ccccc4N)c(=O)oc3c2C)OC1(C)C,True,3.753040000000001,43.0,593.6330000000002,4.393722937945489,0.6287391023943608,0.6287391023943608,-8.5,6
123,CO[C@@H]1[C@@H](OC(=O)c2ccc(C)[nH]2)[C@@H](O)[C@H](Oc2ccc3c(O)c(COCCNC(C)=O)c(=O)oc3c2C)OC1(C)C,True,2.21144,42.0,588.6100000000002,4.468194915313402,0.5317998012771346,0.5317998012771346,-7.6,6
128,C#CC(N)CNc1c(O)c2ccc(O[C@@H]3OC(C)(C)[C@H](OC)[C@@H](OC(=O)c4ccc(C)[nH]4)[C@H]3O)c(C)c2oc1=O,True,1.93114,40.0,555.5840000000002,4.8520887698514255,0.5610344805386053,0.5610344805386053,-7.0,6
141,CO[C@@H]1[C@@H](OC(=O)c2ccc(C)[nH]2)[C@@H](O)[C@H](Oc2ccc3c(O)c(CNS(=O)(=O)CCNCCO)c(=O)oc3c2C)OC1(C)C,True,0.5600400000000016,45.0,653.7070000000002,4.63077891139238,0.4563739106119513,0.4563739106119513,-7.0,6
141,CO[C@@H]1[C@@H](OC(=O)c2ccc(C)[nH]2)[C@@H](O)[C@H](Oc2ccc3c(O)c(NCCNS(C)(=O)=O)c(=O)oc3c2C)OC1(C)C,True,1.5198399999999994,42.0,609.6540000000001,4.52633083856635,0.5176148546156417,0.5176148546156417,-7.9,6
141,CO[C@@H]1[C@@H](OC(=O)c2ccc(C)[nH]2)[C@@H](O)[C@H](Oc2ccc3c(O)c(CCNS(=O)(=O)CN)c(=O)oc3c2C)OC1(C)C,True,0.9368400000000008,42.0,609.6540000000001,4.652189947878091,0.5026523425636136,0.5026523425636136,-6.9,6
161,CO[C@@H]1[C@@H](OC(=O)c2ccc(C)[nH]2)[C@@H](O)[C@H](Oc2ccc3c(O)c(S(=O)(=O)NCC(=O)NCCCCN)c(=O)oc3c2C)OC1(C)C,True,0.6921400000000009,47.0,680.7330000000001,4.602797031896303,0.4308469346447287,0.4308469346447287,-6.5,6
173,CO[C@@H]1[C@@H](OC(=O)c2ccc(C)[nH]2)[C@@H](O)[C@H](Oc2ccc3c(O)c(S(=O)(=O)N(C)CC(N)CO)c(=O)oc3c2C)OC1(C)C,True,0.4988400000000004,44.0,639.6800000000002,4.8334331989966905,0.4638033939791895,0.4638033939791895,-7.4,6
223,C=C(CCl)c1c(O)c2ccc(O[C@@H]3OC(C)(C)[C@H](OC)[C@@H](OC(=O)c4ccc(C)[nH]4)[C@H]3O)c(C)c2oc1=O,True,3.810740000000002,38.0,547.9880000000003,4.560772104331916,0.6694287743382409,0.6694287743382409,-7.1,6
239,CO[C@@H]1[C@@H](OC(=O)c2ccc(C)[nH]2)[C@@H](O)[C@H](Oc2ccc3c(O)c(C(O)CC(N)O)c(=O)oc3c2C)OC1(C)C,True,1.25934,40.0,562.5720000000002,4.840937770972523,0.5476096726617736,0.5476096726617736,-7.0,6
322,COC(=O)C(O)OC(c1c(O)c2ccc(O[C@@H]3OC(C)(C)[C@H](OC)[C@@H](OC(=O)c4ccc(C)[nH]4)[C@H]3O)c(C)c2oc1=O)C(O)C(O)CO,True,-0.1780599999999987,48.0,681.6440000000003,5.30121200987552,0.4206079870821312,0.4206079870821312,-6.8,6
323,CO[C@@H]1[C@@H](OC(=O)c2ccc(C)[nH]2)[C@@H](O)[C@H](Oc2ccc3c(O)c(CS(=O)(=O)N4CC(N)C4)c(=O)oc3c2C)OC1(C)C,True,1.03144,43.0,621.6650000000002,4.618040901523493,0.4874168250674032,0.4874168250674032,-7.8,6
331,CO[C@@H]1[C@@H](OC(=O)c2ccc(C)[nH]2)[C@@H](O)[C@H](Oc2ccc3c(O)c(CC(=O)NCCc4ccc(F)cc4)c(=O)oc3c2C)OC1(C)C,True,3.5992400000000027,47.0,652.6720000000001,4.375327557044232,0.5789213239544899,0.5789213239544899,-9.0,6
346,CO[C@@H]1[C@@H](OC(=O)c2ccc(C)[nH]2)[C@@H](O)[C@H](Oc2ccc3c(O)c(C(CO)C(O)C(CO)ON)c(=O)oc3c2C)OC1(C)C,True,0.2467400000000004,44.0,622.6240000000001,5.192912399363544,0.4770584198447882,0.4770584198447882,-6.5,6
347,CO[C@@H]1[C@@H](OC(=O)c2ccc(C)[nH]2)[C@@H](O)[C@H](Oc2ccc3c(O)c(C(O)COCCNS(N)(=O)=O)c(=O)oc3c2C)OC1(C)C,True,0.4018400000000015,45.0,655.6790000000001,4.822583858169732,0.4539423062241468,0.4539423062241468,-7.1,6
350,CO[C@@H]1[C@@H](OC(=O)c2ccc(C)[nH]2)[C@@H](O)[C@H](Oc2ccc3c(O)c(C(O)CS(=O)(=O)C(CO)C(O)CN)c(=O)oc3c2C)OC1(C)C,True,-0.3125599999999984,47.0,684.717,5.272540702936374,0.4161657621569695,0.4161657621569695,-7.2,6
443,CO[C@@H]1[C@@H](OC(=O)c2ccc(C)[nH]2)[C@@H](O)[C@H](Oc2ccc3c(O)c(COCCCO)c(=O)oc3c2C)OC1(C)C,True,2.4577400000000003,40.0,561.5840000000003,4.45256799663016,0.5572135111063823,0.5572135111063823,-7.0,6
504,CO[C@@H]1[C@@H](OC(=O)c2ccc(C)[nH]2)[C@@H](O)[C@H](Oc2ccc3c(O)c(C(CO)(CO)C(CO)CO)c(=O)oc3c2C)OC1(C)C,True,0.3819399999999995,44.0,621.6360000000002,4.932933082719076,0.4873741993958131,0.4873741993958131,-6.6,6
514,CO[C@@H]1[C@@H](OC(=O)c2ccc(C)[nH]2)[C@@H](O)[C@H](Oc2ccc3c(O)c(-c4cccc(C(=O)NCCN)c4)c(=O)oc3c2C)OC1(C)C,True,2.9142400000000013,46.0,635.6700000000002,4.416261842667204,0.6589431833105412,0.6589431833105412,-8.3,6
541,CO[C@@H]1[C@@H](OC(=O)c2ccc(C)[nH]2)[C@@H](O)[C@H](Oc2ccc3c(O)c(C(O)C(CO)NS(=O)(=O)CCO)c(=O)oc3c2C)OC1(C)C,True,-0.135259999999999,46.0,670.6900000000002,5.014409991909579,0.4300411077510569,0.4300411077510569,-7.3,6
554,CO[C@@H]1[C@@H](OC(=O)c2ccc(C)[nH]2)[C@@H](O)[C@H](Oc2ccc3c(O)c(CNC(=O)C[C@H](N)CO)c(=O)oc3c2C)OC1(C)C,True,0.8846400000000008,43.0,603.6250000000002,4.676129400947934,0.5069213465613942,0.5069213465613942,-7.6,6
563,CO[C@@H]1[C@@H](OC(=O)c2ccc(C)[nH]2)[C@@H](O)[C@H](Oc2ccc3c(O)c(COCC(O)CN)c(=O)oc3c2C)OC1(C)C,True,1.3949399999999996,41.0,576.5990000000003,4.66607022611839,0.5360716355946128,0.5360716355946128,-7.1,6
581,CO[C@@H]1[C@@H](OC(=O)c2ccc(C)[nH]2)[C@@H](O)[C@H](Oc2ccc3c(O)c(CC(=O)N[C@H](CN)CO)c(=O)oc3c2C)OC1(C)C,True,0.5370400000000013,43.0,603.6250000000002,4.685106915740834,0.5078607558667184,0.5078607558667184,-6.8,6
597,CO[C@@H]1[C@@H](OC(=O)c2ccc(C)[nH]2)[C@@H](O)[C@H](Oc2ccc3c(O)c(CC(=O)NCCCCCN)c(=O)oc3c2C)OC1(C)C,True,2.3464399999999994,44.0,615.6800000000003,4.436680938072279,0.5003655762235462,0.5003655762235462,-7.4,6
684,CO[C@@H]1[C@@H](OC(=O)c2ccc(C)[nH]2)[C@@H](O)[C@H](Oc2ccc3c(O)c(CCOC(=O)C(N)C(O)CO)c(=O)oc3c2C)OC1(C)C,True,0.3249400000000009,45.0,634.6350000000002,4.8975438518827366,0.4684273232696007,0.4684273232696007,-6.8,6
685,CO[C@@H]1[C@@H](OC(=O)c2ccc(C)[nH]2)[C@@H](O)[C@H](Oc2ccc3c(O)c(C4(C)[C@H](O)[C@@H]4N)c(=O)oc3c2C)OC1(C)C,True,1.51824,40.0,558.5840000000002,4.947137859550782,0.5521771398364452,0.5521771398364452,-7.0,6
722,CO[C@@H]1[C@@H](OC(=O)c2ccc(C)[nH]2)[C@@H](O)[C@H](Oc2ccc3c(O)c(C(CN)C(=O)N(C)CC(=O)NCCO)c(=O)oc3c2C)OC1(C)C,True,0.1679400000000024,48.0,674.7040000000002,4.831682632055474,0.4278400560677858,0.4278400560677858,-5.8,6
734,CO[C@@H]1[C@@H](OC(=O)c2ccc(C)[nH]2)[C@@H](O)[C@H](Oc2ccc3c(O)c(CN(C)C(=O)CCN)c(=O)oc3c2C)OC1(C)C,True,1.86594,42.0,587.6260000000003,4.515358368930723,0.525453759799371,0.525453759799371,-7.0,6
765,CO[C@@H]1[C@@H](OC(=O)c2ccc(C)[nH]2)[C@@H](O)[C@H](Oc2ccc3c(O)c(CC(=O)N4CCN(C(=O)CN)C4)c(=O)oc3c2C)OC1(C)C,True,0.6882400000000015,46.0,642.6620000000003,4.65169522503287,0.4659822517042501,0.4659822517042501,-8.2,6
812,CO[C@@H]1[C@@H](OC(=O)c2ccc(C)[nH]2)[C@@H](O)[C@H](Oc2ccc3c(O)c(CN(C)CC(=O)N4CC4)c(=O)oc3c2C)OC1(C)C,True,1.83274,43.0,599.6370000000003,4.464368385710395,0.512534232917437,0.512534232917437,-8.2,6
836,CO[C@@H]1[C@@H](OC(=O)c2ccc(C)[nH]2)[C@@H](O)[C@H](Oc2ccc3c(O)c(C(N)C(=O)NC[C@@H](O)CN(C)CCO)c(=O)oc3c2C)OC1(C)C,True,-0.0402599999999975,48.0,676.7200000000001,4.980492388112062,0.4204731850260811,0.4204731850260811,-7.2,6
837,CO[C@@H]1[C@@H](OC(=O)c2ccc(C)[nH]2)[C@@H](O)[C@H](Oc2ccc3c(O)c(CN(C)C(=O)NN)c(=O)oc3c2C)OC1(C)C,True,1.5738399999999992,41.0,574.5870000000002,4.561064384397563,0.5415716008244826,0.5415716008244826,-6.4,6
883,CO[C@@H]1[C@@H](OC(=O)c2ccc(C)[nH]2)[C@@H](O)[C@H](Oc2ccc3c(O)c(CN(C)CC(=O)NCCCN)c(=O)oc3c2C)OC1(C)C,True,1.4555400000000007,45.0,630.6950000000003,4.524565402949605,0.4811266071740078,0.4811266071740078,-6.7,6
911,CO[C@@H]1[C@@H](OC(=O)c2ccc(C)[nH]2)[C@@H](O)[C@H](Oc2ccc3c(O)c(Cn4c(N)ncnc4=O)c(=O)oc3c2C)OC1(C)C,True,1.1409399999999985,43.0,597.5810000000001,4.708835821273526,0.5091272390018033,0.5091272390018033,-6.1,6
915,CO[C@@H]1[C@@H](OC(=O)c2ccc(C)[nH]2)[C@@H](O)[C@H](Oc2ccc3c(O)c(C4(N)CN(C)C4=O)c(=O)oc3c2C)OC1(C)C,True,1.1847399999999992,41.0,571.5830000000003,4.874010142958307,0.532471051847457,0.532471051847457,-6.4,6
923,CO[C@@H]1[C@@H](OC(=O)c2ccc(C)[nH]2)[C@@H](O)[C@H](Oc2ccc3c(O)c(C(N)(O)CN(C)C)c(=O)oc3c2C)OC1(C)C,True,1.2241399999999998,41.0,575.6150000000002,4.850516100244265,0.5321463345707583,0.5321463345707583,-6.5,6
924,CO[C@@H]1[C@@H](OC(=O)c2ccc(C)[nH]2)[C@@H](O)[C@H](Oc2ccc3c(O)c(CN(C)CC(O)CO)c(=O)oc3c2C)OC1(C)C,True,1.34374,42.0,590.6260000000002,4.6665494059683255,0.5191382939516828,0.5191382939516828,-6.8,6
925,CO[C@@H]1[C@@H](OC(=O)c2ccc(C)[nH]2)[C@@H](O)[C@H](Oc2ccc3c(O)c(C4(CN)CN(C)C4)c(=O)oc3c2C)OC1(C)C,True,1.7006399999999997,41.0,571.6270000000003,4.681230288763467,0.5386724831673733,0.5386724831673733,-6.2,6
960,CO[C@@H]1[C@@H](OC(=O)c2ccc(C)[nH]2)[C@@H](O)[C@H](Oc2ccc3c(O)c(C(O)C(=O)N(C)CC(=O)NCN)c(=O)oc3c2C)OC1(C)C,True,0.0829400000000015,46.0,646.6500000000002,4.868133171527738,0.4577725560496114,0.4577725560496114,-6.6,6
999,CO[C@@H]1[C@@H](OC(=O)c2ccc(C)[nH]2)[C@@H](O)[C@H](Oc2ccc3c(O)c(NC(C#N)CO)c(=O)oc3c2C)OC1(C)C,True,1.85512,40.0,557.5560000000002,4.78782483195446,0.5631319558025287,0.5631319558025287,-7.5,6
28,CO[C@@H]1[C@@H](OC(=O)c2ccc(C)[nH]2)[C@@H](O)[C@H](Oc2ccc3c(O)c(NCC(=O)N4CCOCC4)c(=O)oc3c2C)OC1(C)C,True,1.8294399999999995,44.0,615.6360000000002,4.502211748990123,0.5071351895053612,0.5071351895053612,-7.7,6
31,CO[C@@H]1[C@@H](OC(=O)c2ccc(C)[nH]2)[C@@H](O)[C@H](Oc2ccc3c(O)c(NCCCc4ccccc4)c(=O)oc3c2C)OC1(C)C,True,4.603440000000004,44.0,606.6720000000001,4.338890901944327,0.5579380732250889,0.5579380732250889,-8.3,6
72,CO[C@@H]1[C@@H](OC(=O)c2ccc(C)[nH]2)[C@@H](O)[C@H](Oc2ccc3c(O)c(OCCNC(=O)OCCN)c(=O)oc3c2C)OC1(C)C,True,1.6224399999999997,44.0,619.6240000000003,4.519995877678128,0.4924150661504288,0.4924150661504288,-7.1,6
72,CO[C@@H]1[C@@H](OC(=O)c2ccc(C)[nH]2)[C@@H](O)[C@H](Oc2ccc3c(O)c(CCS(=O)(=O)CCS(=O)(=O)NCCN)c(=O)oc3c2C)OC1(C)C,True,0.394140000000003,48.0,715.8,4.803349545812017,0.4274077267087645,0.4274077267087645,-7.5,6
77,CO[C@@H]1[C@@H](OC(=O)c2ccc(C)[nH]2)[C@@H](O)[C@H](Oc2ccc3c(O)c(CN4CCC(C)CC4)c(=O)oc3c2C)OC1(C)C,True,3.7906400000000025,42.0,584.6660000000004,4.40187870957012,0.632387027056864,0.632387027056864,-8.4,6
79,CO[C@@H]1[C@@H](OC(=O)c2ccc(C)[nH]2)[C@@H](O)[C@H](Oc2ccc3c(O)c(COC(=O)CCNC(N)=O)c(=O)oc3c2C)OC1(C)C,True,1.660339999999999,44.0,617.6080000000002,4.508096023895547,0.4988021438502769,0.4988021438502769,-7.7,6
86,CO[C@@H]1[C@@H](OC(=O)c2ccc(C)[nH]2)[C@@H](O)[C@H](Oc2ccc3c(O)c(C4(C)C(N)C4O)c(=O)oc3c2C)OC1(C)C,True,1.51824,40.0,558.5840000000002,4.947137859550782,0.5521771398364452,0.5521771398364452,-5.7,6
94,C=CC(O)c1c(O)c2ccc(O[C@@H]3OC(C)(C)[C@H](OC)[C@@H](OC(=O)c4ccc(C)[nH]4)[C@H]3O)c(C)c2oc1=O,True,2.7781400000000005,38.0,529.5420000000003,4.686418131346327,0.7684213754517545,0.7684213754517545,-6.8,6
95,CO[C@@H]1[C@@H](OC(=O)c2ccc(C)[nH]2)[C@@H](O)[C@H](Oc2ccc3c(O)c(C(O)CNC(=O)NN)c(=O)oc3c2C)OC1(C)C,True,0.7650400000000002,42.0,590.5860000000001,4.713955478842819,0.5200659821053936,0.5200659821053936,-7.7,6
118,CO[C@@H]1[C@@H](OC(=O)c2ccc(C)[nH]2)[C@@H](O)[C@H](Oc2ccc3c(O)c(C(O)S(=O)(=O)N4CC(N)C4CO)c(=O)oc3c2C)OC1(C)C,True,-0.116759999999999,46.0,667.6900000000002,5.259981595913424,0.4236126775505274,0.4236126775505274,-7.2,6
136,CO[C@@H]1[C@@H](OC(=O)c2ccc(C)[nH]2)[C@@H](O)[C@H](Oc2ccc3c(O)c(C(N)CCC(=O)NNC(=O)CO)c(=O)oc3c2C)OC1(C)C,True,0.4784400000000013,46.0,646.6500000000002,4.782477451428483,0.462168893989139,0.462168893989139,-8.8,6
141,CO[C@@H]1[C@@H](OC(=O)c2ccc(C)[nH]2)[C@@H](O)[C@H](Oc2ccc3c(O)c(NCC4CCC4)c(=O)oc3c2C)OC1(C)C,True,3.770740000000002,40.0,556.6120000000003,4.44091834628051,0.6764564989835986,0.6764564989835986,-7.4,6
154,CO[C@@H]1[C@@H](OC(=O)c2ccc(C)[nH]2)[C@@H](O)[C@H](Oc2ccc3c(O)c(NCCCNCCO)c(=O)oc3c2C)OC1(C)C,True,1.94264,42.0,589.6420000000003,4.514118497368528,0.5376024961332286,0.5376024961332286,-7.2,6
162,CO[C@@H]1[C@@H](OC(=O)c2ccc(C)[nH]2)[C@@H](O)[C@H](Oc2ccc3c(O)c(CS(=O)(=O)N4CC(O)C4)c(=O)oc3c2C)OC1(C)C,True,1.065039999999999,43.0,622.6490000000001,4.597578434679992,0.4891212285079535,0.4891212285079535,-7.7,6
163,CNC(=O)CN(C)c1c(O)c2ccc(O[C@@H]3OC(C)(C)[C@H](OC)[C@@H](OC(=O)c4ccc(C)[nH]4)[C@H]3O)c(C)c2oc1=O,True,1.74094,41.0,573.5990000000003,4.567371245104423,0.5448450914035109,0.5448450914035109,-6.5,6
176,CO[C@@H]1[C@@H](OC(=O)c2ccc(C)[nH]2)[C@@H](O)[C@H](Oc2ccc3c(O)c(CCOC(=O)C(CCO)NC(=O)CN)c(=O)oc3c2C)OC1(C)C,True,0.470340000000002,48.0,675.6880000000001,4.779958108815942,0.4290355928050354,0.4290355928050354,-7.7,6
192,CO[C@@H]1[C@@H](OC(=O)c2ccc(C)[nH]2)[C@@H](O)[C@H](Oc2ccc3c(O)c(N(C)CC(=O)N4CC4)c(=O)oc3c2C)OC1(C)C,True,1.83714,42.0,585.6100000000002,4.542334077432747,0.5279827109615864,0.5279827109615864,-7.4,6
240,COC(=O)CC(N)(N)c1c(O)c2ccc(O[C@@H]3OC(C)(C)[C@H](OC)[C@@H](OC(=O)c4ccc(C)[nH]4)[C@H]3O)c(C)c2oc1=O,True,1.1920400000000009,42.0,589.5980000000002,4.74714527373528,0.5250875514131372,0.5250875514131372,-6.4,6
259,CCC(C)(C)c1c(O)c2ccc(O[C@@H]3OC(C)(C)[C@H](OC)[C@@H](OC(=O)c4ccc(C)[nH]4)[C@H]3O)c(C)c2oc1=O,True,4.246340000000003,39.0,543.6130000000002,4.538891584206883,0.6402427576794691,0.6402427576794691,-5.5,6
284,COC(=O)C(=O)C(O)c1c(O)c2ccc(O[C@@H]3OC(C)(C)[C@H](OC)[C@@H](OC(=O)c4ccc(C)[nH]4)[C@H]3O)c(C)c2oc1=O,True,1.33424,42.0,589.5500000000002,4.724961784600405,0.5248444648382644,0.5248444648382644,-7.1,6
287,COC(=O)CN(C)C(=O)Cc1c(O)c2ccc(O[C@@H]3OC(C)(C)[C@H](OC)[C@@H](OC(=O)c4ccc(C)[nH]4)[C@H]3O)c(C)c2oc1=O,True,1.7326399999999988,44.0,616.6200000000003,4.503501020663485,0.5046468848172205,0.5046468848172205,-7.3,6
287,C#CC(=O)N(C)c1c(O)c2ccc(O[C@@H]3OC(C)(C)[C@H](OC)[C@@H](OC(=O)c4ccc(C)[nH]4)[C@H]3O)c(C)c2oc1=O,True,2.1547400000000003,40.0,554.5520000000002,4.744866901059066,0.555625856694383,0.555625856694383,-7.6,6
302,CNC(=O)C(CN)Oc1c(O)c2ccc(O[C@@H]3OC(C)(C)[C@H](OC)[C@@H](OC(=O)c4ccc(C)[nH]4)[C@H]3O)c(C)c2oc1=O,True,1.0108400000000008,42.0,589.5980000000002,4.747250620543224,0.5214607302778924,0.5214607302778924,-6.6,6
310,COCCNC(=O)C(N)Cc1c(O)c2ccc(O[C@@H]3OC(C)(C)[C@H](OC)[C@@H](OC(=O)c4ccc(C)[nH]4)[C@H]3O)c(C)c2oc1=O,True,1.191140000000002,44.0,617.6520000000003,4.61298121073072,0.4952924810313805,0.4952924810313805,-8.0,6
327,CO[C@@H]1[C@@H](OC(=O)c2ccc(C)[nH]2)[C@@H](O)[C@H](Oc2ccc3c(O)c(C(=O)C(O)(F)F)c(=O)oc3c2C)OC1(C)C,True,2.32654,40.0,567.4940000000001,4.604257423465008,0.548457338179936,0.548457338179936,-6.7,6
352,CO[C@@H]1[C@@H](OC(=O)c2ccc(C)[nH]2)[C@@H](O)[C@H](Oc2ccc3c(O)c(C(O)C(=O)N4CC(O)(CN)C4)c(=O)oc3c2C)OC1(C)C,True,0.1241400000000003,45.0,631.6350000000002,4.924094240336,0.4676183764873333,0.4676183764873333,-6.4,6
361,CO[C@@H]1[C@@H](OC(=O)c2ccc(C)[nH]2)[C@@H](O)[C@H](Oc2ccc3c(O)c(OCC(CN)C(N)=O)c(=O)oc3c2C)OC1(C)C,True,0.9977400000000012,42.0,589.5980000000003,4.716136855361037,0.5233363833526068,0.5233363833526068,-7.8,6
393,CO[C@@H]1[C@@H](OC(=O)c2ccc(C)[nH]2)[C@@H](O)[C@H](Oc2ccc3c(O)c(C=CC(O)CN)c(=O)oc3c2C)OC1(C)C,True,1.89154,40.0,558.5840000000002,4.782189828425878,0.5524242045313521,0.5524242045313521,-7.9,6
409,CO[C@@H]1[C@@H](OC(=O)c2ccc(C)[nH]2)[C@@H](O)[C@H](Oc2ccc3c(O)c(CN(C)C[C@H](O)CN)c(=O)oc3c2C)OC1(C)C,True,1.31014,42.0,589.6420000000003,4.700121470745653,0.5171425661126031,0.5171425661126031,-6.7,6
412,CO[C@@H]1[C@@H](OC(=O)c2ccc(C)[nH]2)[C@@H](O)[C@H](Oc2ccc3c(O)c(C=CCCl)c(=O)oc3c2C)OC1(C)C,True,3.810740000000002,38.0,547.9880000000002,4.566784375257406,0.6713570239877776,0.6713570239877776,-7.1,6
415,CO[C@@H]1[C@@H](OC(=O)c2ccc(C)[nH]2)[C@@H](O)[C@H](Oc2ccc3c(O)c(OCCS(C)(=O)=O)c(=O)oc3c2C)OC1(C)C,True,1.98214,41.0,595.6230000000003,4.463662305395484,0.5222188891083431,0.5222188891083431,-7.4,6
424,CO[C@@H]1[C@@H](OC(=O)c2ccc(C)[nH]2)[C@@H](O)[C@H](Oc2ccc3c(O)c(CC(=O)NC(C)O)c(=O)oc3c2C)OC1(C)C,True,1.55574,41.0,574.5830000000002,4.636761910110074,0.543591091183573,0.543591091183573,-7.8,6
430,CO[C@@H]1[C@@H](OC(=O)c2ccc(C)[nH]2)[C@@H](O)[C@H](Oc2ccc3c(O)c(C(CN)(CO)CNCCO)c(=O)oc3c2C)OC1(C)C,True,0.329440000000001,44.0,619.6680000000002,4.962500826115335,0.4858905354172358,0.4858905354172358,-5.9,6
451,CO[C@@H]1[C@@H](OC(=O)c2ccc(C)[nH]2)[C@@H](O)[C@H](Oc2ccc3c(O)c(OCCCC(=O)NCCN)c(=O)oc3c2C)OC1(C)C,True,1.7926399999999996,44.0,617.6520000000003,4.45784724449313,0.4957390040307304,0.4957390040307304,-7.4,6
483,CO[C@@H]1[C@@H](OC(=O)c2ccc(C)[nH]2)[C@@H](O)[C@H](Oc2ccc3c(O)c(CC(=O)NCCOCCCN)c(=O)oc3c2C)OC1(C)C,True,1.5828400000000005,45.0,631.6790000000003,4.512655195965401,0.4796256970862148,0.4796256970862148,-7.5,6
506,CO[C@@H]1[C@@H](OC(=O)c2ccc(C)[nH]2)[C@@H](O)[C@H](Oc2ccc3c(O)c(C(CN)C(=O)NCCNS(C)(=O)=O)c(=O)oc3c2C)OC1(C)C,True,0.266440000000002,47.0,680.7330000000002,4.814004260675751,0.4271709552673483,0.4271709552673483,-6.7,6
557,CNC(=O)CCNCCC(=O)NCc1c(O)c2ccc(O[C@@H]3OC(C)(C)[C@H](OC)[C@@H](OC(=O)c4ccc(C)[nH]4)[C@H]3O)c(C)c2oc1=O,True,1.2907400000000009,47.0,658.7050000000002,4.543133223756767,0.4544935911962097,0.4544935911962097,-8.0,6
564,CO[C@@H]1[C@@H](OC(=O)c2ccc(C)[nH]2)[C@@H](O)[C@H](Oc2ccc3c(O)c(C(O)C(=O)N(C)C(CO)CO)c(=O)oc3c2C)OC1(C)C,True,0.4037399999999993,45.0,634.6350000000001,4.916065759725702,0.4702348654007527,0.4702348654007527,-5.8,6
607,CO[C@@H]1[C@@H](OC(=O)c2ccc(C)[nH]2)[C@@H](O)[C@H](Oc2ccc3c(O)c(CC(=O)NNC(=O)C(N)CCN(C)C)c(=O)oc3c2C)OC1(C)C,True,0.5276400000000028,48.0,673.7200000000001,4.761535886493346,0.4295657099612912,0.4295657099612912,-7.3,6
634,CO[C@@H]1[C@@H](OC(=O)c2ccc(C)[nH]2)[C@@H](O)[C@H](Oc2ccc3c(O)c(C(N)(CO)CN4CC(O)C4)c(=O)oc3c2C)OC1(C)C,True,0.3815400000000013,44.0,617.6520000000002,4.953678673562006,0.4839119024922727,0.4839119024922727,-7.6,6
638,CO[C@@H]1[C@@H](OC(=O)c2ccc(C)[nH]2)[C@@H](O)[C@H](Oc2ccc3c(O)c(CNC(=O)c4nn(CCN)c(=O)n4C)c(=O)oc3c2C)OC1(C)C,True,0.3426400000000011,48.0,670.6760000000002,4.814847845644892,0.4342323915170659,0.4342323915170659,-8.2,6
651,CO[C@@H]1[C@@H](OC(=O)c2ccc(C)[nH]2)[C@@H](O)[C@H](Oc2ccc3c(O)c(C(N)(CO)C(=O)NCC#N)c(=O)oc3c2C)OC1(C)C,True,0.344820000000001,44.0,614.6080000000002,5.004619720750112,0.4895884178092748,0.4895884178092748,-7.1,6
793,CO[C@@H]1[C@@H](OC(=O)c2ccc(C)[nH]2)[C@@H](O)[C@H](Oc2ccc3c(O)c(C(N)(CO)C[C@@H](O)CO)c(=O)oc3c2C)OC1(C)C,True,0.4483399999999999,43.0,606.6250000000002,5.046868844823335,0.4938039503053446,0.4938039503053446,-7.4,6
803,CO[C@@H]1[C@@H](OC(=O)c2ccc(C)[nH]2)[C@@H](O)[C@H](Oc2ccc3c(O)c(CC(=O)NC(C)NC(=O)[C@@H](N)CO)c(=O)oc3c2C)OC1(C)C,True,-0.0007599999999969,47.0,660.6770000000001,4.908664443047394,0.4422560334674251,0.4422560334674251,-7.5,6
823,CO[C@@H]1[C@@H](OC(=O)c2ccc(C)[nH]2)[C@@H](O)[C@H](Oc2ccc3c(O)c(C(O)C(CO)[C@H](N)CO)c(=O)oc3c2C)OC1(C)C,True,0.52024,43.0,606.6250000000001,5.081427721009946,0.4984434391022809,0.4984434391022809,-6.5,6
853,CO[C@@H]1[C@@H](OC(=O)c2ccc(C)[nH]2)[C@@H](O)[C@H](Oc2ccc3c(O)c(C4(O)CC(N)(CO)C4NC(=O)C(C)O)c(=O)oc3c2C)OC1(C)C,True,-0.2945599999999988,48.0,675.6880000000002,5.443140453524892,0.4104995060683574,0.4104995060683574,-7.8,6
868,CO[C@@H]1[C@@H](OC(=O)c2ccc(C)[nH]2)[C@@H](O)[C@H](Oc2ccc3c(O)c(CS(=O)(=O)CC(N)C(=O)NO)c(=O)oc3c2C)OC1(C)C,True,0.3062400000000007,45.0,653.6630000000001,4.855710260679293,0.4503431379031914,0.4503431379031914,-7.4,6
871,CO[C@@H]1[C@@H](OC(=O)c2ccc(C)[nH]2)[C@@H](O)[C@H](Oc2ccc3c(O)c(C(O)C(=O)NCC(=O)NC(C)N)c(=O)oc3c2C)OC1(C)C,True,0.1292400000000009,46.0,646.6500000000001,4.916528850470375,0.4548452446657011,0.4548452446657011,-7.7,6
878,CO[C@@H]1[C@@H](OC(=O)c2ccc(C)[nH]2)[C@@H](O)[C@H](Oc2ccc3c(O)c(CC(=O)N[C@@H](C)N)c(=O)oc3c2C)OC1(C)C,True,1.5221399999999998,41.0,573.5990000000003,4.654040912189076,0.5416867755693066,0.5416867755693066,-7.7,6
888,CO[C@@H]1[C@@H](OC(=O)c2ccc(C)[nH]2)[C@@H](O)[C@H](Oc2ccc3c(O)c(CC(=O)NC(C#N)CC(=O)NN)c(=O)oc3c2C)OC1(C)C,True,0.4896200000000008,46.0,641.6340000000001,4.842967420659253,0.4603854575687546,0.4603854575687546,-8.2,6
907,CO[C@@H]1[C@@H](OC(=O)c2ccc(C)[nH]2)[C@@H](O)[C@H](Oc2ccc3c(O)c(C(O)C(CO)[C@H](O)CN)c(=O)oc3c2C)OC1(C)C,True,0.5202399999999991,43.0,606.6250000000001,5.085277190505966,0.4940706704967139,0.4940706704967139,-7.4,6
928,CO[C@@H]1[C@@H](OC(=O)c2ccc(C)[nH]2)[C@@H](O)[C@H](Oc2ccc3c(O)c(CC(=O)N4CC(O)(CN)C4)c(=O)oc3c2C)OC1(C)C,True,0.6332400000000005,44.0,615.6360000000002,4.679056288924636,0.4920008290474326,0.4920008290474326,-8.4,6
959,CO[C@@H]1[C@@H](OC(=O)c2ccc(C)[nH]2)[C@@H](O)[C@H](Oc2ccc3c(O)c(C(CN)C(=O)NC[C@@H]4[C@H](O)[C@@H]4O)c(=O)oc3c2C)OC1(C)C,True,0.0688400000000015,46.0,645.6620000000001,5.145284220046523,0.4550799203679609,0.4550799203679609,-6.6,6
24,CO[C@@H]1[C@@H](OC(=O)c2ccc(C)[nH]2)[C@@H](O)[C@H](Oc2ccc3c(O)c([SH]4CC4)c(=O)oc3c2C)OC1(C)C,True,2.9324400000000006,37.0,533.5990000000003,4.908002479945577,0.747505493465338,0.747505493465338,-6.2,7
334,CO[C@@H]1[C@@H](OC(=O)c2ccc(C)[nH]2)[C@@H](O)[C@H](Oc2ccc3c(O)c(NCc4ccc(Cl)cc4)c(=O)oc3c2C)OC1(C)C,True,4.824240000000003,43.0,613.063,4.34260619586404,0.5363462504973936,0.5363462504973936,-8.0,7
77,CO[C@@H]1[C@@H](OC(=O)c2ccc(C)[nH]2)[C@@H](O)[C@H](Oc2ccc3c(O)c(-c4ccc(CCl)cc4)c(=O)oc3c2C)OC1(C)C,True,4.964540000000005,42.0,598.0480000000001,4.360285340869854,0.5286395184955347,0.5286395184955347,-8.9,7
350,CO[C@@H]1[C@@H](OC(=O)c2ccc(C)[nH]2)[C@@H](O)[C@H](Oc2ccc3c(O)c(C(CN)(CO)CS(=O)(=O)C4(O)COC4)c(=O)oc3c2C)OC1(C)C,True,-0.1188599999999981,48.0,696.7280000000001,5.286447368535452,0.4138365231234546,0.4138365231234546,-7.1,7
683,CO[C@@H]1[C@@H](OC(=O)c2ccc(C)[nH]2)[C@@H](O)[C@H](Oc2ccc3c(O)c(CC(=O)NCC(CN)(CO)S(C)(=O)=O)c(=O)oc3c2C)OC1(C)C,True,-0.0481599999999968,48.0,695.7440000000001,5.017731089465685,0.4216261778098534,0.4216261778098534,-7.2,7
132,CO[C@@H]1[C@@H](OC(=O)c2ccc(C)[nH]2)[C@@H](O)[C@H](Oc2ccc3c(O)c(C(O)C(N)C4(O)CS(=O)(=O)C4)c(=O)oc3c2C)OC1(C)C,True,0.0789400000000009,45.0,652.6750000000002,5.147964709385889,0.4440108491944049,0.4440108491944049,-6.8,7
240,CO[C@@H]1[C@@H](OC(=O)c2ccc(C)[nH]2)[C@@H](O)[C@H](Oc2ccc3c(O)c(S(=O)(=O)N(C)CCC(=O)NCCO)c(=O)oc3c2C)OC1(C)C,True,0.6778400000000009,47.0,681.7170000000002,4.634308241011991,0.4311642001487651,0.4311642001487651,-5.9,7
91,CO[C@@H]1[C@@H](OC(=O)c2ccc(C)[nH]2)[C@@H](O)[C@H](Oc2ccc3c(O)c(C4(CO)CN4CC(N)CO)c(=O)oc3c2C)OC1(C)C,True,0.3815400000000013,44.0,617.6520000000002,5.228660230649904,0.4786098265605799,0.4786098265605799,-7.1,7
247,CO[C@@H]1[C@@H](OC(=O)c2ccc(C)[nH]2)[C@@H](O)[C@H](Oc2ccc3c(O)c(NC(=O)c4ccccc4Br)c(=O)oc3c2C)OC1(C)C,True,4.573540000000003,44.0,671.497,4.353354555364079,0.5079304185483556,0.5079304185483556,-7.7,7
71,CO[C@@H]1[C@@H](OC(=O)c2ccc(C)[nH]2)[C@@H](O)[C@H](Oc2ccc3c(O)c(NC4(O)C(=O)NC4C#N)c(=O)oc3c2C)OC1(C)C,True,0.6812199999999999,43.0,598.565,5.20759773688618,0.5063178802279905,0.5063178802279905,-8.4,7
27,CO[C@@H]1[C@@H](OC(=O)c2ccc(C)[nH]2)[C@@H](O)[C@H](Oc2ccc3c(O)c(NCc4ccccc4C)c(=O)oc3c2C)OC1(C)C,True,4.479260000000004,43.0,592.6450000000002,4.367403610214396,0.583845056241665,0.583845056241665,-8.1,7
355,CO[C@@H]1[C@@H](OC(=O)c2ccc(C)[nH]2)[C@@H](O)[C@H](Oc2ccc3c(O)c(C(O)(CO)C(C)(O)CN)c(=O)oc3c2C)OC1(C)C,True,0.4483399999999999,43.0,606.6250000000002,5.0846882128316375,0.495225963344074,0.495225963344074,-5.5,7
24,CO[C@@H]1[C@@H](OC(=O)c2ccc(C)[nH]2)[C@@H](O)[C@H](Oc2ccc3c(O)c(-c4ccc(C)cc4O)c(=O)oc3c2C)OC1(C)C,True,4.239760000000003,42.0,579.6020000000002,4.39975518287193,0.6104936617075924,0.6104936617075924,-8.0,7
70,CCc1ccc(CNc2c(O)c3ccc(O[C@@H]4OC(C)(C)[C@H](OC)[C@@H](OC(=O)c5ccc(C)[nH]5)[C@H]4O)c(C)c3oc2=O)cc1,True,4.733240000000005,44.0,606.6720000000003,4.358557902836278,0.5510313113437373,0.5510313113437373,-8.4,7
878,CO[C@@H]1[C@@H](OC(=O)c2ccc(C)[nH]2)[C@@H](O)[C@H](Oc2ccc3c(O)c(OCCNC(=O)COCCNC(C)=O)c(=O)oc3c2C)OC1(C)C,True,1.2064400000000004,48.0,675.6880000000002,4.549346404338108,0.4373208750890042,0.4373208750890042,-8.2,7
489,CO[C@@H]1[C@@H](OC(=O)c2ccc(C)[nH]2)[C@@H](O)[C@H](Oc2ccc3c(O)c(C(CN)C(=O)NNC(=O)C(C)O)c(=O)oc3c2C)OC1(C)C,True,0.1292400000000022,46.0,646.6500000000001,4.946838527889729,0.4573992095061175,0.4573992095061175,-7.8,7
504,CO[C@@H]1[C@@H](OC(=O)c2ccc(C)[nH]2)[C@@H](O)[C@H](Oc2ccc3c(O)c(CC(O)C(CO)C(O)CN)c(=O)oc3c2C)OC1(C)C,True,0.3902399999999995,44.0,620.6520000000002,5.118214144677053,0.4814607813211188,0.4814607813211188,-6.7,7
118,CO[C@@H]1[C@@H](OC(=O)c2ccc(C)[nH]2)[C@@H](O)[C@H](Oc2ccc3c(O)c(CS(=O)(=O)NC(=O)CCNC(N)=O)c(=O)oc3c2C)OC1(C)C,True,0.5631400000000011,47.0,680.6890000000001,4.663681711635855,0.4333996656673514,0.4333996656673514,-8.0,7
412,CO[C@@H]1[C@@H](OC(=O)c2ccc(C)[nH]2)[C@@H](O)[C@H](Oc2ccc3c(O)c([SH](C)C)c(=O)oc3c2C)OC1(C)C,True,3.178440000000001,37.0,535.6150000000004,4.846892027546492,0.7296294623963362,0.7296294623963362,-5.9,7
222,CO[C@@H]1[C@@H](OC(=O)c2ccc(C)[nH]2)[C@@H](O)[C@H](Oc2ccc3c(O)c(NC(F)CO)c(=O)oc3c2C)OC1(C)C,True,2.25854,39.0,550.5360000000002,4.781072778713631,0.5743228547950422,0.5743228547950422,-6.9,7
392,CO[C@@H]1[C@@H](OC(=O)c2ccc(C)[nH]2)[C@@H](O)[C@H](Oc2ccc3c(O)c(C(N)C(O)COCCNC(=O)CO)c(=O)oc3c2C)OC1(C)C,True,0.0445400000000018,47.0,663.6770000000002,4.972116018796941,0.4365989145646257,0.4365989145646257,-8.1,7
945,CO[C@@H]1[C@@H](OC(=O)c2ccc(C)[nH]2)[C@@H](O)[C@H](Oc2ccc3c(O)c(C(N)(CO)CS(=O)(=O)CCO)c(=O)oc3c2C)OC1(C)C,True,0.1121400000000008,45.0,654.6910000000003,5.039977393546424,0.444424360427619,0.444424360427619,-7.6,7
321,CO[C@@H]1[C@@H](OC(=O)c2ccc(C)[nH]2)[C@@H](O)[C@H](Oc2ccc3c(O)c(C(O)(CCN)C(O)CO)c(=O)oc3c2C)OC1(C)C,True,0.4483400000000002,43.0,606.6250000000002,5.053319242701319,0.4967225946874104,0.4967225946874104,-6.3,7
828,COC(C)Oc1c(O)c2ccc(O[C@@H]3OC(C)(C)[C@H](OC)[C@@H](OC(=O)c4ccc(C)[nH]4)[C@H]3O)c(C)c2oc1=O,True,2.92994,39.0,547.5570000000002,4.621690485535111,0.7403186872418817,0.7403186872418817,-6.6,7
35,CO[C@@H]1[C@@H](OC(=O)c2ccc(C)[nH]2)[C@@H](O)[C@H](Oc2ccc3c(O)c(-c4ccc(C)c(N)c4)c(=O)oc3c2C)OC1(C)C,True,4.116360000000002,42.0,578.6180000000003,4.403598393574271,0.6142862846540718,0.6142862846540718,-9.1,7
881,CO[C@@H]1[C@@H](OC(=O)c2ccc(C)[nH]2)[C@@H](O)[C@H](Oc2ccc3c(O)c(CC(=O)N=C4N=C(N)N4)c(=O)oc3c2C)OC1(C)C,True,0.90174,43.0,597.5810000000001,4.82884649221927,0.50755923630191,0.50755923630191,-7.9,7
231,CO[C@@H]1[C@@H](OC(=O)c2ccc(C)[nH]2)[C@@H](O)[C@H](Oc2ccc3c(O)c(CS(=O)(=O)N(C)CCO)c(=O)oc3c2C)OC1(C)C,True,1.3126399999999991,43.0,624.6650000000002,4.605925516908108,0.4869495308952213,0.4869495308952213,-5.9,7
675,CO[C@@H]1[C@@H](OC(=O)c2ccc(C)[nH]2)[C@@H](O)[C@H](Oc2ccc3c(O)c(CC(CN)NC(=O)CC(O)CO)c(=O)oc3c2C)OC1(C)C,True,0.2880400000000009,46.0,647.6780000000002,4.915737806301641,0.4557018673950846,0.4557018673950846,-8.1,7
739,CO[C@@H]1[C@@H](OC(=O)c2ccc(C)[nH]2)[C@@H](O)[C@H](Oc2ccc3c(O)c(CC(CO)(CO)C(CO)C(N)CO)c(=O)oc3c2C)OC1(C)C,True,0.0003400000000013,47.0,664.7050000000003,5.223062625966838,0.4304897898549485,0.4304897898549485,-7.2,7
302,CCc1ccc(CCc2c(O)c3ccc(O[C@@H]4OC(C)(C)[C@H](OC)[C@@H](OC(=O)c5ccc(C)[nH]5)[C@H]4O)c(C)c3oc2=O)cc1,True,4.906340000000005,44.0,605.6840000000002,4.347726124778271,0.527344868464102,0.527344868464102,-8.4,7
66,C#CC1(c2c(O)c3ccc(O[C@@H]4OC(C)(C)[C@H](OC)[C@@H](OC(=O)c5ccc(C)[nH]5)[C@H]4O)c(C)c3oc2=O)CC1,True,3.2235400000000016,39.0,537.5650000000002,4.703411372720257,0.7195551160259286,0.7195551160259286,-7.2,7
541,CO[C@@H]1[C@@H](OC(=O)c2ccc(C)[nH]2)[C@@H](O)[C@H](Oc2ccc3c(O)c(C4(CO)CC4(N)CO)c(=O)oc3c2C)OC1(C)C,True,0.8823399999999997,42.0,588.6100000000002,5.114771681489255,0.513471032655845,0.513471032655845,-6.5,7
161,CO[C@@H]1[C@@H](OC(=O)c2ccc(C)[nH]2)[C@@H](O)[C@H](Oc2ccc3c(O)c(CC(=O)N(C)CC(=O)N4CC(N)C4)c(=O)oc3c2C)OC1(C)C,True,0.7291400000000012,47.0,656.6890000000002,4.647403213755782,0.4470631201043272,0.4470631201043272,-7.6,7
42,CO[C@@H]1[C@@H](OC(=O)c2ccc(C)[nH]2)[C@@H](O)[C@H](Oc2ccc3c(O)c(-c4ccc(NC(=O)CCN)cc4)c(=O)oc3c2C)OC1(C)C,True,3.513040000000002,46.0,635.6700000000002,4.389429740910693,0.6064748677001949,0.6064748677001949,-7.3,7
374,CO[C@@H]1[C@@H](OC(=O)c2ccc(C)[nH]2)[C@@H](O)[C@H](Oc2ccc3c(O)c(C(O)(CN)CCNC(=O)CO)c(=O)oc3c2C)OC1(C)C,True,0.2036400000000009,45.0,633.6510000000002,4.9308698606918,0.469464828761072,0.469464828761072,-7.7,7
651,C#CCC(N)c1c(O)c2ccc(O[C@@H]3OC(C)(C)[C@H](OC)[C@@H](OC(=O)c4ccc(C)[nH]4)[C@H]3O)c(C)c2oc1=O,True,2.58184,39.0,540.5690000000002,4.746329382487216,0.7672212527304619,0.7672212527304619,-7.5,7
69,CO[C@@H]1[C@@H](OC(=O)c2ccc(C)[nH]2)[C@@H](O)[C@H](Oc2ccc3c(O)c(NCCC(C)C)c(=O)oc3c2C)OC1(C)C,True,4.016740000000003,40.0,558.6280000000003,4.440983050200444,0.6545498258820786,0.6545498258820786,-7.4,7
69,CO[C@@H]1[C@@H](OC(=O)c2ccc(C)[nH]2)[C@@H](O)[C@H](Oc2ccc3c(O)c(NC(C)C#N)c(=O)oc3c2C)OC1(C)C,True,2.882720000000001,39.0,541.5570000000002,4.697330979003906,0.7540589801183625,0.7540589801183625,-6.7,7
594,CO[C@@H]1[C@@H](OC(=O)c2ccc(C)[nH]2)[C@@H](O)[C@H](Oc2ccc3c(O)c(-c4cnc(N)o4)c(=O)oc3c2C)OC1(C)C,True,2.7959400000000008,40.0,555.5400000000002,4.597500723902889,0.7364625721515108,0.7364625721515108,-6.9,7
648,CO[C@@H]1[C@@H](OC(=O)c2ccc(C)[nH]2)[C@@H](O)[C@H](Oc2ccc3c(O)c(CC(=O)N4CC(NC(C)=O)C4)c(=O)oc3c2C)OC1(C)C,True,1.4481400000000002,45.0,627.6470000000002,4.543742612065957,0.4881193570524013,0.4881193570524013,-7.4,7
893,CO[C@@H]1[C@@H](OC(=O)c2ccc(C)[nH]2)[C@@H](O)[C@H](Oc2ccc3c(O)c(NCC(=O)N4CCN(C)CC4)c(=O)oc3c2C)OC1(C)C,True,1.7446399999999995,45.0,628.6790000000002,4.505880630208576,0.494203412506199,0.494203412506199,-7.8,7
157,CO[C@@H]1[C@@H](OC(=O)c2ccc(C)[nH]2)[C@@H](O)[C@H](Oc2ccc3c(O)c(S(=O)(=O)NCCC(CO)NCN)c(=O)oc3c2C)OC1(C)C,True,0.0938400000000028,46.0,668.7220000000002,4.927384651428483,0.4328581918365279,0.4328581918365279,-7.1,7
75,CO[C@@H]1[C@@H](OC(=O)c2ccc(C)[nH]2)[C@@H](O)[C@H](Oc2ccc3c(O)c(N(C)C(=O)C(O)(O)C(=O)N(C)C)c(=O)oc3c2C)OC1(C)C,True,0.2906400000000002,46.0,647.6340000000001,4.896726660810208,0.4581845554020909,0.4581845554020909,-6.8,7
344,CO[C@@H]1[C@@H](OC(=O)c2ccc(C)[nH]2)[C@@H](O)[C@H](Oc2ccc3c(O)c(CC(=O)Nc4cccc(N)c4)c(=O)oc3c2C)OC1(C)C,True,3.322140000000002,45.0,621.6430000000001,4.3956551959654,0.6375367954896518,0.6375367954896518,-7.9,7
686,CO[C@@H]1[C@@H](OC(=O)c2ccc(C)[nH]2)[C@@H](O)[C@H](Oc2ccc3c(O)c(-c4ccoc4N)c(=O)oc3c2C)OC1(C)C,True,3.400940000000001,40.0,554.5520000000002,4.595688136490302,0.6896567134672397,0.6896567134672397,-7.4,7
307,CO[C@@H]1[C@@H](OC(=O)c2ccc(C)[nH]2)[C@@H](O)[C@H](Oc2ccc3c(O)c(CC(=O)Nc4ccc(CCN)cc4)c(=O)oc3c2C)OC1(C)C,True,3.241140000000001,47.0,649.6970000000002,4.399156787813463,0.6144552010008418,0.6144552010008418,-7.4,7
369,CO[C@@H]1[C@@H](OC(=O)c2ccc(C)[nH]2)[C@@H](O)[C@H](Oc2ccc3c(O)c(CCOC(=O)C4=C(N)C(=O)NC4=O)c(=O)oc3c2C)OC1(C)C,True,0.513640000000001,47.0,655.6130000000002,4.7938122963193806,0.448986321537317,0.448986321537317,-8.2,7
935,CO[C@@H]1[C@@H](OC(=O)c2ccc(C)[nH]2)[C@@H](O)[C@H](Oc2ccc3c(O)c(CS(=O)(=O)CCNC(=O)CCN)c(=O)oc3c2C)OC1(C)C,True,0.9385400000000008,46.0,665.7180000000002,4.63670009536254,0.4412410970909476,0.4412410970909476,-7.4,7
844,CO[C@@H]1[C@@H](OC(=O)c2ccc(C)[nH]2)[C@@H](O)[C@H](Oc2ccc3c(O)c(C(N)C(O)C(C)NC(=O)CO)c(=O)oc3c2C)OC1(C)C,True,0.4164400000000001,45.0,633.6510000000001,5.052103501831789,0.4667707478468501,0.4667707478468501,-6.1,7
498,CO[C@@H]1[C@@H](OC(=O)c2ccc(C)[nH]2)[C@@H](O)[C@H](Oc2ccc3c(O)c(CC(=O)NC[C@]4(CN)CC(=O)N4)c(=O)oc3c2C)OC1(C)C,True,0.4348400000000014,46.0,642.6620000000003,4.9022898821977146,0.45909073022228,0.45909073022228,-7.9,7
340,CO[C@@H]1[C@@H](OC(=O)c2ccc(C)[nH]2)[C@@H](O)[C@H](Oc2ccc3c(O)c(C(O)CO[C@@H]4O[C@H](CN)[C@@H](O)[C@@H]4O)c(=O)oc3c2C)OC1(C)C,True,0.0141400000000009,47.0,664.6610000000002,5.207733756661815,0.4346473660544153,0.4346473660544153,-7.7,7
915,CO[C@@H]1[C@@H](OC(=O)c2ccc(C)[nH]2)[C@@H](O)[C@H](Oc2ccc3c(O)c(COc4ccccc4CO)c(=O)oc3c2C)OC1(C)C,True,3.630040000000002,44.0,609.6280000000002,4.392577448864023,0.6221694892385315,0.6221694892385315,-7.6,7
602,CO[C@@H]1[C@@H](OC(=O)c2ccc(C)[nH]2)[C@@H](O)[C@H](Oc2ccc3c(O)c(Cn4cc(N)cn4)c(=O)oc3c2C)OC1(C)C,True,2.38574,41.0,568.5830000000002,4.534804634245777,0.5415640568416098,0.5415640568416098,-7.5,7
38,C#CCNC(=O)CNc1c(O)c2ccc(O[C@@H]3OC(C)(C)[C@H](OC)[C@@H](OC(=O)c4ccc(C)[nH]4)[C@H]3O)c(C)c2oc1=O,True,1.7200399999999998,42.0,583.5940000000003,4.591638794912065,0.5392261986461794,0.5392261986461794,-7.7,7
826,CO[C@@H]1[C@@H](OC(=O)c2ccc(C)[nH]2)[C@@H](O)[C@H](Oc2ccc3c(O)c(C(C)(O)C(=O)C(N)CO)c(=O)oc3c2C)OC1(C)C,True,0.6549399999999995,43.0,604.6090000000002,5.004126473701204,0.5009632154239165,0.5009632154239165,-6.8,7
484,CO[C@@H]1[C@@H](OC(=O)c2ccc(C)[nH]2)[C@@H](O)[C@H](Oc2ccc3c(O)c(CNC(=O)CC(=O)NCCCCN)c(=O)oc3c2C)OC1(C)C,True,1.420140000000001,47.0,658.7050000000002,4.546328572593977,0.453326446876437,0.453326446876437,-7.7,7
228,CO[C@@H]1[C@@H](OC(=O)c2ccc(C)[nH]2)[C@@H](O)[C@H](Oc2ccc3c(O)c(C(F)CF)c(=O)oc3c2C)OC1(C)C,True,3.538840000000002,38.0,537.5120000000003,4.721584673541996,0.6994811980809361,0.6994811980809361,-6.9,7
109,COc1ccccc1CNc1c(O)c2ccc(O[C@@H]3OC(C)(C)[C@H](OC)[C@@H](OC(=O)c4ccc(C)[nH]4)[C@H]3O)c(C)c2oc1=O,True,4.179440000000003,44.0,608.6440000000001,4.364104308889241,0.5910862175608205,0.5910862175608205,-8.6,7
150,CO[C@@H]1[C@@H](OC(=O)c2ccc(C)[nH]2)[C@@H](O)[C@H](Oc2ccc3c(O)c(COC(=O)CCc4ccccc4)c(=O)oc3c2C)OC1(C)C,True,4.234740000000003,46.0,635.6660000000002,4.362208429016387,0.5437014247203723,0.5437014247203723,-8.8,7
40,CO[C@@H]1[C@@H](OC(=O)c2ccc(C)[nH]2)[C@@H](O)[C@H](Oc2ccc3c(O)c(NCCN=O)c(=O)oc3c2C)OC1(C)C,True,2.7370400000000004,39.0,545.5450000000003,4.632289813641,0.7668076528430829,0.7668076528430829,-6.4,7
167,CO[C@@H]1[C@@H](OC(=O)c2ccc(C)[nH]2)[C@@H](O)[C@H](Oc2ccc3c(O)c(C(N)=C(C#N)CO)c(=O)oc3c2C)OC1(C)C,True,1.74442,41.0,569.5670000000002,4.759883927017105,0.5420992015741524,0.5420992015741524,-6.1,7
279,CO[C@@H]1[C@@H](OC(=O)c2ccc(C)[nH]2)[C@@H](O)[C@H](Oc2ccc3c(O)c(NCS(C)(=O)=O)c(=O)oc3c2C)OC1(C)C,True,1.97274,40.0,580.6120000000002,4.564315619007784,0.5495081534726871,0.5495081534726871,-6.3,7
200,CO[C@@H]1[C@@H](OC(=O)c2ccc(C)[nH]2)[C@@H](O)[C@H](Oc2ccc3c(O)c(CS(=O)(=O)N(C)CCN)c(=O)oc3c2C)OC1(C)C,True,1.2790400000000006,43.0,623.6810000000002,4.629795808685297,0.4851693980117003,0.4851693980117003,-7.2,7
63,CO[C@@H]1[C@@H](OC(=O)c2ccc(C)[nH]2)[C@@H](O)[C@H](Oc2ccc3c(O)c(S(=O)(=O)NCC(O)CCN)c(=O)oc3c2C)OC1(C)C,True,0.5467400000000009,44.0,639.6800000000002,4.780799552682886,0.4657841749829144,0.4657841749829144,-7.5,7
108,COCCCNC(=O)CCc1c(O)c2ccc(O[C@@H]3OC(C)(C)[C@H](OC)[C@@H](OC(=O)c4ccc(C)[nH]4)[C@H]3O)c(C)c2oc1=O,True,2.6440399999999995,44.0,616.6640000000003,4.424992953329749,0.6947740697132276,0.6947740697132276,-7.1,7
957,CO[C@@H]1[C@@H](OC(=O)c2ccc(C)[nH]2)[C@@H](O)[C@H](Oc2ccc3c(O)c(CC(N)(F)CO)c(=O)oc3c2C)OC1(C)C,True,1.7180399999999991,40.0,564.5630000000002,4.819319139176289,0.5461285103470103,0.5461285103470103,-6.7,7
37,C#CC1(c2c(O)c3ccc(O[C@@H]4OC(C)(C)[C@H](OC)[C@@H](OC(=O)c5ccc(C)[nH]5)[C@H]4O)c(C)c3oc2=O)CC1N,True,2.16074,40.0,552.5800000000002,5.009799309434063,0.5493210909608602,0.5493210909608602,-7.9,7
173,CO[C@@H]1[C@@H](OC(=O)c2ccc(C)[nH]2)[C@@H](O)[C@H](Oc2ccc3c(O)c(CN(C)S(=O)(=O)NCCN)c(=O)oc3c2C)OC1(C)C,True,0.7836400000000014,44.0,638.6960000000001,4.672399663197422,0.4702381675778601,0.4702381675778601,-7.6,7
